In file included from [01m[K/opt/ros/humble/src/gtest_vendor/include/gtest/gtest.h:62[m[K,
                 from [01m[K/home/carbs/hdvio2.0/eigen_checks/include/eigen-checks/entrypoint.h:29[m[K,
                 from [01m[K/home/carbs/hdvio2.0/eigen_checks/test/test_glog-equal.cc:25[m[K:
[01m[K/home/carbs/hdvio2.0/eigen_checks/test/test_glog-equal.cc:[m[K In member function ‘[01m[Kvirtual void EigenChecks_EigenMatrixEqualGLog_Matrix_NonEqualRandom_Test<gtest_TypeParam_>::TestBody()[m[K’:
[01m[K/home/carbs/hdvio2.0/eigen_checks/include/eigen-checks/glog.h:42:7:[m[K [01;31m[Kerror: [m[Kexpected primary-expression before ‘[01m[Kresult_38[m[K’
   42 |       [01;31m[Kresult_[m[K, __LINE__) = (X);                                              \
      |       [01;31m[K^~~~~~~[m[K
[01m[K/home/carbs/hdvio2.0/eigen_checks/test/test_glog-equal.cc:37:3:[m[K [01;36m[Knote: [m[Kin expansion of macro ‘[01m[KGLOG_TEST_EXPECT_DEATH_DIFFERENT_DATA[m[K’
   37 |   [01;36m[KGLOG_TEST_EXPECT_DEATH_DIFFERENT_DATA[m[K(
      |   [01;36m[K^~~~~~~~~~~~~~~~~~~~~~~~~~~~~~~~~~~~~[m[K
[01m[K/home/carbs/hdvio2.0/eigen_checks/include/eigen-checks/glog.h:38:3:[m[K [01;36m[Knote: [m[Kin expansion of macro ‘[01m[KINTERNAL_EIGEN_CHECKS_LOCAL_UNIQUE_VAR[m[K’
   38 |   [01;36m[KINTERNAL_EIGEN_CHECKS_LOCAL_UNIQUE_VAR[m[K(var, line)
      |   [01;36m[K^~~~~~~~~~~~~~~~~~~~~~~~~~~~~~~~~~~~~~[m[K
[01m[K/home/carbs/hdvio2.0/eigen_checks/include/eigen-checks/glog.h:41:30:[m[K [01;36m[Knote: [m[Kin expansion of macro ‘[01m[KINTERNAL_EIGEN_CHECKS_MAKE_VAR[m[K’
   41 |   ::testing::AssertionResult [01;36m[KINTERNAL_EIGEN_CHECKS_MAKE_VAR[m[K(                 \
      |                              [01;36m[K^~~~~~~~~~~~~~~~~~~~~~~~~~~~~~[m[K
[01m[K/home/carbs/hdvio2.0/eigen_checks/include/eigen-checks/glog.h:47:3:[m[K [01;36m[Knote: [m[Kin expansion of macro ‘[01m[KINTERNAL_EIGEN_CHECKS_MAKE_GLOG_CHECK[m[K’
   47 |   [01;36m[KINTERNAL_EIGEN_CHECKS_MAKE_GLOG_CHECK[m[K(                                     \
      |   [01;36m[K^~~~~~~~~~~~~~~~~~~~~~~~~~~~~~~~~~~~~[m[K
[01m[K/home/carbs/hdvio2.0/eigen_checks/test/test_glog-equal.cc:38:7:[m[K [01;36m[Knote: [m[Kin expansion of macro ‘[01m[KCHECK_EIGEN_MATRIX_EQUAL[m[K’
   38 |       [01;36m[KCHECK_EIGEN_MATRIX_EQUAL[m[K(this->ground_truth_matrix_54,
      |       [01;36m[K^~~~~~~~~~~~~~~~~~~~~~~~[m[K
[01m[K/home/carbs/hdvio2.0/eigen_checks/include/eigen-checks/glog.h:42:7:[m[K [01;31m[Kerror: [m[Kexpected ‘[01m[K)[m[K’ before ‘[01m[Kresult_38[m[K’
   42 |       [01;31m[Kresult_[m[K, __LINE__) = (X);                                              \
      |       [01;31m[K^~~~~~~[m[K
[01m[K/home/carbs/hdvio2.0/eigen_checks/test/test_glog-equal.cc:37:3:[m[K [01;36m[Knote: [m[Kin expansion of macro ‘[01m[KGLOG_TEST_EXPECT_DEATH_DIFFERENT_DATA[m[K’
   37 |   [01;36m[KGLOG_TEST_EXPECT_DEATH_DIFFERENT_DATA[m[K(
      |   [01;36m[K^~~~~~~~~~~~~~~~~~~~~~~~~~~~~~~~~~~~~[m[K
[01m[K/home/carbs/hdvio2.0/eigen_checks/include/eigen-checks/glog.h:38:3:[m[K [01;36m[Knote: [m[Kin expansion of macro ‘[01m[KINTERNAL_EIGEN_CHECKS_LOCAL_UNIQUE_VAR[m[K’
   38 |   [01;36m[KINTERNAL_EIGEN_CHECKS_LOCAL_UNIQUE_VAR[m[K(var, line)
      |   [01;36m[K^~~~~~~~~~~~~~~~~~~~~~~~~~~~~~~~~~~~~~[m[K
[01m[K/home/carbs/hdvio2.0/eigen_checks/include/eigen-checks/glog.h:41:30:[m[K [01;36m[Knote: [m[Kin expansion of macro ‘[01m[KINTERNAL_EIGEN_CHECKS_MAKE_VAR[m[K’
   41 |   ::testing::AssertionResult [01;36m[KINTERNAL_EIGEN_CHECKS_MAKE_VAR[m[K(                 \
      |                              [01;36m[K^~~~~~~~~~~~~~~~~~~~~~~~~~~~~~[m[K
[01m[K/home/carbs/hdvio2.0/eigen_checks/include/eigen-checks/glog.h:47:3:[m[K [01;36m[Knote: [m[Kin expansion of macro ‘[01m[KINTERNAL_EIGEN_CHECKS_MAKE_GLOG_CHECK[m[K’
   47 |   [01;36m[KINTERNAL_EIGEN_CHECKS_MAKE_GLOG_CHECK[m[K(                                     \
      |   [01;36m[K^~~~~~~~~~~~~~~~~~~~~~~~~~~~~~~~~~~~~[m[K
[01m[K/home/carbs/hdvio2.0/eigen_checks/test/test_glog-equal.cc:38:7:[m[K [01;36m[Knote: [m[Kin expansion of macro ‘[01m[KCHECK_EIGEN_MATRIX_EQUAL[m[K’
   38 |       [01;36m[KCHECK_EIGEN_MATRIX_EQUAL[m[K(this->ground_truth_matrix_54,
      |       [01;36m[K^~~~~~~~~~~~~~~~~~~~~~~~[m[K
[01m[K/home/carbs/hdvio2.0/eigen_checks/test/test_helper.h:136:16:[m[K [01;36m[Knote: [m[Kto match this ‘[01m[K([m[K’
  136 |   EXPECT_DEATH([01;36m[K([m[KX), "^")  // ^The matrices are different$
      |                [01;36m[K^[m[K
[01m[K/home/carbs/hdvio2.0/eigen_checks/test/test_glog-equal.cc:37:3:[m[K [01;36m[Knote: [m[Kin expansion of macro ‘[01m[KGLOG_TEST_EXPECT_DEATH_DIFFERENT_DATA[m[K’
   37 |   [01;36m[KGLOG_TEST_EXPECT_DEATH_DIFFERENT_DATA[m[K(
      |   [01;36m[K^~~~~~~~~~~~~~~~~~~~~~~~~~~~~~~~~~~~~[m[K
[01m[K/home/carbs/hdvio2.0/eigen_checks/include/eigen-checks/glog.h:43:58:[m[K [01;31m[Kerror: [m[K‘[01m[Kresult_38[m[K’ was not declared in this scope
   43 |   CHECK(static_cast<bool>(INTERNAL_EIGEN_CHECKS_MAKE_VAR([01;31m[Kresult_[m[K, __LINE__)))\
      |                                                          [01;31m[K^~~~~~~[m[K
[01m[K/home/carbs/hdvio2.0/eigen_checks/test/test_glog-equal.cc:37:3:[m[K [01;36m[Knote: [m[Kin expansion of macro ‘[01m[KGLOG_TEST_EXPECT_DEATH_DIFFERENT_DATA[m[K’
   37 |   [01;36m[KGLOG_TEST_EXPECT_DEATH_DIFFERENT_DATA[m[K(
      |   [01;36m[K^~~~~~~~~~~~~~~~~~~~~~~~~~~~~~~~~~~~~[m[K
[01m[K/home/carbs/hdvio2.0/eigen_checks/include/eigen-checks/glog.h:38:3:[m[K [01;36m[Knote: [m[Kin expansion of macro ‘[01m[KINTERNAL_EIGEN_CHECKS_LOCAL_UNIQUE_VAR[m[K’
   38 |   [01;36m[KINTERNAL_EIGEN_CHECKS_LOCAL_UNIQUE_VAR[m[K(var, line)
      |   [01;36m[K^~~~~~~~~~~~~~~~~~~~~~~~~~~~~~~~~~~~~~[m[K
[01m[K/home/carbs/hdvio2.0/eigen_checks/include/eigen-checks/glog.h:43:27:[m[K [01;36m[Knote: [m[Kin expansion of macro ‘[01m[KINTERNAL_EIGEN_CHECKS_MAKE_VAR[m[K’
   43 |   CHECK(static_cast<bool>([01;36m[KINTERNAL_EIGEN_CHECKS_MAKE_VAR[m[K(result_, __LINE__)))\
      |                           [01;36m[K^~~~~~~~~~~~~~~~~~~~~~~~~~~~~~[m[K
[01m[K/home/carbs/hdvio2.0/eigen_checks/include/eigen-checks/glog.h:47:3:[m[K [01;36m[Knote: [m[Kin expansion of macro ‘[01m[KINTERNAL_EIGEN_CHECKS_MAKE_GLOG_CHECK[m[K’
   47 |   [01;36m[KINTERNAL_EIGEN_CHECKS_MAKE_GLOG_CHECK[m[K(                                     \
      |   [01;36m[K^~~~~~~~~~~~~~~~~~~~~~~~~~~~~~~~~~~~~[m[K
[01m[K/home/carbs/hdvio2.0/eigen_checks/test/test_glog-equal.cc:38:7:[m[K [01;36m[Knote: [m[Kin expansion of macro ‘[01m[KCHECK_EIGEN_MATRIX_EQUAL[m[K’
   38 |       [01;36m[KCHECK_EIGEN_MATRIX_EQUAL[m[K(this->ground_truth_matrix_54,
      |       [01;36m[K^~~~~~~~~~~~~~~~~~~~~~~~[m[K
[01m[K/home/carbs/hdvio2.0/eigen_checks/test/test_glog-equal.cc:[m[K In member function ‘[01m[Kvirtual void EigenChecks_EigenMatrixEqualGLog_Matrix_OtherSize_Test<gtest_TypeParam_>::TestBody()[m[K’:
[01m[K/home/carbs/hdvio2.0/eigen_checks/include/eigen-checks/glog.h:42:7:[m[K [01;31m[Kerror: [m[Kexpected primary-expression before ‘[01m[Kresult_44[m[K’
   42 |       [01;31m[Kresult_[m[K, __LINE__) = (X);                                              \
      |       [01;31m[K^~~~~~~[m[K
[01m[K/home/carbs/hdvio2.0/eigen_checks/test/test_glog-equal.cc:43:3:[m[K [01;36m[Knote: [m[Kin expansion of macro ‘[01m[KGLOG_TEST_EXPECT_DEATH_DIFFERENT_SIZE[m[K’
   43 |   [01;36m[KGLOG_TEST_EXPECT_DEATH_DIFFERENT_SIZE[m[K(
      |   [01;36m[K^~~~~~~~~~~~~~~~~~~~~~~~~~~~~~~~~~~~~[m[K
[01m[K/home/carbs/hdvio2.0/eigen_checks/include/eigen-checks/glog.h:38:3:[m[K [01;36m[Knote: [m[Kin expansion of macro ‘[01m[KINTERNAL_EIGEN_CHECKS_LOCAL_UNIQUE_VAR[m[K’
   38 |   [01;36m[KINTERNAL_EIGEN_CHECKS_LOCAL_UNIQUE_VAR[m[K(var, line)
      |   [01;36m[K^~~~~~~~~~~~~~~~~~~~~~~~~~~~~~~~~~~~~~[m[K
[01m[K/home/carbs/hdvio2.0/eigen_checks/include/eigen-checks/glog.h:41:30:[m[K [01;36m[Knote: [m[Kin expansion of macro ‘[01m[KINTERNAL_EIGEN_CHECKS_MAKE_VAR[m[K’
   41 |   ::testing::AssertionResult [01;36m[KINTERNAL_EIGEN_CHECKS_MAKE_VAR[m[K(                 \
      |                              [01;36m[K^~~~~~~~~~~~~~~~~~~~~~~~~~~~~~[m[K
[01m[K/home/carbs/hdvio2.0/eigen_checks/include/eigen-checks/glog.h:47:3:[m[K [01;36m[Knote: [m[Kin expansion of macro ‘[01m[KINTERNAL_EIGEN_CHECKS_MAKE_GLOG_CHECK[m[K’
   47 |   [01;36m[KINTERNAL_EIGEN_CHECKS_MAKE_GLOG_CHECK[m[K(                                     \
      |   [01;36m[K^~~~~~~~~~~~~~~~~~~~~~~~~~~~~~~~~~~~~[m[K
[01m[K/home/carbs/hdvio2.0/eigen_checks/test/test_glog-equal.cc:44:7:[m[K [01;36m[Knote: [m[Kin expansion of macro ‘[01m[KCHECK_EIGEN_MATRIX_EQUAL[m[K’
   44 |       [01;36m[KCHECK_EIGEN_MATRIX_EQUAL[m[K(this->ground_truth_matrix_54,
      |       [01;36m[K^~~~~~~~~~~~~~~~~~~~~~~~[m[K
[01m[K/home/carbs/hdvio2.0/eigen_checks/include/eigen-checks/glog.h:42:7:[m[K [01;31m[Kerror: [m[Kexpected ‘[01m[K)[m[K’ before ‘[01m[Kresult_44[m[K’
   42 |       [01;31m[Kresult_[m[K, __LINE__) = (X);                                              \
      |       [01;31m[K^~~~~~~[m[K
[01m[K/home/carbs/hdvio2.0/eigen_checks/test/test_glog-equal.cc:43:3:[m[K [01;36m[Knote: [m[Kin expansion of macro ‘[01m[KGLOG_TEST_EXPECT_DEATH_DIFFERENT_SIZE[m[K’
   43 |   [01;36m[KGLOG_TEST_EXPECT_DEATH_DIFFERENT_SIZE[m[K(
      |   [01;36m[K^~~~~~~~~~~~~~~~~~~~~~~~~~~~~~~~~~~~~[m[K
[01m[K/home/carbs/hdvio2.0/eigen_checks/include/eigen-checks/glog.h:38:3:[m[K [01;36m[Knote: [m[Kin expansion of macro ‘[01m[KINTERNAL_EIGEN_CHECKS_LOCAL_UNIQUE_VAR[m[K’
   38 |   [01;36m[KINTERNAL_EIGEN_CHECKS_LOCAL_UNIQUE_VAR[m[K(var, line)
      |   [01;36m[K^~~~~~~~~~~~~~~~~~~~~~~~~~~~~~~~~~~~~~[m[K
[01m[K/home/carbs/hdvio2.0/eigen_checks/include/eigen-checks/glog.h:41:30:[m[K [01;36m[Knote: [m[Kin expansion of macro ‘[01m[KINTERNAL_EIGEN_CHECKS_MAKE_VAR[m[K’
   41 |   ::testing::AssertionResult [01;36m[KINTERNAL_EIGEN_CHECKS_MAKE_VAR[m[K(                 \
      |                              [01;36m[K^~~~~~~~~~~~~~~~~~~~~~~~~~~~~~[m[K
[01m[K/home/carbs/hdvio2.0/eigen_checks/include/eigen-checks/glog.h:47:3:[m[K [01;36m[Knote: [m[Kin expansion of macro ‘[01m[KINTERNAL_EIGEN_CHECKS_MAKE_GLOG_CHECK[m[K’
   47 |   [01;36m[KINTERNAL_EIGEN_CHECKS_MAKE_GLOG_CHECK[m[K(                                     \
      |   [01;36m[K^~~~~~~~~~~~~~~~~~~~~~~~~~~~~~~~~~~~~[m[K
[01m[K/home/carbs/hdvio2.0/eigen_checks/test/test_glog-equal.cc:44:7:[m[K [01;36m[Knote: [m[Kin expansion of macro ‘[01m[KCHECK_EIGEN_MATRIX_EQUAL[m[K’
   44 |       [01;36m[KCHECK_EIGEN_MATRIX_EQUAL[m[K(this->ground_truth_matrix_54,
      |       [01;36m[K^~~~~~~~~~~~~~~~~~~~~~~~[m[K
[01m[K/home/carbs/hdvio2.0/eigen_checks/test/test_helper.h:133:16:[m[K [01;36m[Knote: [m[Kto match this ‘[01m[K([m[K’
  133 |   EXPECT_DEATH([01;36m[K([m[KX), "^")  // ^The matrices have a different$
      |                [01;36m[K^[m[K
[01m[K/home/carbs/hdvio2.0/eigen_checks/test/test_glog-equal.cc:43:3:[m[K [01;36m[Knote: [m[Kin expansion of macro ‘[01m[KGLOG_TEST_EXPECT_DEATH_DIFFERENT_SIZE[m[K’
   43 |   [01;36m[KGLOG_TEST_EXPECT_DEATH_DIFFERENT_SIZE[m[K(
      |   [01;36m[K^~~~~~~~~~~~~~~~~~~~~~~~~~~~~~~~~~~~~[m[K
[01m[K/home/carbs/hdvio2.0/eigen_checks/include/eigen-checks/glog.h:43:58:[m[K [01;31m[Kerror: [m[K‘[01m[Kresult_44[m[K’ was not declared in this scope
   43 |   CHECK(static_cast<bool>(INTERNAL_EIGEN_CHECKS_MAKE_VAR([01;31m[Kresult_[m[K, __LINE__)))\
      |                                                          [01;31m[K^~~~~~~[m[K
[01m[K/home/carbs/hdvio2.0/eigen_checks/test/test_glog-equal.cc:43:3:[m[K [01;36m[Knote: [m[Kin expansion of macro ‘[01m[KGLOG_TEST_EXPECT_DEATH_DIFFERENT_SIZE[m[K’
   43 |   [01;36m[KGLOG_TEST_EXPECT_DEATH_DIFFERENT_SIZE[m[K(
      |   [01;36m[K^~~~~~~~~~~~~~~~~~~~~~~~~~~~~~~~~~~~~[m[K
[01m[K/home/carbs/hdvio2.0/eigen_checks/include/eigen-checks/glog.h:38:3:[m[K [01;36m[Knote: [m[Kin expansion of macro ‘[01m[KINTERNAL_EIGEN_CHECKS_LOCAL_UNIQUE_VAR[m[K’
   38 |   [01;36m[KINTERNAL_EIGEN_CHECKS_LOCAL_UNIQUE_VAR[m[K(var, line)
      |   [01;36m[K^~~~~~~~~~~~~~~~~~~~~~~~~~~~~~~~~~~~~~[m[K
[01m[K/home/carbs/hdvio2.0/eigen_checks/include/eigen-checks/glog.h:43:27:[m[K [01;36m[Knote: [m[Kin expansion of macro ‘[01m[KINTERNAL_EIGEN_CHECKS_MAKE_VAR[m[K’
   43 |   CHECK(static_cast<bool>([01;36m[KINTERNAL_EIGEN_CHECKS_MAKE_VAR[m[K(result_, __LINE__)))\
      |                           [01;36m[K^~~~~~~~~~~~~~~~~~~~~~~~~~~~~~[m[K
[01m[K/home/carbs/hdvio2.0/eigen_checks/include/eigen-checks/glog.h:47:3:[m[K [01;36m[Knote: [m[Kin expansion of macro ‘[01m[KINTERNAL_EIGEN_CHECKS_MAKE_GLOG_CHECK[m[K’
   47 |   [01;36m[KINTERNAL_EIGEN_CHECKS_MAKE_GLOG_CHECK[m[K(                                     \
      |   [01;36m[K^~~~~~~~~~~~~~~~~~~~~~~~~~~~~~~~~~~~~[m[K
[01m[K/home/carbs/hdvio2.0/eigen_checks/test/test_glog-equal.cc:44:7:[m[K [01;36m[Knote: [m[Kin expansion of macro ‘[01m[KCHECK_EIGEN_MATRIX_EQUAL[m[K’
   44 |       [01;36m[KCHECK_EIGEN_MATRIX_EQUAL[m[K(this->ground_truth_matrix_54,
      |       [01;36m[K^~~~~~~~~~~~~~~~~~~~~~~~[m[K
[01m[K/home/carbs/hdvio2.0/eigen_checks/test/test_glog-equal.cc:[m[K In member function ‘[01m[Kvirtual void EigenChecks_EigenMatrixEqualGLog_Matrix_Near5_Test<gtest_TypeParam_>::TestBody()[m[K’:
[01m[K/home/carbs/hdvio2.0/eigen_checks/include/eigen-checks/glog.h:42:7:[m[K [01;31m[Kerror: [m[Kexpected primary-expression before ‘[01m[Kresult_50[m[K’
   42 |       [01;31m[Kresult_[m[K, __LINE__) = (X);                                              \
      |       [01;31m[K^~~~~~~[m[K
[01m[K/home/carbs/hdvio2.0/eigen_checks/test/test_glog-equal.cc:49:3:[m[K [01;36m[Knote: [m[Kin expansion of macro ‘[01m[KGLOG_TEST_EXPECT_DEATH_DIFFERENT_DATA[m[K’
   49 |   [01;36m[KGLOG_TEST_EXPECT_DEATH_DIFFERENT_DATA[m[K(
      |   [01;36m[K^~~~~~~~~~~~~~~~~~~~~~~~~~~~~~~~~~~~~[m[K
[01m[K/home/carbs/hdvio2.0/eigen_checks/include/eigen-checks/glog.h:38:3:[m[K [01;36m[Knote: [m[Kin expansion of macro ‘[01m[KINTERNAL_EIGEN_CHECKS_LOCAL_UNIQUE_VAR[m[K’
   38 |   [01;36m[KINTERNAL_EIGEN_CHECKS_LOCAL_UNIQUE_VAR[m[K(var, line)
      |   [01;36m[K^~~~~~~~~~~~~~~~~~~~~~~~~~~~~~~~~~~~~~[m[K
[01m[K/home/carbs/hdvio2.0/eigen_checks/include/eigen-checks/glog.h:41:30:[m[K [01;36m[Knote: [m[Kin expansion of macro ‘[01m[KINTERNAL_EIGEN_CHECKS_MAKE_VAR[m[K’
   41 |   ::testing::AssertionResult [01;36m[KINTERNAL_EIGEN_CHECKS_MAKE_VAR[m[K(                 \
      |                              [01;36m[K^~~~~~~~~~~~~~~~~~~~~~~~~~~~~~[m[K
[01m[K/home/carbs/hdvio2.0/eigen_checks/include/eigen-checks/glog.h:47:3:[m[K [01;36m[Knote: [m[Kin expansion of macro ‘[01m[KINTERNAL_EIGEN_CHECKS_MAKE_GLOG_CHECK[m[K’
   47 |   [01;36m[KINTERNAL_EIGEN_CHECKS_MAKE_GLOG_CHECK[m[K(                                     \
      |   [01;36m[K^~~~~~~~~~~~~~~~~~~~~~~~~~~~~~~~~~~~~[m[K
[01m[K/home/carbs/hdvio2.0/eigen_checks/test/test_glog-equal.cc:50:7:[m[K [01;36m[Knote: [m[Kin expansion of macro ‘[01m[KCHECK_EIGEN_MATRIX_EQUAL[m[K’
   50 |       [01;36m[KCHECK_EIGEN_MATRIX_EQUAL[m[K(this->ground_truth_matrix_54,
      |       [01;36m[K^~~~~~~~~~~~~~~~~~~~~~~~[m[K
[01m[K/home/carbs/hdvio2.0/eigen_checks/include/eigen-checks/glog.h:42:7:[m[K [01;31m[Kerror: [m[Kexpected ‘[01m[K)[m[K’ before ‘[01m[Kresult_50[m[K’
   42 |       [01;31m[Kresult_[m[K, __LINE__) = (X);                                              \
      |       [01;31m[K^~~~~~~[m[K
[01m[K/home/carbs/hdvio2.0/eigen_checks/test/test_glog-equal.cc:49:3:[m[K [01;36m[Knote: [m[Kin expansion of macro ‘[01m[KGLOG_TEST_EXPECT_DEATH_DIFFERENT_DATA[m[K’
   49 |   [01;36m[KGLOG_TEST_EXPECT_DEATH_DIFFERENT_DATA[m[K(
      |   [01;36m[K^~~~~~~~~~~~~~~~~~~~~~~~~~~~~~~~~~~~~[m[K
[01m[K/home/carbs/hdvio2.0/eigen_checks/include/eigen-checks/glog.h:38:3:[m[K [01;36m[Knote: [m[Kin expansion of macro ‘[01m[KINTERNAL_EIGEN_CHECKS_LOCAL_UNIQUE_VAR[m[K’
   38 |   [01;36m[KINTERNAL_EIGEN_CHECKS_LOCAL_UNIQUE_VAR[m[K(var, line)
      |   [01;36m[K^~~~~~~~~~~~~~~~~~~~~~~~~~~~~~~~~~~~~~[m[K
[01m[K/home/carbs/hdvio2.0/eigen_checks/include/eigen-checks/glog.h:41:30:[m[K [01;36m[Knote: [m[Kin expansion of macro ‘[01m[KINTERNAL_EIGEN_CHECKS_MAKE_VAR[m[K’
   41 |   ::testing::AssertionResult [01;36m[KINTERNAL_EIGEN_CHECKS_MAKE_VAR[m[K(                 \
      |                              [01;36m[K^~~~~~~~~~~~~~~~~~~~~~~~~~~~~~[m[K
[01m[K/home/carbs/hdvio2.0/eigen_checks/include/eigen-checks/glog.h:47:3:[m[K [01;36m[Knote: [m[Kin expansion of macro ‘[01m[KINTERNAL_EIGEN_CHECKS_MAKE_GLOG_CHECK[m[K’
   47 |   [01;36m[KINTERNAL_EIGEN_CHECKS_MAKE_GLOG_CHECK[m[K(                                     \
      |   [01;36m[K^~~~~~~~~~~~~~~~~~~~~~~~~~~~~~~~~~~~~[m[K
[01m[K/home/carbs/hdvio2.0/eigen_checks/test/test_glog-equal.cc:50:7:[m[K [01;36m[Knote: [m[Kin expansion of macro ‘[01m[KCHECK_EIGEN_MATRIX_EQUAL[m[K’
   50 |       [01;36m[KCHECK_EIGEN_MATRIX_EQUAL[m[K(this->ground_truth_matrix_54,
      |       [01;36m[K^~~~~~~~~~~~~~~~~~~~~~~~[m[K
[01m[K/home/carbs/hdvio2.0/eigen_checks/test/test_helper.h:136:16:[m[K [01;36m[Knote: [m[Kto match this ‘[01m[K([m[K’
  136 |   EXPECT_DEATH([01;36m[K([m[KX), "^")  // ^The matrices are different$
      |                [01;36m[K^[m[K
[01m[K/home/carbs/hdvio2.0/eigen_checks/test/test_glog-equal.cc:49:3:[m[K [01;36m[Knote: [m[Kin expansion of macro ‘[01m[KGLOG_TEST_EXPECT_DEATH_DIFFERENT_DATA[m[K’
   49 |   [01;36m[KGLOG_TEST_EXPECT_DEATH_DIFFERENT_DATA[m[K(
      |   [01;36m[K^~~~~~~~~~~~~~~~~~~~~~~~~~~~~~~~~~~~~[m[K
[01m[K/home/carbs/hdvio2.0/eigen_checks/include/eigen-checks/glog.h:43:58:[m[K [01;31m[Kerror: [m[K‘[01m[Kresult_50[m[K’ was not declared in this scope
   43 |   CHECK(static_cast<bool>(INTERNAL_EIGEN_CHECKS_MAKE_VAR([01;31m[Kresult_[m[K, __LINE__)))\
      |                                                          [01;31m[K^~~~~~~[m[K
[01m[K/home/carbs/hdvio2.0/eigen_checks/test/test_glog-equal.cc:49:3:[m[K [01;36m[Knote: [m[Kin expansion of macro ‘[01m[KGLOG_TEST_EXPECT_DEATH_DIFFERENT_DATA[m[K’
   49 |   [01;36m[KGLOG_TEST_EXPECT_DEATH_DIFFERENT_DATA[m[K(
      |   [01;36m[K^~~~~~~~~~~~~~~~~~~~~~~~~~~~~~~~~~~~~[m[K
[01m[K/home/carbs/hdvio2.0/eigen_checks/include/eigen-checks/glog.h:38:3:[m[K [01;36m[Knote: [m[Kin expansion of macro ‘[01m[KINTERNAL_EIGEN_CHECKS_LOCAL_UNIQUE_VAR[m[K’
   38 |   [01;36m[KINTERNAL_EIGEN_CHECKS_LOCAL_UNIQUE_VAR[m[K(var, line)
      |   [01;36m[K^~~~~~~~~~~~~~~~~~~~~~~~~~~~~~~~~~~~~~[m[K
[01m[K/home/carbs/hdvio2.0/eigen_checks/include/eigen-checks/glog.h:43:27:[m[K [01;36m[Knote: [m[Kin expansion of macro ‘[01m[KINTERNAL_EIGEN_CHECKS_MAKE_VAR[m[K’
   43 |   CHECK(static_cast<bool>([01;36m[KINTERNAL_EIGEN_CHECKS_MAKE_VAR[m[K(result_, __LINE__)))\
      |                           [01;36m[K^~~~~~~~~~~~~~~~~~~~~~~~~~~~~~[m[K
[01m[K/home/carbs/hdvio2.0/eigen_checks/include/eigen-checks/glog.h:47:3:[m[K [01;36m[Knote: [m[Kin expansion of macro ‘[01m[KINTERNAL_EIGEN_CHECKS_MAKE_GLOG_CHECK[m[K’
   47 |   [01;36m[KINTERNAL_EIGEN_CHECKS_MAKE_GLOG_CHECK[m[K(                                     \
      |   [01;36m[K^~~~~~~~~~~~~~~~~~~~~~~~~~~~~~~~~~~~~[m[K
[01m[K/home/carbs/hdvio2.0/eigen_checks/test/test_glog-equal.cc:50:7:[m[K [01;36m[Knote: [m[Kin expansion of macro ‘[01m[KCHECK_EIGEN_MATRIX_EQUAL[m[K’
   50 |       [01;36m[KCHECK_EIGEN_MATRIX_EQUAL[m[K(this->ground_truth_matrix_54,
      |       [01;36m[K^~~~~~~~~~~~~~~~~~~~~~~~[m[K
[01m[K/home/carbs/hdvio2.0/eigen_checks/test/test_glog-equal.cc:[m[K In member function ‘[01m[Kvirtual void EigenChecks_EigenMatrixEqualGLog_Vector_NonEqualRandom_Test<gtest_TypeParam_>::TestBody()[m[K’:
[01m[K/home/carbs/hdvio2.0/eigen_checks/include/eigen-checks/glog.h:42:7:[m[K [01;31m[Kerror: [m[Kexpected primary-expression before ‘[01m[Kresult_62[m[K’
   42 |       [01;31m[Kresult_[m[K, __LINE__) = (X);                                              \
      |       [01;31m[K^~~~~~~[m[K
[01m[K/home/carbs/hdvio2.0/eigen_checks/test/test_glog-equal.cc:61:3:[m[K [01;36m[Knote: [m[Kin expansion of macro ‘[01m[KGLOG_TEST_EXPECT_DEATH_DIFFERENT_DATA[m[K’
   61 |   [01;36m[KGLOG_TEST_EXPECT_DEATH_DIFFERENT_DATA[m[K(
      |   [01;36m[K^~~~~~~~~~~~~~~~~~~~~~~~~~~~~~~~~~~~~[m[K
[01m[K/home/carbs/hdvio2.0/eigen_checks/include/eigen-checks/glog.h:38:3:[m[K [01;36m[Knote: [m[Kin expansion of macro ‘[01m[KINTERNAL_EIGEN_CHECKS_LOCAL_UNIQUE_VAR[m[K’
   38 |   [01;36m[KINTERNAL_EIGEN_CHECKS_LOCAL_UNIQUE_VAR[m[K(var, line)
      |   [01;36m[K^~~~~~~~~~~~~~~~~~~~~~~~~~~~~~~~~~~~~~[m[K
[01m[K/home/carbs/hdvio2.0/eigen_checks/include/eigen-checks/glog.h:41:30:[m[K [01;36m[Knote: [m[Kin expansion of macro ‘[01m[KINTERNAL_EIGEN_CHECKS_MAKE_VAR[m[K’
   41 |   ::testing::AssertionResult [01;36m[KINTERNAL_EIGEN_CHECKS_MAKE_VAR[m[K(                 \
      |                              [01;36m[K^~~~~~~~~~~~~~~~~~~~~~~~~~~~~~[m[K
[01m[K/home/carbs/hdvio2.0/eigen_checks/include/eigen-checks/glog.h:47:3:[m[K [01;36m[Knote: [m[Kin expansion of macro ‘[01m[KINTERNAL_EIGEN_CHECKS_MAKE_GLOG_CHECK[m[K’
   47 |   [01;36m[KINTERNAL_EIGEN_CHECKS_MAKE_GLOG_CHECK[m[K(                                     \
      |   [01;36m[K^~~~~~~~~~~~~~~~~~~~~~~~~~~~~~~~~~~~~[m[K
[01m[K/home/carbs/hdvio2.0/eigen_checks/test/test_glog-equal.cc:62:7:[m[K [01;36m[Knote: [m[Kin expansion of macro ‘[01m[KCHECK_EIGEN_MATRIX_EQUAL[m[K’
   62 |       [01;36m[KCHECK_EIGEN_MATRIX_EQUAL[m[K(this->ground_truth_vector_5,
      |       [01;36m[K^~~~~~~~~~~~~~~~~~~~~~~~[m[K
[01m[K/home/carbs/hdvio2.0/eigen_checks/include/eigen-checks/glog.h:42:7:[m[K [01;31m[Kerror: [m[Kexpected ‘[01m[K)[m[K’ before ‘[01m[Kresult_62[m[K’
   42 |       [01;31m[Kresult_[m[K, __LINE__) = (X);                                              \
      |       [01;31m[K^~~~~~~[m[K
[01m[K/home/carbs/hdvio2.0/eigen_checks/test/test_glog-equal.cc:61:3:[m[K [01;36m[Knote: [m[Kin expansion of macro ‘[01m[KGLOG_TEST_EXPECT_DEATH_DIFFERENT_DATA[m[K’
   61 |   [01;36m[KGLOG_TEST_EXPECT_DEATH_DIFFERENT_DATA[m[K(
      |   [01;36m[K^~~~~~~~~~~~~~~~~~~~~~~~~~~~~~~~~~~~~[m[K
[01m[K/home/carbs/hdvio2.0/eigen_checks/include/eigen-checks/glog.h:38:3:[m[K [01;36m[Knote: [m[Kin expansion of macro ‘[01m[KINTERNAL_EIGEN_CHECKS_LOCAL_UNIQUE_VAR[m[K’
   38 |   [01;36m[KINTERNAL_EIGEN_CHECKS_LOCAL_UNIQUE_VAR[m[K(var, line)
      |   [01;36m[K^~~~~~~~~~~~~~~~~~~~~~~~~~~~~~~~~~~~~~[m[K
[01m[K/home/carbs/hdvio2.0/eigen_checks/include/eigen-checks/glog.h:41:30:[m[K [01;36m[Knote: [m[Kin expansion of macro ‘[01m[KINTERNAL_EIGEN_CHECKS_MAKE_VAR[m[K’
   41 |   ::testing::AssertionResult [01;36m[KINTERNAL_EIGEN_CHECKS_MAKE_VAR[m[K(                 \
      |                              [01;36m[K^~~~~~~~~~~~~~~~~~~~~~~~~~~~~~[m[K
[01m[K/home/carbs/hdvio2.0/eigen_checks/include/eigen-checks/glog.h:47:3:[m[K [01;36m[Knote: [m[Kin expansion of macro ‘[01m[KINTERNAL_EIGEN_CHECKS_MAKE_GLOG_CHECK[m[K’
   47 |   [01;36m[KINTERNAL_EIGEN_CHECKS_MAKE_GLOG_CHECK[m[K(                                     \
      |   [01;36m[K^~~~~~~~~~~~~~~~~~~~~~~~~~~~~~~~~~~~~[m[K
[01m[K/home/carbs/hdvio2.0/eigen_checks/test/test_glog-equal.cc:62:7:[m[K [01;36m[Knote: [m[Kin expansion of macro ‘[01m[KCHECK_EIGEN_MATRIX_EQUAL[m[K’
   62 |       [01;36m[KCHECK_EIGEN_MATRIX_EQUAL[m[K(this->ground_truth_vector_5,
      |       [01;36m[K^~~~~~~~~~~~~~~~~~~~~~~~[m[K
[01m[K/home/carbs/hdvio2.0/eigen_checks/test/test_helper.h:136:16:[m[K [01;36m[Knote: [m[Kto match this ‘[01m[K([m[K’
  136 |   EXPECT_DEATH([01;36m[K([m[KX), "^")  // ^The matrices are different$
      |                [01;36m[K^[m[K
[01m[K/home/carbs/hdvio2.0/eigen_checks/test/test_glog-equal.cc:61:3:[m[K [01;36m[Knote: [m[Kin expansion of macro ‘[01m[KGLOG_TEST_EXPECT_DEATH_DIFFERENT_DATA[m[K’
   61 |   [01;36m[KGLOG_TEST_EXPECT_DEATH_DIFFERENT_DATA[m[K(
      |   [01;36m[K^~~~~~~~~~~~~~~~~~~~~~~~~~~~~~~~~~~~~[m[K
[01m[K/home/carbs/hdvio2.0/eigen_checks/include/eigen-checks/glog.h:43:58:[m[K [01;31m[Kerror: [m[K‘[01m[Kresult_62[m[K’ was not declared in this scope
   43 |   CHECK(static_cast<bool>(INTERNAL_EIGEN_CHECKS_MAKE_VAR([01;31m[Kresult_[m[K, __LINE__)))\
      |                                                          [01;31m[K^~~~~~~[m[K
[01m[K/home/carbs/hdvio2.0/eigen_checks/test/test_glog-equal.cc:61:3:[m[K [01;36m[Knote: [m[Kin expansion of macro ‘[01m[KGLOG_TEST_EXPECT_DEATH_DIFFERENT_DATA[m[K’
   61 |   [01;36m[KGLOG_TEST_EXPECT_DEATH_DIFFERENT_DATA[m[K(
      |   [01;36m[K^~~~~~~~~~~~~~~~~~~~~~~~~~~~~~~~~~~~~[m[K
[01m[K/home/carbs/hdvio2.0/eigen_checks/include/eigen-checks/glog.h:38:3:[m[K [01;36m[Knote: [m[Kin expansion of macro ‘[01m[KINTERNAL_EIGEN_CHECKS_LOCAL_UNIQUE_VAR[m[K’
   38 |   [01;36m[KINTERNAL_EIGEN_CHECKS_LOCAL_UNIQUE_VAR[m[K(var, line)
      |   [01;36m[K^~~~~~~~~~~~~~~~~~~~~~~~~~~~~~~~~~~~~~[m[K
[01m[K/home/carbs/hdvio2.0/eigen_checks/include/eigen-checks/glog.h:43:27:[m[K [01;36m[Knote: [m[Kin expansion of macro ‘[01m[KINTERNAL_EIGEN_CHECKS_MAKE_VAR[m[K’
   43 |   CHECK(static_cast<bool>([01;36m[KINTERNAL_EIGEN_CHECKS_MAKE_VAR[m[K(result_, __LINE__)))\
      |                           [01;36m[K^~~~~~~~~~~~~~~~~~~~~~~~~~~~~~[m[K
[01m[K/home/carbs/hdvio2.0/eigen_checks/include/eigen-checks/glog.h:47:3:[m[K [01;36m[Knote: [m[Kin expansion of macro ‘[01m[KINTERNAL_EIGEN_CHECKS_MAKE_GLOG_CHECK[m[K’
   47 |   [01;36m[KINTERNAL_EIGEN_CHECKS_MAKE_GLOG_CHECK[m[K(                                     \
      |   [01;36m[K^~~~~~~~~~~~~~~~~~~~~~~~~~~~~~~~~~~~~[m[K
[01m[K/home/carbs/hdvio2.0/eigen_checks/test/test_glog-equal.cc:62:7:[m[K [01;36m[Knote: [m[Kin expansion of macro ‘[01m[KCHECK_EIGEN_MATRIX_EQUAL[m[K’
   62 |       [01;36m[KCHECK_EIGEN_MATRIX_EQUAL[m[K(this->ground_truth_vector_5,
      |       [01;36m[K^~~~~~~~~~~~~~~~~~~~~~~~[m[K
[01m[K/home/carbs/hdvio2.0/eigen_checks/test/test_glog-equal.cc:[m[K In member function ‘[01m[Kvirtual void EigenChecks_EigenMatrixEqualGLog_Vector_OtherSize_Test<gtest_TypeParam_>::TestBody()[m[K’:
[01m[K/home/carbs/hdvio2.0/eigen_checks/include/eigen-checks/glog.h:42:7:[m[K [01;31m[Kerror: [m[Kexpected primary-expression before ‘[01m[Kresult_68[m[K’
   42 |       [01;31m[Kresult_[m[K, __LINE__) = (X);                                              \
      |       [01;31m[K^~~~~~~[m[K
[01m[K/home/carbs/hdvio2.0/eigen_checks/test/test_glog-equal.cc:67:3:[m[K [01;36m[Knote: [m[Kin expansion of macro ‘[01m[KGLOG_TEST_EXPECT_DEATH_DIFFERENT_DATA[m[K’
   67 |   [01;36m[KGLOG_TEST_EXPECT_DEATH_DIFFERENT_DATA[m[K(
      |   [01;36m[K^~~~~~~~~~~~~~~~~~~~~~~~~~~~~~~~~~~~~[m[K
[01m[K/home/carbs/hdvio2.0/eigen_checks/include/eigen-checks/glog.h:38:3:[m[K [01;36m[Knote: [m[Kin expansion of macro ‘[01m[KINTERNAL_EIGEN_CHECKS_LOCAL_UNIQUE_VAR[m[K’
   38 |   [01;36m[KINTERNAL_EIGEN_CHECKS_LOCAL_UNIQUE_VAR[m[K(var, line)
      |   [01;36m[K^~~~~~~~~~~~~~~~~~~~~~~~~~~~~~~~~~~~~~[m[K
[01m[K/home/carbs/hdvio2.0/eigen_checks/include/eigen-checks/glog.h:41:30:[m[K [01;36m[Knote: [m[Kin expansion of macro ‘[01m[KINTERNAL_EIGEN_CHECKS_MAKE_VAR[m[K’
   41 |   ::testing::AssertionResult [01;36m[KINTERNAL_EIGEN_CHECKS_MAKE_VAR[m[K(                 \
      |                              [01;36m[K^~~~~~~~~~~~~~~~~~~~~~~~~~~~~~[m[K
[01m[K/home/carbs/hdvio2.0/eigen_checks/include/eigen-checks/glog.h:47:3:[m[K [01;36m[Knote: [m[Kin expansion of macro ‘[01m[KINTERNAL_EIGEN_CHECKS_MAKE_GLOG_CHECK[m[K’
   47 |   [01;36m[KINTERNAL_EIGEN_CHECKS_MAKE_GLOG_CHECK[m[K(                                     \
      |   [01;36m[K^~~~~~~~~~~~~~~~~~~~~~~~~~~~~~~~~~~~~[m[K
[01m[K/home/carbs/hdvio2.0/eigen_checks/test/test_glog-equal.cc:68:7:[m[K [01;36m[Knote: [m[Kin expansion of macro ‘[01m[KCHECK_EIGEN_MATRIX_EQUAL[m[K’
   68 |       [01;36m[KCHECK_EIGEN_MATRIX_EQUAL[m[K(this->ground_truth_vector_5,
      |       [01;36m[K^~~~~~~~~~~~~~~~~~~~~~~~[m[K
[01m[K/home/carbs/hdvio2.0/eigen_checks/include/eigen-checks/glog.h:42:7:[m[K [01;31m[Kerror: [m[Kexpected ‘[01m[K)[m[K’ before ‘[01m[Kresult_68[m[K’
   42 |       [01;31m[Kresult_[m[K, __LINE__) = (X);                                              \
      |       [01;31m[K^~~~~~~[m[K
[01m[K/home/carbs/hdvio2.0/eigen_checks/test/test_glog-equal.cc:67:3:[m[K [01;36m[Knote: [m[Kin expansion of macro ‘[01m[KGLOG_TEST_EXPECT_DEATH_DIFFERENT_DATA[m[K’
   67 |   [01;36m[KGLOG_TEST_EXPECT_DEATH_DIFFERENT_DATA[m[K(
      |   [01;36m[K^~~~~~~~~~~~~~~~~~~~~~~~~~~~~~~~~~~~~[m[K
[01m[K/home/carbs/hdvio2.0/eigen_checks/include/eigen-checks/glog.h:38:3:[m[K [01;36m[Knote: [m[Kin expansion of macro ‘[01m[KINTERNAL_EIGEN_CHECKS_LOCAL_UNIQUE_VAR[m[K’
   38 |   [01;36m[KINTERNAL_EIGEN_CHECKS_LOCAL_UNIQUE_VAR[m[K(var, line)
      |   [01;36m[K^~~~~~~~~~~~~~~~~~~~~~~~~~~~~~~~~~~~~~[m[K
[01m[K/home/carbs/hdvio2.0/eigen_checks/include/eigen-checks/glog.h:41:30:[m[K [01;36m[Knote: [m[Kin expansion of macro ‘[01m[KINTERNAL_EIGEN_CHECKS_MAKE_VAR[m[K’
   41 |   ::testing::AssertionResult [01;36m[KINTERNAL_EIGEN_CHECKS_MAKE_VAR[m[K(                 \
      |                              [01;36m[K^~~~~~~~~~~~~~~~~~~~~~~~~~~~~~[m[K
[01m[K/home/carbs/hdvio2.0/eigen_checks/include/eigen-checks/glog.h:47:3:[m[K [01;36m[Knote: [m[Kin expansion of macro ‘[01m[KINTERNAL_EIGEN_CHECKS_MAKE_GLOG_CHECK[m[K’
   47 |   [01;36m[KINTERNAL_EIGEN_CHECKS_MAKE_GLOG_CHECK[m[K(                                     \
      |   [01;36m[K^~~~~~~~~~~~~~~~~~~~~~~~~~~~~~~~~~~~~[m[K
[01m[K/home/carbs/hdvio2.0/eigen_checks/test/test_glog-equal.cc:68:7:[m[K [01;36m[Knote: [m[Kin expansion of macro ‘[01m[KCHECK_EIGEN_MATRIX_EQUAL[m[K’
   68 |       [01;36m[KCHECK_EIGEN_MATRIX_EQUAL[m[K(this->ground_truth_vector_5,
      |       [01;36m[K^~~~~~~~~~~~~~~~~~~~~~~~[m[K
[01m[K/home/carbs/hdvio2.0/eigen_checks/test/test_helper.h:136:16:[m[K [01;36m[Knote: [m[Kto match this ‘[01m[K([m[K’
  136 |   EXPECT_DEATH([01;36m[K([m[KX), "^")  // ^The matrices are different$
      |                [01;36m[K^[m[K
[01m[K/home/carbs/hdvio2.0/eigen_checks/test/test_glog-equal.cc:67:3:[m[K [01;36m[Knote: [m[Kin expansion of macro ‘[01m[KGLOG_TEST_EXPECT_DEATH_DIFFERENT_DATA[m[K’
   67 |   [01;36m[KGLOG_TEST_EXPECT_DEATH_DIFFERENT_DATA[m[K(
      |   [01;36m[K^~~~~~~~~~~~~~~~~~~~~~~~~~~~~~~~~~~~~[m[K
[01m[K/home/carbs/hdvio2.0/eigen_checks/include/eigen-checks/glog.h:43:58:[m[K [01;31m[Kerror: [m[K‘[01m[Kresult_68[m[K’ was not declared in this scope
   43 |   CHECK(static_cast<bool>(INTERNAL_EIGEN_CHECKS_MAKE_VAR([01;31m[Kresult_[m[K, __LINE__)))\
      |                                                          [01;31m[K^~~~~~~[m[K
[01m[K/home/carbs/hdvio2.0/eigen_checks/test/test_glog-equal.cc:67:3:[m[K [01;36m[Knote: [m[Kin expansion of macro ‘[01m[KGLOG_TEST_EXPECT_DEATH_DIFFERENT_DATA[m[K’
   67 |   [01;36m[KGLOG_TEST_EXPECT_DEATH_DIFFERENT_DATA[m[K(
      |   [01;36m[K^~~~~~~~~~~~~~~~~~~~~~~~~~~~~~~~~~~~~[m[K
[01m[K/home/carbs/hdvio2.0/eigen_checks/include/eigen-checks/glog.h:38:3:[m[K [01;36m[Knote: [m[Kin expansion of macro ‘[01m[KINTERNAL_EIGEN_CHECKS_LOCAL_UNIQUE_VAR[m[K’
   38 |   [01;36m[KINTERNAL_EIGEN_CHECKS_LOCAL_UNIQUE_VAR[m[K(var, line)
      |   [01;36m[K^~~~~~~~~~~~~~~~~~~~~~~~~~~~~~~~~~~~~~[m[K
[01m[K/home/carbs/hdvio2.0/eigen_checks/include/eigen-checks/glog.h:43:27:[m[K [01;36m[Knote: [m[Kin expansion of macro ‘[01m[KINTERNAL_EIGEN_CHECKS_MAKE_VAR[m[K’
   43 |   CHECK(static_cast<bool>([01;36m[KINTERNAL_EIGEN_CHECKS_MAKE_VAR[m[K(result_, __LINE__)))\
      |                           [01;36m[K^~~~~~~~~~~~~~~~~~~~~~~~~~~~~~[m[K
[01m[K/home/carbs/hdvio2.0/eigen_checks/include/eigen-checks/glog.h:47:3:[m[K [01;36m[Knote: [m[Kin expansion of macro ‘[01m[KINTERNAL_EIGEN_CHECKS_MAKE_GLOG_CHECK[m[K’
   47 |   [01;36m[KINTERNAL_EIGEN_CHECKS_MAKE_GLOG_CHECK[m[K(                                     \
      |   [01;36m[K^~~~~~~~~~~~~~~~~~~~~~~~~~~~~~~~~~~~~[m[K
[01m[K/home/carbs/hdvio2.0/eigen_checks/test/test_glog-equal.cc:68:7:[m[K [01;36m[Knote: [m[Kin expansion of macro ‘[01m[KCHECK_EIGEN_MATRIX_EQUAL[m[K’
   68 |       [01;36m[KCHECK_EIGEN_MATRIX_EQUAL[m[K(this->ground_truth_vector_5,
      |       [01;36m[K^~~~~~~~~~~~~~~~~~~~~~~~[m[K
[01m[K/home/carbs/hdvio2.0/eigen_checks/test/test_glog-equal.cc:[m[K In member function ‘[01m[Kvirtual void EigenChecks_EigenMatrixEqualGLog_Vector_Near5_Test<gtest_TypeParam_>::TestBody()[m[K’:
[01m[K/home/carbs/hdvio2.0/eigen_checks/include/eigen-checks/glog.h:42:7:[m[K [01;31m[Kerror: [m[Kexpected primary-expression before ‘[01m[Kresult_74[m[K’
   42 |       [01;31m[Kresult_[m[K, __LINE__) = (X);                                              \
      |       [01;31m[K^~~~~~~[m[K
[01m[K/home/carbs/hdvio2.0/eigen_checks/test/test_glog-equal.cc:73:3:[m[K [01;36m[Knote: [m[Kin expansion of macro ‘[01m[KGLOG_TEST_EXPECT_DEATH_DIFFERENT_DATA[m[K’
   73 |   [01;36m[KGLOG_TEST_EXPECT_DEATH_DIFFERENT_DATA[m[K(
      |   [01;36m[K^~~~~~~~~~~~~~~~~~~~~~~~~~~~~~~~~~~~~[m[K
[01m[K/home/carbs/hdvio2.0/eigen_checks/include/eigen-checks/glog.h:38:3:[m[K [01;36m[Knote: [m[Kin expansion of macro ‘[01m[KINTERNAL_EIGEN_CHECKS_LOCAL_UNIQUE_VAR[m[K’
   38 |   [01;36m[KINTERNAL_EIGEN_CHECKS_LOCAL_UNIQUE_VAR[m[K(var, line)
      |   [01;36m[K^~~~~~~~~~~~~~~~~~~~~~~~~~~~~~~~~~~~~~[m[K
[01m[K/home/carbs/hdvio2.0/eigen_checks/include/eigen-checks/glog.h:41:30:[m[K [01;36m[Knote: [m[Kin expansion of macro ‘[01m[KINTERNAL_EIGEN_CHECKS_MAKE_VAR[m[K’
   41 |   ::testing::AssertionResult [01;36m[KINTERNAL_EIGEN_CHECKS_MAKE_VAR[m[K(                 \
      |                              [01;36m[K^~~~~~~~~~~~~~~~~~~~~~~~~~~~~~[m[K
[01m[K/home/carbs/hdvio2.0/eigen_checks/include/eigen-checks/glog.h:47:3:[m[K [01;36m[Knote: [m[Kin expansion of macro ‘[01m[KINTERNAL_EIGEN_CHECKS_MAKE_GLOG_CHECK[m[K’
   47 |   [01;36m[KINTERNAL_EIGEN_CHECKS_MAKE_GLOG_CHECK[m[K(                                     \
      |   [01;36m[K^~~~~~~~~~~~~~~~~~~~~~~~~~~~~~~~~~~~~[m[K
[01m[K/home/carbs/hdvio2.0/eigen_checks/test/test_glog-equal.cc:74:7:[m[K [01;36m[Knote: [m[Kin expansion of macro ‘[01m[KCHECK_EIGEN_MATRIX_EQUAL[m[K’
   74 |       [01;36m[KCHECK_EIGEN_MATRIX_EQUAL[m[K(this->ground_truth_vector_5,
      |       [01;36m[K^~~~~~~~~~~~~~~~~~~~~~~~[m[K
[01m[K/home/carbs/hdvio2.0/eigen_checks/include/eigen-checks/glog.h:42:7:[m[K [01;31m[Kerror: [m[Kexpected ‘[01m[K)[m[K’ before ‘[01m[Kresult_74[m[K’
   42 |       [01;31m[Kresult_[m[K, __LINE__) = (X);                                              \
      |       [01;31m[K^~~~~~~[m[K
[01m[K/home/carbs/hdvio2.0/eigen_checks/test/test_glog-equal.cc:73:3:[m[K [01;36m[Knote: [m[Kin expansion of macro ‘[01m[KGLOG_TEST_EXPECT_DEATH_DIFFERENT_DATA[m[K’
   73 |   [01;36m[KGLOG_TEST_EXPECT_DEATH_DIFFERENT_DATA[m[K(
      |   [01;36m[K^~~~~~~~~~~~~~~~~~~~~~~~~~~~~~~~~~~~~[m[K
[01m[K/home/carbs/hdvio2.0/eigen_checks/include/eigen-checks/glog.h:38:3:[m[K [01;36m[Knote: [m[Kin expansion of macro ‘[01m[KINTERNAL_EIGEN_CHECKS_LOCAL_UNIQUE_VAR[m[K’
   38 |   [01;36m[KINTERNAL_EIGEN_CHECKS_LOCAL_UNIQUE_VAR[m[K(var, line)
      |   [01;36m[K^~~~~~~~~~~~~~~~~~~~~~~~~~~~~~~~~~~~~~[m[K
[01m[K/home/carbs/hdvio2.0/eigen_checks/include/eigen-checks/glog.h:41:30:[m[K [01;36m[Knote: [m[Kin expansion of macro ‘[01m[KINTERNAL_EIGEN_CHECKS_MAKE_VAR[m[K’
   41 |   ::testing::AssertionResult [01;36m[KINTERNAL_EIGEN_CHECKS_MAKE_VAR[m[K(                 \
      |                              [01;36m[K^~~~~~~~~~~~~~~~~~~~~~~~~~~~~~[m[K
[01m[K/home/carbs/hdvio2.0/eigen_checks/include/eigen-checks/glog.h:47:3:[m[K [01;36m[Knote: [m[Kin expansion of macro ‘[01m[KINTERNAL_EIGEN_CHECKS_MAKE_GLOG_CHECK[m[K’
   47 |   [01;36m[KINTERNAL_EIGEN_CHECKS_MAKE_GLOG_CHECK[m[K(                                     \
      |   [01;36m[K^~~~~~~~~~~~~~~~~~~~~~~~~~~~~~~~~~~~~[m[K
[01m[K/home/carbs/hdvio2.0/eigen_checks/test/test_glog-equal.cc:74:7:[m[K [01;36m[Knote: [m[Kin expansion of macro ‘[01m[KCHECK_EIGEN_MATRIX_EQUAL[m[K’
   74 |       [01;36m[KCHECK_EIGEN_MATRIX_EQUAL[m[K(this->ground_truth_vector_5,
      |       [01;36m[K^~~~~~~~~~~~~~~~~~~~~~~~[m[K
[01m[K/home/carbs/hdvio2.0/eigen_checks/test/test_helper.h:136:16:[m[K [01;36m[Knote: [m[Kto match this ‘[01m[K([m[K’
  136 |   EXPECT_DEATH([01;36m[K([m[KX), "^")  // ^The matrices are different$
      |                [01;36m[K^[m[K
[01m[K/home/carbs/hdvio2.0/eigen_checks/test/test_glog-equal.cc:73:3:[m[K [01;36m[Knote: [m[Kin expansion of macro ‘[01m[KGLOG_TEST_EXPECT_DEATH_DIFFERENT_DATA[m[K’
   73 |   [01;36m[KGLOG_TEST_EXPECT_DEATH_DIFFERENT_DATA[m[K(
      |   [01;36m[K^~~~~~~~~~~~~~~~~~~~~~~~~~~~~~~~~~~~~[m[K
[01m[K/home/carbs/hdvio2.0/eigen_checks/include/eigen-checks/glog.h:43:58:[m[K [01;31m[Kerror: [m[K‘[01m[Kresult_74[m[K’ was not declared in this scope
   43 |   CHECK(static_cast<bool>(INTERNAL_EIGEN_CHECKS_MAKE_VAR([01;31m[Kresult_[m[K, __LINE__)))\
      |                                                          [01;31m[K^~~~~~~[m[K
[01m[K/home/carbs/hdvio2.0/eigen_checks/test/test_glog-equal.cc:73:3:[m[K [01;36m[Knote: [m[Kin expansion of macro ‘[01m[KGLOG_TEST_EXPECT_DEATH_DIFFERENT_DATA[m[K’
   73 |   [01;36m[KGLOG_TEST_EXPECT_DEATH_DIFFERENT_DATA[m[K(
      |   [01;36m[K^~~~~~~~~~~~~~~~~~~~~~~~~~~~~~~~~~~~~[m[K
[01m[K/home/carbs/hdvio2.0/eigen_checks/include/eigen-checks/glog.h:38:3:[m[K [01;36m[Knote: [m[Kin expansion of macro ‘[01m[KINTERNAL_EIGEN_CHECKS_LOCAL_UNIQUE_VAR[m[K’
   38 |   [01;36m[KINTERNAL_EIGEN_CHECKS_LOCAL_UNIQUE_VAR[m[K(var, line)
      |   [01;36m[K^~~~~~~~~~~~~~~~~~~~~~~~~~~~~~~~~~~~~~[m[K
[01m[K/home/carbs/hdvio2.0/eigen_checks/include/eigen-checks/glog.h:43:27:[m[K [01;36m[Knote: [m[Kin expansion of macro ‘[01m[KINTERNAL_EIGEN_CHECKS_MAKE_VAR[m[K’
   43 |   CHECK(static_cast<bool>([01;36m[KINTERNAL_EIGEN_CHECKS_MAKE_VAR[m[K(result_, __LINE__)))\
      |                           [01;36m[K^~~~~~~~~~~~~~~~~~~~~~~~~~~~~~[m[K
[01m[K/home/carbs/hdvio2.0/eigen_checks/include/eigen-checks/glog.h:47:3:[m[K [01;36m[Knote: [m[Kin expansion of macro ‘[01m[KINTERNAL_EIGEN_CHECKS_MAKE_GLOG_CHECK[m[K’
   47 |   [01;36m[KINTERNAL_EIGEN_CHECKS_MAKE_GLOG_CHECK[m[K(                                     \
      |   [01;36m[K^~~~~~~~~~~~~~~~~~~~~~~~~~~~~~~~~~~~~[m[K
[01m[K/home/carbs/hdvio2.0/eigen_checks/test/test_glog-equal.cc:74:7:[m[K [01;36m[Knote: [m[Kin expansion of macro ‘[01m[KCHECK_EIGEN_MATRIX_EQUAL[m[K’
   74 |       [01;36m[KCHECK_EIGEN_MATRIX_EQUAL[m[K(this->ground_truth_vector_5,
      |       [01;36m[K^~~~~~~~~~~~~~~~~~~~~~~~[m[K
In file included from [01m[K/opt/ros/humble/src/gtest_vendor/include/gtest/gtest.h:62[m[K,
                 from [01m[K/home/carbs/hdvio2.0/eigen_checks/include/eigen-checks/entrypoint.h:29[m[K,
                 from [01m[K/home/carbs/hdvio2.0/eigen_checks/test/test_glog-near.cc:25[m[K:
[01m[K/home/carbs/hdvio2.0/eigen_checks/test/test_glog-near.cc:[m[K In member function ‘[01m[Kvirtual void EigenChecks_EigenMatrixNearGLog_Matrix_NonEqualRandom_Test<gtest_TypeParam_>::TestBody()[m[K’:
[01m[K/home/carbs/hdvio2.0/eigen_checks/include/eigen-checks/glog.h:42:7:[m[K [01;31m[Kerror: [m[Kexpected primary-expression before ‘[01m[Kresult_43[m[K’
   42 |       [01;31m[Kresult_[m[K, __LINE__) = (X);                                              \
      |       [01;31m[K^~~~~~~[m[K
[01m[K/home/carbs/hdvio2.0/eigen_checks/test/test_glog-near.cc:43:3:[m[K [01;36m[Knote: [m[Kin expansion of macro ‘[01m[KGLOG_TEST_EXPECT_DEATH_DIFFERENT_DATA[m[K’
   43 |   [01;36m[KGLOG_TEST_EXPECT_DEATH_DIFFERENT_DATA[m[K(CHECK_EIGEN_MATRIX_NEAR(
      |   [01;36m[K^~~~~~~~~~~~~~~~~~~~~~~~~~~~~~~~~~~~~[m[K
[01m[K/home/carbs/hdvio2.0/eigen_checks/include/eigen-checks/glog.h:38:3:[m[K [01;36m[Knote: [m[Kin expansion of macro ‘[01m[KINTERNAL_EIGEN_CHECKS_LOCAL_UNIQUE_VAR[m[K’
   38 |   [01;36m[KINTERNAL_EIGEN_CHECKS_LOCAL_UNIQUE_VAR[m[K(var, line)
      |   [01;36m[K^~~~~~~~~~~~~~~~~~~~~~~~~~~~~~~~~~~~~~[m[K
[01m[K/home/carbs/hdvio2.0/eigen_checks/include/eigen-checks/glog.h:41:30:[m[K [01;36m[Knote: [m[Kin expansion of macro ‘[01m[KINTERNAL_EIGEN_CHECKS_MAKE_VAR[m[K’
   41 |   ::testing::AssertionResult [01;36m[KINTERNAL_EIGEN_CHECKS_MAKE_VAR[m[K(                 \
      |                              [01;36m[K^~~~~~~~~~~~~~~~~~~~~~~~~~~~~~[m[K
[01m[K/home/carbs/hdvio2.0/eigen_checks/include/eigen-checks/glog.h:63:3:[m[K [01;36m[Knote: [m[Kin expansion of macro ‘[01m[KINTERNAL_EIGEN_CHECKS_MAKE_GLOG_CHECK[m[K’
   63 |   [01;36m[KINTERNAL_EIGEN_CHECKS_MAKE_GLOG_CHECK[m[K(                                     \
      |   [01;36m[K^~~~~~~~~~~~~~~~~~~~~~~~~~~~~~~~~~~~~[m[K
[01m[K/home/carbs/hdvio2.0/eigen_checks/test/test_glog-near.cc:43:41:[m[K [01;36m[Knote: [m[Kin expansion of macro ‘[01m[KCHECK_EIGEN_MATRIX_NEAR[m[K’
   43 |   GLOG_TEST_EXPECT_DEATH_DIFFERENT_DATA([01;36m[KCHECK_EIGEN_MATRIX_NEAR[m[K(
      |                                         [01;36m[K^~~~~~~~~~~~~~~~~~~~~~~[m[K
[01m[K/home/carbs/hdvio2.0/eigen_checks/include/eigen-checks/glog.h:42:7:[m[K [01;31m[Kerror: [m[Kexpected ‘[01m[K)[m[K’ before ‘[01m[Kresult_43[m[K’
   42 |       [01;31m[Kresult_[m[K, __LINE__) = (X);                                              \
      |       [01;31m[K^~~~~~~[m[K
[01m[K/home/carbs/hdvio2.0/eigen_checks/test/test_glog-near.cc:43:3:[m[K [01;36m[Knote: [m[Kin expansion of macro ‘[01m[KGLOG_TEST_EXPECT_DEATH_DIFFERENT_DATA[m[K’
   43 |   [01;36m[KGLOG_TEST_EXPECT_DEATH_DIFFERENT_DATA[m[K(CHECK_EIGEN_MATRIX_NEAR(
      |   [01;36m[K^~~~~~~~~~~~~~~~~~~~~~~~~~~~~~~~~~~~~[m[K
[01m[K/home/carbs/hdvio2.0/eigen_checks/include/eigen-checks/glog.h:38:3:[m[K [01;36m[Knote: [m[Kin expansion of macro ‘[01m[KINTERNAL_EIGEN_CHECKS_LOCAL_UNIQUE_VAR[m[K’
   38 |   [01;36m[KINTERNAL_EIGEN_CHECKS_LOCAL_UNIQUE_VAR[m[K(var, line)
      |   [01;36m[K^~~~~~~~~~~~~~~~~~~~~~~~~~~~~~~~~~~~~~[m[K
[01m[K/home/carbs/hdvio2.0/eigen_checks/include/eigen-checks/glog.h:41:30:[m[K [01;36m[Knote: [m[Kin expansion of macro ‘[01m[KINTERNAL_EIGEN_CHECKS_MAKE_VAR[m[K’
   41 |   ::testing::AssertionResult [01;36m[KINTERNAL_EIGEN_CHECKS_MAKE_VAR[m[K(                 \
      |                              [01;36m[K^~~~~~~~~~~~~~~~~~~~~~~~~~~~~~[m[K
[01m[K/home/carbs/hdvio2.0/eigen_checks/include/eigen-checks/glog.h:63:3:[m[K [01;36m[Knote: [m[Kin expansion of macro ‘[01m[KINTERNAL_EIGEN_CHECKS_MAKE_GLOG_CHECK[m[K’
   63 |   [01;36m[KINTERNAL_EIGEN_CHECKS_MAKE_GLOG_CHECK[m[K(                                     \
      |   [01;36m[K^~~~~~~~~~~~~~~~~~~~~~~~~~~~~~~~~~~~~[m[K
[01m[K/home/carbs/hdvio2.0/eigen_checks/test/test_glog-near.cc:43:41:[m[K [01;36m[Knote: [m[Kin expansion of macro ‘[01m[KCHECK_EIGEN_MATRIX_NEAR[m[K’
   43 |   GLOG_TEST_EXPECT_DEATH_DIFFERENT_DATA([01;36m[KCHECK_EIGEN_MATRIX_NEAR[m[K(
      |                                         [01;36m[K^~~~~~~~~~~~~~~~~~~~~~~[m[K
[01m[K/home/carbs/hdvio2.0/eigen_checks/test/test_helper.h:136:16:[m[K [01;36m[Knote: [m[Kto match this ‘[01m[K([m[K’
  136 |   EXPECT_DEATH([01;36m[K([m[KX), "^")  // ^The matrices are different$
      |                [01;36m[K^[m[K
[01m[K/home/carbs/hdvio2.0/eigen_checks/test/test_glog-near.cc:43:3:[m[K [01;36m[Knote: [m[Kin expansion of macro ‘[01m[KGLOG_TEST_EXPECT_DEATH_DIFFERENT_DATA[m[K’
   43 |   [01;36m[KGLOG_TEST_EXPECT_DEATH_DIFFERENT_DATA[m[K(CHECK_EIGEN_MATRIX_NEAR(
      |   [01;36m[K^~~~~~~~~~~~~~~~~~~~~~~~~~~~~~~~~~~~~[m[K
[01m[K/home/carbs/hdvio2.0/eigen_checks/include/eigen-checks/glog.h:43:58:[m[K [01;31m[Kerror: [m[K‘[01m[Kresult_43[m[K’ was not declared in this scope
   43 |   CHECK(static_cast<bool>(INTERNAL_EIGEN_CHECKS_MAKE_VAR([01;31m[Kresult_[m[K, __LINE__)))\
      |                                                          [01;31m[K^~~~~~~[m[K
[01m[K/home/carbs/hdvio2.0/eigen_checks/test/test_glog-near.cc:43:3:[m[K [01;36m[Knote: [m[Kin expansion of macro ‘[01m[KGLOG_TEST_EXPECT_DEATH_DIFFERENT_DATA[m[K’
   43 |   [01;36m[KGLOG_TEST_EXPECT_DEATH_DIFFERENT_DATA[m[K(CHECK_EIGEN_MATRIX_NEAR(
      |   [01;36m[K^~~~~~~~~~~~~~~~~~~~~~~~~~~~~~~~~~~~~[m[K
[01m[K/home/carbs/hdvio2.0/eigen_checks/include/eigen-checks/glog.h:38:3:[m[K [01;36m[Knote: [m[Kin expansion of macro ‘[01m[KINTERNAL_EIGEN_CHECKS_LOCAL_UNIQUE_VAR[m[K’
   38 |   [01;36m[KINTERNAL_EIGEN_CHECKS_LOCAL_UNIQUE_VAR[m[K(var, line)
      |   [01;36m[K^~~~~~~~~~~~~~~~~~~~~~~~~~~~~~~~~~~~~~[m[K
[01m[K/home/carbs/hdvio2.0/eigen_checks/include/eigen-checks/glog.h:43:27:[m[K [01;36m[Knote: [m[Kin expansion of macro ‘[01m[KINTERNAL_EIGEN_CHECKS_MAKE_VAR[m[K’
   43 |   CHECK(static_cast<bool>([01;36m[KINTERNAL_EIGEN_CHECKS_MAKE_VAR[m[K(result_, __LINE__)))\
      |                           [01;36m[K^~~~~~~~~~~~~~~~~~~~~~~~~~~~~~[m[K
[01m[K/home/carbs/hdvio2.0/eigen_checks/include/eigen-checks/glog.h:63:3:[m[K [01;36m[Knote: [m[Kin expansion of macro ‘[01m[KINTERNAL_EIGEN_CHECKS_MAKE_GLOG_CHECK[m[K’
   63 |   [01;36m[KINTERNAL_EIGEN_CHECKS_MAKE_GLOG_CHECK[m[K(                                     \
      |   [01;36m[K^~~~~~~~~~~~~~~~~~~~~~~~~~~~~~~~~~~~~[m[K
[01m[K/home/carbs/hdvio2.0/eigen_checks/test/test_glog-near.cc:43:41:[m[K [01;36m[Knote: [m[Kin expansion of macro ‘[01m[KCHECK_EIGEN_MATRIX_NEAR[m[K’
   43 |   GLOG_TEST_EXPECT_DEATH_DIFFERENT_DATA([01;36m[KCHECK_EIGEN_MATRIX_NEAR[m[K(
      |                                         [01;36m[K^~~~~~~~~~~~~~~~~~~~~~~[m[K
[01m[K/home/carbs/hdvio2.0/eigen_checks/test/test_glog-near.cc:[m[K In member function ‘[01m[Kvirtual void EigenChecks_EigenMatrixNearGLog_Matrix_OtherSize_Test<gtest_TypeParam_>::TestBody()[m[K’:
[01m[K/home/carbs/hdvio2.0/eigen_checks/include/eigen-checks/glog.h:42:7:[m[K [01;31m[Kerror: [m[Kexpected primary-expression before ‘[01m[Kresult_49[m[K’
   42 |       [01;31m[Kresult_[m[K, __LINE__) = (X);                                              \
      |       [01;31m[K^~~~~~~[m[K
[01m[K/home/carbs/hdvio2.0/eigen_checks/test/test_glog-near.cc:48:3:[m[K [01;36m[Knote: [m[Kin expansion of macro ‘[01m[KGLOG_TEST_EXPECT_DEATH_DIFFERENT_SIZE[m[K’
   48 |   [01;36m[KGLOG_TEST_EXPECT_DEATH_DIFFERENT_SIZE[m[K(
      |   [01;36m[K^~~~~~~~~~~~~~~~~~~~~~~~~~~~~~~~~~~~~[m[K
[01m[K/home/carbs/hdvio2.0/eigen_checks/include/eigen-checks/glog.h:38:3:[m[K [01;36m[Knote: [m[Kin expansion of macro ‘[01m[KINTERNAL_EIGEN_CHECKS_LOCAL_UNIQUE_VAR[m[K’
   38 |   [01;36m[KINTERNAL_EIGEN_CHECKS_LOCAL_UNIQUE_VAR[m[K(var, line)
      |   [01;36m[K^~~~~~~~~~~~~~~~~~~~~~~~~~~~~~~~~~~~~~[m[K
[01m[K/home/carbs/hdvio2.0/eigen_checks/include/eigen-checks/glog.h:41:30:[m[K [01;36m[Knote: [m[Kin expansion of macro ‘[01m[KINTERNAL_EIGEN_CHECKS_MAKE_VAR[m[K’
   41 |   ::testing::AssertionResult [01;36m[KINTERNAL_EIGEN_CHECKS_MAKE_VAR[m[K(                 \
      |                              [01;36m[K^~~~~~~~~~~~~~~~~~~~~~~~~~~~~~[m[K
[01m[K/home/carbs/hdvio2.0/eigen_checks/include/eigen-checks/glog.h:63:3:[m[K [01;36m[Knote: [m[Kin expansion of macro ‘[01m[KINTERNAL_EIGEN_CHECKS_MAKE_GLOG_CHECK[m[K’
   63 |   [01;36m[KINTERNAL_EIGEN_CHECKS_MAKE_GLOG_CHECK[m[K(                                     \
      |   [01;36m[K^~~~~~~~~~~~~~~~~~~~~~~~~~~~~~~~~~~~~[m[K
[01m[K/home/carbs/hdvio2.0/eigen_checks/test/test_glog-near.cc:49:7:[m[K [01;36m[Knote: [m[Kin expansion of macro ‘[01m[KCHECK_EIGEN_MATRIX_NEAR[m[K’
   49 |       [01;36m[KCHECK_EIGEN_MATRIX_NEAR[m[K(this->ground_truth_matrix_54,
      |       [01;36m[K^~~~~~~~~~~~~~~~~~~~~~~[m[K
[01m[K/home/carbs/hdvio2.0/eigen_checks/include/eigen-checks/glog.h:42:7:[m[K [01;31m[Kerror: [m[Kexpected ‘[01m[K)[m[K’ before ‘[01m[Kresult_49[m[K’
   42 |       [01;31m[Kresult_[m[K, __LINE__) = (X);                                              \
      |       [01;31m[K^~~~~~~[m[K
[01m[K/home/carbs/hdvio2.0/eigen_checks/test/test_glog-near.cc:48:3:[m[K [01;36m[Knote: [m[Kin expansion of macro ‘[01m[KGLOG_TEST_EXPECT_DEATH_DIFFERENT_SIZE[m[K’
   48 |   [01;36m[KGLOG_TEST_EXPECT_DEATH_DIFFERENT_SIZE[m[K(
      |   [01;36m[K^~~~~~~~~~~~~~~~~~~~~~~~~~~~~~~~~~~~~[m[K
[01m[K/home/carbs/hdvio2.0/eigen_checks/include/eigen-checks/glog.h:38:3:[m[K [01;36m[Knote: [m[Kin expansion of macro ‘[01m[KINTERNAL_EIGEN_CHECKS_LOCAL_UNIQUE_VAR[m[K’
   38 |   [01;36m[KINTERNAL_EIGEN_CHECKS_LOCAL_UNIQUE_VAR[m[K(var, line)
      |   [01;36m[K^~~~~~~~~~~~~~~~~~~~~~~~~~~~~~~~~~~~~~[m[K
[01m[K/home/carbs/hdvio2.0/eigen_checks/include/eigen-checks/glog.h:41:30:[m[K [01;36m[Knote: [m[Kin expansion of macro ‘[01m[KINTERNAL_EIGEN_CHECKS_MAKE_VAR[m[K’
   41 |   ::testing::AssertionResult [01;36m[KINTERNAL_EIGEN_CHECKS_MAKE_VAR[m[K(                 \
      |                              [01;36m[K^~~~~~~~~~~~~~~~~~~~~~~~~~~~~~[m[K
[01m[K/home/carbs/hdvio2.0/eigen_checks/include/eigen-checks/glog.h:63:3:[m[K [01;36m[Knote: [m[Kin expansion of macro ‘[01m[KINTERNAL_EIGEN_CHECKS_MAKE_GLOG_CHECK[m[K’
   63 |   [01;36m[KINTERNAL_EIGEN_CHECKS_MAKE_GLOG_CHECK[m[K(                                     \
      |   [01;36m[K^~~~~~~~~~~~~~~~~~~~~~~~~~~~~~~~~~~~~[m[K
[01m[K/home/carbs/hdvio2.0/eigen_checks/test/test_glog-near.cc:49:7:[m[K [01;36m[Knote: [m[Kin expansion of macro ‘[01m[KCHECK_EIGEN_MATRIX_NEAR[m[K’
   49 |       [01;36m[KCHECK_EIGEN_MATRIX_NEAR[m[K(this->ground_truth_matrix_54,
      |       [01;36m[K^~~~~~~~~~~~~~~~~~~~~~~[m[K
[01m[K/home/carbs/hdvio2.0/eigen_checks/test/test_helper.h:133:16:[m[K [01;36m[Knote: [m[Kto match this ‘[01m[K([m[K’
  133 |   EXPECT_DEATH([01;36m[K([m[KX), "^")  // ^The matrices have a different$
      |                [01;36m[K^[m[K
[01m[K/home/carbs/hdvio2.0/eigen_checks/test/test_glog-near.cc:48:3:[m[K [01;36m[Knote: [m[Kin expansion of macro ‘[01m[KGLOG_TEST_EXPECT_DEATH_DIFFERENT_SIZE[m[K’
   48 |   [01;36m[KGLOG_TEST_EXPECT_DEATH_DIFFERENT_SIZE[m[K(
      |   [01;36m[K^~~~~~~~~~~~~~~~~~~~~~~~~~~~~~~~~~~~~[m[K
In file included from [01m[K/opt/ros/humble/src/gtest_vendor/include/gtest/gtest.h:62[m[K,
                 from [01m[K/home/carbs/hdvio2.0/eigen_checks/include/eigen-checks/entrypoint.h:29[m[K,
                 from [01m[K/home/carbs/hdvio2.0/eigen_checks/test/test_glog-zero.cc:25[m[K:
[01m[K/home/carbs/hdvio2.0/eigen_checks/test/test_glog-zero.cc:[m[K In member function ‘[01m[Kvirtual void EigenChecks_EigenMatrixZeroGLog_Matrix_NonEqualRandom_Test<gtest_TypeParam_>::TestBody()[m[K’:
[01m[K/home/carbs/hdvio2.0/eigen_checks/include/eigen-checks/glog.h:42:7:[m[K [01;31m[Kerror: [m[Kexpected primary-expression before ‘[01m[Kresult_37[m[K’
   42 |       [01;31m[Kresult_[m[K, __LINE__) = (X);                                              \
      |       [01;31m[K^~~~~~~[m[K
[01m[K/home/carbs/hdvio2.0/eigen_checks/test/test_glog-zero.cc:36:3:[m[K [01;36m[Knote: [m[Kin expansion of macro ‘[01m[KGLOG_TEST_EXPECT_DEATH_DIFFERENT_DATA[m[K’
   36 |   [01;36m[KGLOG_TEST_EXPECT_DEATH_DIFFERENT_DATA[m[K(
      |   [01;36m[K^~~~~~~~~~~~~~~~~~~~~~~~~~~~~~~~~~~~~[m[K
[01m[K/home/carbs/hdvio2.0/eigen_checks/include/eigen-checks/glog.h:38:3:[m[K [01;36m[Knote: [m[Kin expansion of macro ‘[01m[KINTERNAL_EIGEN_CHECKS_LOCAL_UNIQUE_VAR[m[K’
   38 |   [01;36m[KINTERNAL_EIGEN_CHECKS_LOCAL_UNIQUE_VAR[m[K(var, line)
      |   [01;36m[K^~~~~~~~~~~~~~~~~~~~~~~~~~~~~~~~~~~~~~[m[K
[01m[K/home/carbs/hdvio2.0/eigen_checks/include/eigen-checks/glog.h:41:30:[m[K [01;36m[Knote: [m[Kin expansion of macro ‘[01m[KINTERNAL_EIGEN_CHECKS_MAKE_VAR[m[K’
   41 |   ::testing::AssertionResult [01;36m[KINTERNAL_EIGEN_CHECKS_MAKE_VAR[m[K(                 \
      |                              [01;36m[K^~~~~~~~~~~~~~~~~~~~~~~~~~~~~~[m[K
[01m[K/home/carbs/hdvio2.0/eigen_checks/include/eigen-checks/glog.h:68:3:[m[K [01;36m[Knote: [m[Kin expansion of macro ‘[01m[KINTERNAL_EIGEN_CHECKS_MAKE_GLOG_CHECK[m[K’
   68 |   [01;36m[KINTERNAL_EIGEN_CHECKS_MAKE_GLOG_CHECK[m[K(                                     \
      |   [01;36m[K^~~~~~~~~~~~~~~~~~~~~~~~~~~~~~~~~~~~~[m[K
[01m[K/home/carbs/hdvio2.0/eigen_checks/test/test_glog-zero.cc:37:7:[m[K [01;36m[Knote: [m[Kin expansion of macro ‘[01m[KCHECK_EIGEN_MATRIX_ZERO[m[K’
   37 |       [01;36m[KCHECK_EIGEN_MATRIX_ZERO[m[K(this->test_matrix_54_random, 1e-5));
      |       [01;36m[K^~~~~~~~~~~~~~~~~~~~~~~[m[K
[01m[K/home/carbs/hdvio2.0/eigen_checks/include/eigen-checks/glog.h:42:7:[m[K [01;31m[Kerror: [m[Kexpected ‘[01m[K)[m[K’ before ‘[01m[Kresult_37[m[K’
   42 |       [01;31m[Kresult_[m[K, __LINE__) = (X);                                              \
      |       [01;31m[K^~~~~~~[m[K
[01m[K/home/carbs/hdvio2.0/eigen_checks/test/test_glog-zero.cc:36:3:[m[K [01;36m[Knote: [m[Kin expansion of macro ‘[01m[KGLOG_TEST_EXPECT_DEATH_DIFFERENT_DATA[m[K’
   36 |   [01;36m[KGLOG_TEST_EXPECT_DEATH_DIFFERENT_DATA[m[K(
      |   [01;36m[K^~~~~~~~~~~~~~~~~~~~~~~~~~~~~~~~~~~~~[m[K
[01m[K/home/carbs/hdvio2.0/eigen_checks/include/eigen-checks/glog.h:38:3:[m[K [01;36m[Knote: [m[Kin expansion of macro ‘[01m[KINTERNAL_EIGEN_CHECKS_LOCAL_UNIQUE_VAR[m[K’
   38 |   [01;36m[KINTERNAL_EIGEN_CHECKS_LOCAL_UNIQUE_VAR[m[K(var, line)
      |   [01;36m[K^~~~~~~~~~~~~~~~~~~~~~~~~~~~~~~~~~~~~~[m[K
[01m[K/home/carbs/hdvio2.0/eigen_checks/include/eigen-checks/glog.h:41:30:[m[K [01;36m[Knote: [m[Kin expansion of macro ‘[01m[KINTERNAL_EIGEN_CHECKS_MAKE_VAR[m[K’
   41 |   ::testing::AssertionResult [01;36m[KINTERNAL_EIGEN_CHECKS_MAKE_VAR[m[K(                 \
      |                              [01;36m[K^~~~~~~~~~~~~~~~~~~~~~~~~~~~~~[m[K
[01m[K/home/carbs/hdvio2.0/eigen_checks/include/eigen-checks/glog.h:68:3:[m[K [01;36m[Knote: [m[Kin expansion of macro ‘[01m[KINTERNAL_EIGEN_CHECKS_MAKE_GLOG_CHECK[m[K’
   68 |   [01;36m[KINTERNAL_EIGEN_CHECKS_MAKE_GLOG_CHECK[m[K(                                     \
      |   [01;36m[K^~~~~~~~~~~~~~~~~~~~~~~~~~~~~~~~~~~~~[m[K
[01m[K/home/carbs/hdvio2.0/eigen_checks/test/test_glog-zero.cc:37:7:[m[K [01;36m[Knote: [m[Kin expansion of macro ‘[01m[KCHECK_EIGEN_MATRIX_ZERO[m[K’
   37 |       [01;36m[KCHECK_EIGEN_MATRIX_ZERO[m[K(this->test_matrix_54_random, 1e-5));
      |       [01;36m[K^~~~~~~~~~~~~~~~~~~~~~~[m[K
[01m[K/home/carbs/hdvio2.0/eigen_checks/test/test_helper.h:136:16:[m[K [01;36m[Knote: [m[Kto match this ‘[01m[K([m[K’
  136 |   EXPECT_DEATH([01;36m[K([m[KX), "^")  // ^The matrices are different$
      |                [01;36m[K^[m[K
[01m[K/home/carbs/hdvio2.0/eigen_checks/test/test_glog-zero.cc:36:3:[m[K [01;36m[Knote: [m[Kin expansion of macro ‘[01m[KGLOG_TEST_EXPECT_DEATH_DIFFERENT_DATA[m[K’
   36 |   [01;36m[KGLOG_TEST_EXPECT_DEATH_DIFFERENT_DATA[m[K(
      |   [01;36m[K^~~~~~~~~~~~~~~~~~~~~~~~~~~~~~~~~~~~~[m[K
[01m[K/home/carbs/hdvio2.0/eigen_checks/include/eigen-checks/glog.h:43:58:[m[K [01;31m[Kerror: [m[K‘[01m[Kresult_49[m[K’ was not declared in this scope
   43 |   CHECK(static_cast<bool>(INTERNAL_EIGEN_CHECKS_MAKE_VAR([01;31m[Kresult_[m[K, __LINE__)))\
      |                                                          [01;31m[K^~~~~~~[m[K
[01m[K/home/carbs/hdvio2.0/eigen_checks/test/test_glog-near.cc:48:3:[m[K [01;36m[Knote: [m[Kin expansion of macro ‘[01m[KGLOG_TEST_EXPECT_DEATH_DIFFERENT_SIZE[m[K’
   48 |   [01;36m[KGLOG_TEST_EXPECT_DEATH_DIFFERENT_SIZE[m[K(
      |   [01;36m[K^~~~~~~~~~~~~~~~~~~~~~~~~~~~~~~~~~~~~[m[K
[01m[K/home/carbs/hdvio2.0/eigen_checks/include/eigen-checks/glog.h:38:3:[m[K [01;36m[Knote: [m[Kin expansion of macro ‘[01m[KINTERNAL_EIGEN_CHECKS_LOCAL_UNIQUE_VAR[m[K’
   38 |   [01;36m[KINTERNAL_EIGEN_CHECKS_LOCAL_UNIQUE_VAR[m[K(var, line)
      |   [01;36m[K^~~~~~~~~~~~~~~~~~~~~~~~~~~~~~~~~~~~~~[m[K
[01m[K/home/carbs/hdvio2.0/eigen_checks/include/eigen-checks/glog.h:43:27:[m[K [01;36m[Knote: [m[Kin expansion of macro ‘[01m[KINTERNAL_EIGEN_CHECKS_MAKE_VAR[m[K’
   43 |   CHECK(static_cast<bool>([01;36m[KINTERNAL_EIGEN_CHECKS_MAKE_VAR[m[K(result_, __LINE__)))\
      |                           [01;36m[K^~~~~~~~~~~~~~~~~~~~~~~~~~~~~~[m[K
[01m[K/home/carbs/hdvio2.0/eigen_checks/include/eigen-checks/glog.h:63:3:[m[K [01;36m[Knote: [m[Kin expansion of macro ‘[01m[KINTERNAL_EIGEN_CHECKS_MAKE_GLOG_CHECK[m[K’
   63 |   [01;36m[KINTERNAL_EIGEN_CHECKS_MAKE_GLOG_CHECK[m[K(                                     \
      |   [01;36m[K^~~~~~~~~~~~~~~~~~~~~~~~~~~~~~~~~~~~~[m[K
[01m[K/home/carbs/hdvio2.0/eigen_checks/test/test_glog-near.cc:49:7:[m[K [01;36m[Knote: [m[Kin expansion of macro ‘[01m[KCHECK_EIGEN_MATRIX_NEAR[m[K’
   49 |       [01;36m[KCHECK_EIGEN_MATRIX_NEAR[m[K(this->ground_truth_matrix_54,
      |       [01;36m[K^~~~~~~~~~~~~~~~~~~~~~~[m[K
[01m[K/home/carbs/hdvio2.0/eigen_checks/include/eigen-checks/glog.h:43:58:[m[K [01;31m[Kerror: [m[K‘[01m[Kresult_37[m[K’ was not declared in this scope
   43 |   CHECK(static_cast<bool>(INTERNAL_EIGEN_CHECKS_MAKE_VAR([01;31m[Kresult_[m[K, __LINE__)))\
      |                                                          [01;31m[K^~~~~~~[m[K
[01m[K/home/carbs/hdvio2.0/eigen_checks/test/test_glog-zero.cc:36:3:[m[K [01;36m[Knote: [m[Kin expansion of macro ‘[01m[KGLOG_TEST_EXPECT_DEATH_DIFFERENT_DATA[m[K’
   36 |   [01;36m[KGLOG_TEST_EXPECT_DEATH_DIFFERENT_DATA[m[K(
      |   [01;36m[K^~~~~~~~~~~~~~~~~~~~~~~~~~~~~~~~~~~~~[m[K
[01m[K/home/carbs/hdvio2.0/eigen_checks/include/eigen-checks/glog.h:38:3:[m[K [01;36m[Knote: [m[Kin expansion of macro ‘[01m[KINTERNAL_EIGEN_CHECKS_LOCAL_UNIQUE_VAR[m[K’
   38 |   [01;36m[KINTERNAL_EIGEN_CHECKS_LOCAL_UNIQUE_VAR[m[K(var, line)
      |   [01;36m[K^~~~~~~~~~~~~~~~~~~~~~~~~~~~~~~~~~~~~~[m[K
[01m[K/home/carbs/hdvio2.0/eigen_checks/include/eigen-checks/glog.h:43:27:[m[K [01;36m[Knote: [m[Kin expansion of macro ‘[01m[KINTERNAL_EIGEN_CHECKS_MAKE_VAR[m[K’
   43 |   CHECK(static_cast<bool>([01;36m[KINTERNAL_EIGEN_CHECKS_MAKE_VAR[m[K(result_, __LINE__)))\
      |                           [01;36m[K^~~~~~~~~~~~~~~~~~~~~~~~~~~~~~[m[K
[01m[K/home/carbs/hdvio2.0/eigen_checks/include/eigen-checks/glog.h:68:3:[m[K [01;36m[Knote: [m[Kin expansion of macro ‘[01m[KINTERNAL_EIGEN_CHECKS_MAKE_GLOG_CHECK[m[K’
   68 |   [01;36m[KINTERNAL_EIGEN_CHECKS_MAKE_GLOG_CHECK[m[K(                                     \
      |   [01;36m[K^~~~~~~~~~~~~~~~~~~~~~~~~~~~~~~~~~~~~[m[K
[01m[K/home/carbs/hdvio2.0/eigen_checks/test/test_glog-zero.cc:37:7:[m[K [01;36m[Knote: [m[Kin expansion of macro ‘[01m[KCHECK_EIGEN_MATRIX_ZERO[m[K’
   37 |       [01;36m[KCHECK_EIGEN_MATRIX_ZERO[m[K(this->test_matrix_54_random, 1e-5));
      |       [01;36m[K^~~~~~~~~~~~~~~~~~~~~~~[m[K
[01m[K/home/carbs/hdvio2.0/eigen_checks/test/test_glog-zero.cc:[m[K In member function ‘[01m[Kvirtual void EigenChecks_EigenMatrixZeroGLog_Matrix_OtherSize_Test<gtest_TypeParam_>::TestBody()[m[K’:
[01m[K/home/carbs/hdvio2.0/eigen_checks/include/eigen-checks/glog.h:42:7:[m[K [01;31m[Kerror: [m[Kexpected primary-expression before ‘[01m[Kresult_42[m[K’
   42 |       [01;31m[Kresult_[m[K, __LINE__) = (X);                                              \
      |       [01;31m[K^~~~~~~[m[K
[01m[K/home/carbs/hdvio2.0/eigen_checks/test/test_glog-zero.cc:41:3:[m[K [01;36m[Knote: [m[Kin expansion of macro ‘[01m[KGLOG_TEST_EXPECT_DEATH_DIFFERENT_SIZE[m[K’
   41 |   [01;36m[KGLOG_TEST_EXPECT_DEATH_DIFFERENT_SIZE[m[K(
      |   [01;36m[K^~~~~~~~~~~~~~~~~~~~~~~~~~~~~~~~~~~~~[m[K
[01m[K/home/carbs/hdvio2.0/eigen_checks/include/eigen-checks/glog.h:38:3:[m[K [01;36m[Knote: [m[Kin expansion of macro ‘[01m[KINTERNAL_EIGEN_CHECKS_LOCAL_UNIQUE_VAR[m[K’
   38 |   [01;36m[KINTERNAL_EIGEN_CHECKS_LOCAL_UNIQUE_VAR[m[K(var, line)
      |   [01;36m[K^~~~~~~~~~~~~~~~~~~~~~~~~~~~~~~~~~~~~~[m[K
[01m[K/home/carbs/hdvio2.0/eigen_checks/include/eigen-checks/glog.h:41:30:[m[K [01;36m[Knote: [m[Kin expansion of macro ‘[01m[KINTERNAL_EIGEN_CHECKS_MAKE_VAR[m[K’
   41 |   ::testing::AssertionResult [01;36m[KINTERNAL_EIGEN_CHECKS_MAKE_VAR[m[K(                 \
      |                              [01;36m[K^~~~~~~~~~~~~~~~~~~~~~~~~~~~~~[m[K
[01m[K/home/carbs/hdvio2.0/eigen_checks/include/eigen-checks/glog.h:68:3:[m[K [01;36m[Knote: [m[Kin expansion of macro ‘[01m[KINTERNAL_EIGEN_CHECKS_MAKE_GLOG_CHECK[m[K’
   68 |   [01;36m[KINTERNAL_EIGEN_CHECKS_MAKE_GLOG_CHECK[m[K(                                     \
      |   [01;36m[K^~~~~~~~~~~~~~~~~~~~~~~~~~~~~~~~~~~~~[m[K
[01m[K/home/carbs/hdvio2.0/eigen_checks/test/test_glog-zero.cc:42:7:[m[K [01;36m[Knote: [m[Kin expansion of macro ‘[01m[KCHECK_EIGEN_MATRIX_ZERO[m[K’
   42 |       [01;36m[KCHECK_EIGEN_MATRIX_ZERO[m[K(this->test_matrix_D4, 1e-5));
      |       [01;36m[K^~~~~~~~~~~~~~~~~~~~~~~[m[K
[01m[K/home/carbs/hdvio2.0/eigen_checks/include/eigen-checks/glog.h:42:7:[m[K [01;31m[Kerror: [m[Kexpected ‘[01m[K)[m[K’ before ‘[01m[Kresult_42[m[K’
   42 |       [01;31m[Kresult_[m[K, __LINE__) = (X);                                              \
      |       [01;31m[K^~~~~~~[m[K
[01m[K/home/carbs/hdvio2.0/eigen_checks/test/test_glog-zero.cc:41:3:[m[K [01;36m[Knote: [m[Kin expansion of macro ‘[01m[KGLOG_TEST_EXPECT_DEATH_DIFFERENT_SIZE[m[K’
   41 |   [01;36m[KGLOG_TEST_EXPECT_DEATH_DIFFERENT_SIZE[m[K(
      |   [01;36m[K^~~~~~~~~~~~~~~~~~~~~~~~~~~~~~~~~~~~~[m[K
[01m[K/home/carbs/hdvio2.0/eigen_checks/include/eigen-checks/glog.h:38:3:[m[K [01;36m[Knote: [m[Kin expansion of macro ‘[01m[KINTERNAL_EIGEN_CHECKS_LOCAL_UNIQUE_VAR[m[K’
   38 |   [01;36m[KINTERNAL_EIGEN_CHECKS_LOCAL_UNIQUE_VAR[m[K(var, line)
      |   [01;36m[K^~~~~~~~~~~~~~~~~~~~~~~~~~~~~~~~~~~~~~[m[K
[01m[K/home/carbs/hdvio2.0/eigen_checks/include/eigen-checks/glog.h:41:30:[m[K [01;36m[Knote: [m[Kin expansion of macro ‘[01m[KINTERNAL_EIGEN_CHECKS_MAKE_VAR[m[K’
   41 |   ::testing::AssertionResult [01;36m[KINTERNAL_EIGEN_CHECKS_MAKE_VAR[m[K(                 \
      |                              [01;36m[K^~~~~~~~~~~~~~~~~~~~~~~~~~~~~~[m[K
[01m[K/home/carbs/hdvio2.0/eigen_checks/include/eigen-checks/glog.h:68:3:[m[K [01;36m[Knote: [m[Kin expansion of macro ‘[01m[KINTERNAL_EIGEN_CHECKS_MAKE_GLOG_CHECK[m[K’
   68 |   [01;36m[KINTERNAL_EIGEN_CHECKS_MAKE_GLOG_CHECK[m[K(                                     \
      |   [01;36m[K^~~~~~~~~~~~~~~~~~~~~~~~~~~~~~~~~~~~~[m[K
[01m[K/home/carbs/hdvio2.0/eigen_checks/test/test_glog-zero.cc:42:7:[m[K [01;36m[Knote: [m[Kin expansion of macro ‘[01m[KCHECK_EIGEN_MATRIX_ZERO[m[K’
   42 |       [01;36m[KCHECK_EIGEN_MATRIX_ZERO[m[K(this->test_matrix_D4, 1e-5));
      |       [01;36m[K^~~~~~~~~~~~~~~~~~~~~~~[m[K
[01m[K/home/carbs/hdvio2.0/eigen_checks/test/test_helper.h:133:16:[m[K [01;36m[Knote: [m[Kto match this ‘[01m[K([m[K’
  133 |   EXPECT_DEATH([01;36m[K([m[KX), "^")  // ^The matrices have a different$
      |                [01;36m[K^[m[K
[01m[K/home/carbs/hdvio2.0/eigen_checks/test/test_glog-zero.cc:41:3:[m[K [01;36m[Knote: [m[Kin expansion of macro ‘[01m[KGLOG_TEST_EXPECT_DEATH_DIFFERENT_SIZE[m[K’
   41 |   [01;36m[KGLOG_TEST_EXPECT_DEATH_DIFFERENT_SIZE[m[K(
      |   [01;36m[K^~~~~~~~~~~~~~~~~~~~~~~~~~~~~~~~~~~~~[m[K
[01m[K/home/carbs/hdvio2.0/eigen_checks/test/test_glog-near.cc:[m[K In member function ‘[01m[Kvirtual void EigenChecks_EigenMatrixNearGLog_Vector_NonEqualRandom_Test<gtest_TypeParam_>::TestBody()[m[K’:
[01m[K/home/carbs/hdvio2.0/eigen_checks/include/eigen-checks/glog.h:42:7:[m[K [01;31m[Kerror: [m[Kexpected primary-expression before ‘[01m[Kresult_71[m[K’
   42 |       [01;31m[Kresult_[m[K, __LINE__) = (X);                                              \
      |       [01;31m[K^~~~~~~[m[K
[01m[K/home/carbs/hdvio2.0/eigen_checks/test/test_glog-near.cc:71:3:[m[K [01;36m[Knote: [m[Kin expansion of macro ‘[01m[KGLOG_TEST_EXPECT_DEATH_DIFFERENT_DATA[m[K’
   71 |   [01;36m[KGLOG_TEST_EXPECT_DEATH_DIFFERENT_DATA[m[K(CHECK_EIGEN_MATRIX_NEAR(
      |   [01;36m[K^~~~~~~~~~~~~~~~~~~~~~~~~~~~~~~~~~~~~[m[K
[01m[K/home/carbs/hdvio2.0/eigen_checks/include/eigen-checks/glog.h:38:3:[m[K [01;36m[Knote: [m[Kin expansion of macro ‘[01m[KINTERNAL_EIGEN_CHECKS_LOCAL_UNIQUE_VAR[m[K’
   38 |   [01;36m[KINTERNAL_EIGEN_CHECKS_LOCAL_UNIQUE_VAR[m[K(var, line)
      |   [01;36m[K^~~~~~~~~~~~~~~~~~~~~~~~~~~~~~~~~~~~~~[m[K
[01m[K/home/carbs/hdvio2.0/eigen_checks/include/eigen-checks/glog.h:41:30:[m[K [01;36m[Knote: [m[Kin expansion of macro ‘[01m[KINTERNAL_EIGEN_CHECKS_MAKE_VAR[m[K’
   41 |   ::testing::AssertionResult [01;36m[KINTERNAL_EIGEN_CHECKS_MAKE_VAR[m[K(                 \
      |                              [01;36m[K^~~~~~~~~~~~~~~~~~~~~~~~~~~~~~[m[K
[01m[K/home/carbs/hdvio2.0/eigen_checks/include/eigen-checks/glog.h:63:3:[m[K [01;36m[Knote: [m[Kin expansion of macro ‘[01m[KINTERNAL_EIGEN_CHECKS_MAKE_GLOG_CHECK[m[K’
   63 |   [01;36m[KINTERNAL_EIGEN_CHECKS_MAKE_GLOG_CHECK[m[K(                                     \
      |   [01;36m[K^~~~~~~~~~~~~~~~~~~~~~~~~~~~~~~~~~~~~[m[K
[01m[K/home/carbs/hdvio2.0/eigen_checks/test/test_glog-near.cc:71:41:[m[K [01;36m[Knote: [m[Kin expansion of macro ‘[01m[KCHECK_EIGEN_MATRIX_NEAR[m[K’
   71 |   GLOG_TEST_EXPECT_DEATH_DIFFERENT_DATA([01;36m[KCHECK_EIGEN_MATRIX_NEAR[m[K(
      |                                         [01;36m[K^~~~~~~~~~~~~~~~~~~~~~~[m[K
[01m[K/home/carbs/hdvio2.0/eigen_checks/include/eigen-checks/glog.h:42:7:[m[K [01;31m[Kerror: [m[Kexpected ‘[01m[K)[m[K’ before ‘[01m[Kresult_71[m[K’
   42 |       [01;31m[Kresult_[m[K, __LINE__) = (X);                                              \
      |       [01;31m[K^~~~~~~[m[K
[01m[K/home/carbs/hdvio2.0/eigen_checks/test/test_glog-near.cc:71:3:[m[K [01;36m[Knote: [m[Kin expansion of macro ‘[01m[KGLOG_TEST_EXPECT_DEATH_DIFFERENT_DATA[m[K’
   71 |   [01;36m[KGLOG_TEST_EXPECT_DEATH_DIFFERENT_DATA[m[K(CHECK_EIGEN_MATRIX_NEAR(
      |   [01;36m[K^~~~~~~~~~~~~~~~~~~~~~~~~~~~~~~~~~~~~[m[K
[01m[K/home/carbs/hdvio2.0/eigen_checks/include/eigen-checks/glog.h:38:3:[m[K [01;36m[Knote: [m[Kin expansion of macro ‘[01m[KINTERNAL_EIGEN_CHECKS_LOCAL_UNIQUE_VAR[m[K’
   38 |   [01;36m[KINTERNAL_EIGEN_CHECKS_LOCAL_UNIQUE_VAR[m[K(var, line)
      |   [01;36m[K^~~~~~~~~~~~~~~~~~~~~~~~~~~~~~~~~~~~~~[m[K
[01m[K/home/carbs/hdvio2.0/eigen_checks/include/eigen-checks/glog.h:41:30:[m[K [01;36m[Knote: [m[Kin expansion of macro ‘[01m[KINTERNAL_EIGEN_CHECKS_MAKE_VAR[m[K’
   41 |   ::testing::AssertionResult [01;36m[KINTERNAL_EIGEN_CHECKS_MAKE_VAR[m[K(                 \
      |                              [01;36m[K^~~~~~~~~~~~~~~~~~~~~~~~~~~~~~[m[K
[01m[K/home/carbs/hdvio2.0/eigen_checks/include/eigen-checks/glog.h:63:3:[m[K [01;36m[Knote: [m[Kin expansion of macro ‘[01m[KINTERNAL_EIGEN_CHECKS_MAKE_GLOG_CHECK[m[K’
   63 |   [01;36m[KINTERNAL_EIGEN_CHECKS_MAKE_GLOG_CHECK[m[K(                                     \
      |   [01;36m[K^~~~~~~~~~~~~~~~~~~~~~~~~~~~~~~~~~~~~[m[K
[01m[K/home/carbs/hdvio2.0/eigen_checks/test/test_glog-near.cc:71:41:[m[K [01;36m[Knote: [m[Kin expansion of macro ‘[01m[KCHECK_EIGEN_MATRIX_NEAR[m[K’
   71 |   GLOG_TEST_EXPECT_DEATH_DIFFERENT_DATA([01;36m[KCHECK_EIGEN_MATRIX_NEAR[m[K(
      |                                         [01;36m[K^~~~~~~~~~~~~~~~~~~~~~~[m[K
[01m[K/home/carbs/hdvio2.0/eigen_checks/test/test_helper.h:136:16:[m[K [01;36m[Knote: [m[Kto match this ‘[01m[K([m[K’
  136 |   EXPECT_DEATH([01;36m[K([m[KX), "^")  // ^The matrices are different$
      |                [01;36m[K^[m[K
[01m[K/home/carbs/hdvio2.0/eigen_checks/test/test_glog-near.cc:71:3:[m[K [01;36m[Knote: [m[Kin expansion of macro ‘[01m[KGLOG_TEST_EXPECT_DEATH_DIFFERENT_DATA[m[K’
   71 |   [01;36m[KGLOG_TEST_EXPECT_DEATH_DIFFERENT_DATA[m[K(CHECK_EIGEN_MATRIX_NEAR(
      |   [01;36m[K^~~~~~~~~~~~~~~~~~~~~~~~~~~~~~~~~~~~~[m[K
In file included from [01m[K/opt/ros/humble/src/gtest_vendor/include/gtest/gtest.h:62[m[K,
                 from [01m[K/home/carbs/hdvio2.0/eigen_checks/include/eigen-checks/entrypoint.h:29[m[K,
                 from [01m[K/home/carbs/hdvio2.0/eigen_checks/test/test_glog-equal-double.cc:25[m[K:
[01m[K/home/carbs/hdvio2.0/eigen_checks/test/test_glog-equal-double.cc:[m[K In member function ‘[01m[Kvirtual void EigenChecks_EigenMatrixEqualDoubleGLog_Matrix_NonEqualRandom_Test<gtest_TypeParam_>::TestBody()[m[K’:
[01m[K/home/carbs/hdvio2.0/eigen_checks/include/eigen-checks/glog.h:42:7:[m[K [01;31m[Kerror: [m[Kexpected primary-expression before ‘[01m[Kresult_38[m[K’
   42 |       [01;31m[Kresult_[m[K, __LINE__) = (X);                                              \
      |       [01;31m[K^~~~~~~[m[K
[01m[K/home/carbs/hdvio2.0/eigen_checks/test/test_glog-equal-double.cc:37:3:[m[K [01;36m[Knote: [m[Kin expansion of macro ‘[01m[KGLOG_TEST_EXPECT_DEATH_DIFFERENT_DATA[m[K’
   37 |   [01;36m[KGLOG_TEST_EXPECT_DEATH_DIFFERENT_DATA[m[K(
      |   [01;36m[K^~~~~~~~~~~~~~~~~~~~~~~~~~~~~~~~~~~~~[m[K
[01m[K/home/carbs/hdvio2.0/eigen_checks/include/eigen-checks/glog.h:38:3:[m[K [01;36m[Knote: [m[Kin expansion of macro ‘[01m[KINTERNAL_EIGEN_CHECKS_LOCAL_UNIQUE_VAR[m[K’
   38 |   [01;36m[KINTERNAL_EIGEN_CHECKS_LOCAL_UNIQUE_VAR[m[K(var, line)
      |   [01;36m[K^~~~~~~~~~~~~~~~~~~~~~~~~~~~~~~~~~~~~~[m[K
[01m[K/home/carbs/hdvio2.0/eigen_checks/include/eigen-checks/glog.h:41:30:[m[K [01;36m[Knote: [m[Kin expansion of macro ‘[01m[KINTERNAL_EIGEN_CHECKS_MAKE_VAR[m[K’
   41 |   ::testing::AssertionResult [01;36m[KINTERNAL_EIGEN_CHECKS_MAKE_VAR[m[K(                 \
      |                              [01;36m[K^~~~~~~~~~~~~~~~~~~~~~~~~~~~~~[m[K
[01m[K/home/carbs/hdvio2.0/eigen_checks/include/eigen-checks/glog.h:54:3:[m[K [01;36m[Knote: [m[Kin expansion of macro ‘[01m[KINTERNAL_EIGEN_CHECKS_MAKE_GLOG_CHECK[m[K’
   54 |   [01;36m[KINTERNAL_EIGEN_CHECKS_MAKE_GLOG_CHECK[m[K(                                     \
      |   [01;36m[K^~~~~~~~~~~~~~~~~~~~~~~~~~~~~~~~~~~~~[m[K
[01m[K/home/carbs/hdvio2.0/eigen_checks/test/test_glog-equal-double.cc:38:7:[m[K [01;36m[Knote: [m[Kin expansion of macro ‘[01m[KCHECK_EIGEN_MATRIX_EQUAL_DOUBLE[m[K’
   38 |       [01;36m[KCHECK_EIGEN_MATRIX_EQUAL_DOUBLE[m[K(this->ground_truth_matrix_54,
      |       [01;36m[K^~~~~~~~~~~~~~~~~~~~~~~~~~~~~~~[m[K
[01m[K/home/carbs/hdvio2.0/eigen_checks/include/eigen-checks/glog.h:42:7:[m[K [01;31m[Kerror: [m[Kexpected ‘[01m[K)[m[K’ before ‘[01m[Kresult_38[m[K’
   42 |       [01;31m[Kresult_[m[K, __LINE__) = (X);                                              \
      |       [01;31m[K^~~~~~~[m[K
[01m[K/home/carbs/hdvio2.0/eigen_checks/test/test_glog-equal-double.cc:37:3:[m[K [01;36m[Knote: [m[Kin expansion of macro ‘[01m[KGLOG_TEST_EXPECT_DEATH_DIFFERENT_DATA[m[K’
   37 |   [01;36m[KGLOG_TEST_EXPECT_DEATH_DIFFERENT_DATA[m[K(
      |   [01;36m[K^~~~~~~~~~~~~~~~~~~~~~~~~~~~~~~~~~~~~[m[K
[01m[K/home/carbs/hdvio2.0/eigen_checks/include/eigen-checks/glog.h:38:3:[m[K [01;36m[Knote: [m[Kin expansion of macro ‘[01m[KINTERNAL_EIGEN_CHECKS_LOCAL_UNIQUE_VAR[m[K’
   38 |   [01;36m[KINTERNAL_EIGEN_CHECKS_LOCAL_UNIQUE_VAR[m[K(var, line)
      |   [01;36m[K^~~~~~~~~~~~~~~~~~~~~~~~~~~~~~~~~~~~~~[m[K
[01m[K/home/carbs/hdvio2.0/eigen_checks/include/eigen-checks/glog.h:41:30:[m[K [01;36m[Knote: [m[Kin expansion of macro ‘[01m[KINTERNAL_EIGEN_CHECKS_MAKE_VAR[m[K’
   41 |   ::testing::AssertionResult [01;36m[KINTERNAL_EIGEN_CHECKS_MAKE_VAR[m[K(                 \
      |                              [01;36m[K^~~~~~~~~~~~~~~~~~~~~~~~~~~~~~[m[K
[01m[K/home/carbs/hdvio2.0/eigen_checks/include/eigen-checks/glog.h:54:3:[m[K [01;36m[Knote: [m[Kin expansion of macro ‘[01m[KINTERNAL_EIGEN_CHECKS_MAKE_GLOG_CHECK[m[K’
   54 |   [01;36m[KINTERNAL_EIGEN_CHECKS_MAKE_GLOG_CHECK[m[K(                                     \
      |   [01;36m[K^~~~~~~~~~~~~~~~~~~~~~~~~~~~~~~~~~~~~[m[K
[01m[K/home/carbs/hdvio2.0/eigen_checks/test/test_glog-equal-double.cc:38:7:[m[K [01;36m[Knote: [m[Kin expansion of macro ‘[01m[KCHECK_EIGEN_MATRIX_EQUAL_DOUBLE[m[K’
   38 |       [01;36m[KCHECK_EIGEN_MATRIX_EQUAL_DOUBLE[m[K(this->ground_truth_matrix_54,
      |       [01;36m[K^~~~~~~~~~~~~~~~~~~~~~~~~~~~~~~[m[K
[01m[K/home/carbs/hdvio2.0/eigen_checks/test/test_helper.h:136:16:[m[K [01;36m[Knote: [m[Kto match this ‘[01m[K([m[K’
  136 |   EXPECT_DEATH([01;36m[K([m[KX), "^")  // ^The matrices are different$
      |                [01;36m[K^[m[K
[01m[K/home/carbs/hdvio2.0/eigen_checks/test/test_glog-equal-double.cc:37:3:[m[K [01;36m[Knote: [m[Kin expansion of macro ‘[01m[KGLOG_TEST_EXPECT_DEATH_DIFFERENT_DATA[m[K’
   37 |   [01;36m[KGLOG_TEST_EXPECT_DEATH_DIFFERENT_DATA[m[K(
      |   [01;36m[K^~~~~~~~~~~~~~~~~~~~~~~~~~~~~~~~~~~~~[m[K
[01m[K/home/carbs/hdvio2.0/eigen_checks/include/eigen-checks/glog.h:43:58:[m[K [01;31m[Kerror: [m[K‘[01m[Kresult_42[m[K’ was not declared in this scope
   43 |   CHECK(static_cast<bool>(INTERNAL_EIGEN_CHECKS_MAKE_VAR([01;31m[Kresult_[m[K, __LINE__)))\
      |                                                          [01;31m[K^~~~~~~[m[K
[01m[K/home/carbs/hdvio2.0/eigen_checks/test/test_glog-zero.cc:41:3:[m[K [01;36m[Knote: [m[Kin expansion of macro ‘[01m[KGLOG_TEST_EXPECT_DEATH_DIFFERENT_SIZE[m[K’
   41 |   [01;36m[KGLOG_TEST_EXPECT_DEATH_DIFFERENT_SIZE[m[K(
      |   [01;36m[K^~~~~~~~~~~~~~~~~~~~~~~~~~~~~~~~~~~~~[m[K
[01m[K/home/carbs/hdvio2.0/eigen_checks/include/eigen-checks/glog.h:38:3:[m[K [01;36m[Knote: [m[Kin expansion of macro ‘[01m[KINTERNAL_EIGEN_CHECKS_LOCAL_UNIQUE_VAR[m[K’
   38 |   [01;36m[KINTERNAL_EIGEN_CHECKS_LOCAL_UNIQUE_VAR[m[K(var, line)
      |   [01;36m[K^~~~~~~~~~~~~~~~~~~~~~~~~~~~~~~~~~~~~~[m[K
[01m[K/home/carbs/hdvio2.0/eigen_checks/include/eigen-checks/glog.h:43:27:[m[K [01;36m[Knote: [m[Kin expansion of macro ‘[01m[KINTERNAL_EIGEN_CHECKS_MAKE_VAR[m[K’
   43 |   CHECK(static_cast<bool>([01;36m[KINTERNAL_EIGEN_CHECKS_MAKE_VAR[m[K(result_, __LINE__)))\
      |                           [01;36m[K^~~~~~~~~~~~~~~~~~~~~~~~~~~~~~[m[K
[01m[K/home/carbs/hdvio2.0/eigen_checks/include/eigen-checks/glog.h:68:3:[m[K [01;36m[Knote: [m[Kin expansion of macro ‘[01m[KINTERNAL_EIGEN_CHECKS_MAKE_GLOG_CHECK[m[K’
   68 |   [01;36m[KINTERNAL_EIGEN_CHECKS_MAKE_GLOG_CHECK[m[K(                                     \
      |   [01;36m[K^~~~~~~~~~~~~~~~~~~~~~~~~~~~~~~~~~~~~[m[K
[01m[K/home/carbs/hdvio2.0/eigen_checks/test/test_glog-zero.cc:42:7:[m[K [01;36m[Knote: [m[Kin expansion of macro ‘[01m[KCHECK_EIGEN_MATRIX_ZERO[m[K’
   42 |       [01;36m[KCHECK_EIGEN_MATRIX_ZERO[m[K(this->test_matrix_D4, 1e-5));
      |       [01;36m[K^~~~~~~~~~~~~~~~~~~~~~~[m[K
In file included from [01m[K/opt/ros/humble/src/gtest_vendor/include/gtest/gtest.h:62[m[K,
                 from [01m[K/home/carbs/hdvio2.0/eigen_checks/include/eigen-checks/entrypoint.h:29[m[K,
                 from [01m[K/home/carbs/hdvio2.0/eigen_checks/test/test_glog-zero-sized-types.cc:25[m[K:
[01m[K/home/carbs/hdvio2.0/eigen_checks/test/test_glog-zero-sized-types.cc:[m[K In member function ‘[01m[Kvirtual void EigenChecks_EigenMatrixEqualGlog_Zero_Sized_Dynamic_Matrix_Test::TestBody()[m[K’:
[01m[K/home/carbs/hdvio2.0/eigen_checks/include/eigen-checks/glog.h:42:7:[m[K [01;31m[Kerror: [m[Kexpected primary-expression before ‘[01m[Kresult_34[m[K’
   42 |       [01;31m[Kresult_[m[K, __LINE__) = (X);                                              \
      |       [01;31m[K^~~~~~~[m[K
[01m[K/home/carbs/hdvio2.0/eigen_checks/test/test_glog-zero-sized-types.cc:34:3:[m[K [01;36m[Knote: [m[Kin expansion of macro ‘[01m[KGLOG_TEST_EXPECT_DEATH_DIFFERENT_DATA[m[K’
   34 |   [01;36m[KGLOG_TEST_EXPECT_DEATH_DIFFERENT_DATA[m[K(CHECK_EIGEN_MATRIX_NEAR(A, B, 0.01));
      |   [01;36m[K^~~~~~~~~~~~~~~~~~~~~~~~~~~~~~~~~~~~~[m[K
[01m[K/home/carbs/hdvio2.0/eigen_checks/include/eigen-checks/glog.h:38:3:[m[K [01;36m[Knote: [m[Kin expansion of macro ‘[01m[KINTERNAL_EIGEN_CHECKS_LOCAL_UNIQUE_VAR[m[K’
   38 |   [01;36m[KINTERNAL_EIGEN_CHECKS_LOCAL_UNIQUE_VAR[m[K(var, line)
      |   [01;36m[K^~~~~~~~~~~~~~~~~~~~~~~~~~~~~~~~~~~~~~[m[K
[01m[K/home/carbs/hdvio2.0/eigen_checks/include/eigen-checks/glog.h:41:30:[m[K [01;36m[Knote: [m[Kin expansion of macro ‘[01m[KINTERNAL_EIGEN_CHECKS_MAKE_VAR[m[K’
   41 |   ::testing::AssertionResult [01;36m[KINTERNAL_EIGEN_CHECKS_MAKE_VAR[m[K(                 \
      |                              [01;36m[K^~~~~~~~~~~~~~~~~~~~~~~~~~~~~~[m[K
[01m[K/home/carbs/hdvio2.0/eigen_checks/include/eigen-checks/glog.h:63:3:[m[K [01;36m[Knote: [m[Kin expansion of macro ‘[01m[KINTERNAL_EIGEN_CHECKS_MAKE_GLOG_CHECK[m[K’
   63 |   [01;36m[KINTERNAL_EIGEN_CHECKS_MAKE_GLOG_CHECK[m[K(                                     \
      |   [01;36m[K^~~~~~~~~~~~~~~~~~~~~~~~~~~~~~~~~~~~~[m[K
[01m[K/home/carbs/hdvio2.0/eigen_checks/test/test_glog-zero-sized-types.cc:34:41:[m[K [01;36m[Knote: [m[Kin expansion of macro ‘[01m[KCHECK_EIGEN_MATRIX_NEAR[m[K’
   34 |   GLOG_TEST_EXPECT_DEATH_DIFFERENT_DATA([01;36m[KCHECK_EIGEN_MATRIX_NEAR[m[K(A, B, 0.01));
      |                                         [01;36m[K^~~~~~~~~~~~~~~~~~~~~~~[m[K
[01m[K/home/carbs/hdvio2.0/eigen_checks/include/eigen-checks/glog.h:42:7:[m[K [01;31m[Kerror: [m[Kexpected ‘[01m[K)[m[K’ before ‘[01m[Kresult_34[m[K’
   42 |       [01;31m[Kresult_[m[K, __LINE__) = (X);                                              \
      |       [01;31m[K^~~~~~~[m[K
[01m[K/home/carbs/hdvio2.0/eigen_checks/test/test_glog-zero-sized-types.cc:34:3:[m[K [01;36m[Knote: [m[Kin expansion of macro ‘[01m[KGLOG_TEST_EXPECT_DEATH_DIFFERENT_DATA[m[K’
   34 |   [01;36m[KGLOG_TEST_EXPECT_DEATH_DIFFERENT_DATA[m[K(CHECK_EIGEN_MATRIX_NEAR(A, B, 0.01));
      |   [01;36m[K^~~~~~~~~~~~~~~~~~~~~~~~~~~~~~~~~~~~~[m[K
[01m[K/home/carbs/hdvio2.0/eigen_checks/include/eigen-checks/glog.h:38:3:[m[K [01;36m[Knote: [m[Kin expansion of macro ‘[01m[KINTERNAL_EIGEN_CHECKS_LOCAL_UNIQUE_VAR[m[K’
   38 |   [01;36m[KINTERNAL_EIGEN_CHECKS_LOCAL_UNIQUE_VAR[m[K(var, line)
      |   [01;36m[K^~~~~~~~~~~~~~~~~~~~~~~~~~~~~~~~~~~~~~[m[K
[01m[K/home/carbs/hdvio2.0/eigen_checks/include/eigen-checks/glog.h:41:30:[m[K [01;36m[Knote: [m[Kin expansion of macro ‘[01m[KINTERNAL_EIGEN_CHECKS_MAKE_VAR[m[K’
   41 |   ::testing::AssertionResult [01;36m[KINTERNAL_EIGEN_CHECKS_MAKE_VAR[m[K(                 \
      |                              [01;36m[K^~~~~~~~~~~~~~~~~~~~~~~~~~~~~~[m[K
[01m[K/home/carbs/hdvio2.0/eigen_checks/include/eigen-checks/glog.h:63:3:[m[K [01;36m[Knote: [m[Kin expansion of macro ‘[01m[KINTERNAL_EIGEN_CHECKS_MAKE_GLOG_CHECK[m[K’
   63 |   [01;36m[KINTERNAL_EIGEN_CHECKS_MAKE_GLOG_CHECK[m[K(                                     \
      |   [01;36m[K^~~~~~~~~~~~~~~~~~~~~~~~~~~~~~~~~~~~~[m[K
[01m[K/home/carbs/hdvio2.0/eigen_checks/test/test_glog-zero-sized-types.cc:34:41:[m[K [01;36m[Knote: [m[Kin expansion of macro ‘[01m[KCHECK_EIGEN_MATRIX_NEAR[m[K’
   34 |   GLOG_TEST_EXPECT_DEATH_DIFFERENT_DATA([01;36m[KCHECK_EIGEN_MATRIX_NEAR[m[K(A, B, 0.01));
      |                                         [01;36m[K^~~~~~~~~~~~~~~~~~~~~~~[m[K
[01m[K/home/carbs/hdvio2.0/eigen_checks/test/test_helper.h:136:16:[m[K [01;36m[Knote: [m[Kto match this ‘[01m[K([m[K’
  136 |   EXPECT_DEATH([01;36m[K([m[KX), "^")  // ^The matrices are different$
      |                [01;36m[K^[m[K
[01m[K/home/carbs/hdvio2.0/eigen_checks/test/test_glog-zero-sized-types.cc:34:3:[m[K [01;36m[Knote: [m[Kin expansion of macro ‘[01m[KGLOG_TEST_EXPECT_DEATH_DIFFERENT_DATA[m[K’
   34 |   [01;36m[KGLOG_TEST_EXPECT_DEATH_DIFFERENT_DATA[m[K(CHECK_EIGEN_MATRIX_NEAR(A, B, 0.01));
      |   [01;36m[K^~~~~~~~~~~~~~~~~~~~~~~~~~~~~~~~~~~~~[m[K
[01m[K/home/carbs/hdvio2.0/eigen_checks/test/test_glog-zero.cc:[m[K In member function ‘[01m[Kvirtual void EigenChecks_EigenMatrixZeroGLog_Matrix_Near5_Test<gtest_TypeParam_>::TestBody()[m[K’:
[01m[K/home/carbs/hdvio2.0/eigen_checks/include/eigen-checks/glog.h:42:7:[m[K [01;31m[Kerror: [m[Kexpected primary-expression before ‘[01m[Kresult_47[m[K’
   42 |       [01;31m[Kresult_[m[K, __LINE__) = (X);                                              \
      |       [01;31m[K^~~~~~~[m[K
[01m[K/home/carbs/hdvio2.0/eigen_checks/test/test_glog-zero.cc:46:3:[m[K [01;36m[Knote: [m[Kin expansion of macro ‘[01m[KGLOG_TEST_EXPECT_DEATH_DIFFERENT_DATA[m[K’
   46 |   [01;36m[KGLOG_TEST_EXPECT_DEATH_DIFFERENT_DATA[m[K(
      |   [01;36m[K^~~~~~~~~~~~~~~~~~~~~~~~~~~~~~~~~~~~~[m[K
[01m[K/home/carbs/hdvio2.0/eigen_checks/include/eigen-checks/glog.h:38:3:[m[K [01;36m[Knote: [m[Kin expansion of macro ‘[01m[KINTERNAL_EIGEN_CHECKS_LOCAL_UNIQUE_VAR[m[K’
   38 |   [01;36m[KINTERNAL_EIGEN_CHECKS_LOCAL_UNIQUE_VAR[m[K(var, line)
      |   [01;36m[K^~~~~~~~~~~~~~~~~~~~~~~~~~~~~~~~~~~~~~[m[K
[01m[K/home/carbs/hdvio2.0/eigen_checks/include/eigen-checks/glog.h:41:30:[m[K [01;36m[Knote: [m[Kin expansion of macro ‘[01m[KINTERNAL_EIGEN_CHECKS_MAKE_VAR[m[K’
   41 |   ::testing::AssertionResult [01;36m[KINTERNAL_EIGEN_CHECKS_MAKE_VAR[m[K(                 \
      |                              [01;36m[K^~~~~~~~~~~~~~~~~~~~~~~~~~~~~~[m[K
[01m[K/home/carbs/hdvio2.0/eigen_checks/include/eigen-checks/glog.h:68:3:[m[K [01;36m[Knote: [m[Kin expansion of macro ‘[01m[KINTERNAL_EIGEN_CHECKS_MAKE_GLOG_CHECK[m[K’
   68 |   [01;36m[KINTERNAL_EIGEN_CHECKS_MAKE_GLOG_CHECK[m[K(                                     \
      |   [01;36m[K^~~~~~~~~~~~~~~~~~~~~~~~~~~~~~~~~~~~~[m[K
[01m[K/home/carbs/hdvio2.0/eigen_checks/test/test_glog-zero.cc:47:7:[m[K [01;36m[Knote: [m[Kin expansion of macro ‘[01m[KCHECK_EIGEN_MATRIX_ZERO[m[K’
   47 |       [01;36m[KCHECK_EIGEN_MATRIX_ZERO[m[K(this->test_matrix_54_near_e_minus_5, 1e-5));
      |       [01;36m[K^~~~~~~~~~~~~~~~~~~~~~~[m[K
[01m[K/home/carbs/hdvio2.0/eigen_checks/include/eigen-checks/glog.h:42:7:[m[K [01;31m[Kerror: [m[Kexpected ‘[01m[K)[m[K’ before ‘[01m[Kresult_47[m[K’
   42 |       [01;31m[Kresult_[m[K, __LINE__) = (X);                                              \
      |       [01;31m[K^~~~~~~[m[K
[01m[K/home/carbs/hdvio2.0/eigen_checks/test/test_glog-zero.cc:46:3:[m[K [01;36m[Knote: [m[Kin expansion of macro ‘[01m[KGLOG_TEST_EXPECT_DEATH_DIFFERENT_DATA[m[K’
   46 |   [01;36m[KGLOG_TEST_EXPECT_DEATH_DIFFERENT_DATA[m[K(
      |   [01;36m[K^~~~~~~~~~~~~~~~~~~~~~~~~~~~~~~~~~~~~[m[K
[01m[K/home/carbs/hdvio2.0/eigen_checks/include/eigen-checks/glog.h:38:3:[m[K [01;36m[Knote: [m[Kin expansion of macro ‘[01m[KINTERNAL_EIGEN_CHECKS_LOCAL_UNIQUE_VAR[m[K’
   38 |   [01;36m[KINTERNAL_EIGEN_CHECKS_LOCAL_UNIQUE_VAR[m[K(var, line)
      |   [01;36m[K^~~~~~~~~~~~~~~~~~~~~~~~~~~~~~~~~~~~~~[m[K
[01m[K/home/carbs/hdvio2.0/eigen_checks/include/eigen-checks/glog.h:41:30:[m[K [01;36m[Knote: [m[Kin expansion of macro ‘[01m[KINTERNAL_EIGEN_CHECKS_MAKE_VAR[m[K’
   41 |   ::testing::AssertionResult [01;36m[KINTERNAL_EIGEN_CHECKS_MAKE_VAR[m[K(                 \
      |                              [01;36m[K^~~~~~~~~~~~~~~~~~~~~~~~~~~~~~[m[K
[01m[K/home/carbs/hdvio2.0/eigen_checks/include/eigen-checks/glog.h:68:3:[m[K [01;36m[Knote: [m[Kin expansion of macro ‘[01m[KINTERNAL_EIGEN_CHECKS_MAKE_GLOG_CHECK[m[K’
   68 |   [01;36m[KINTERNAL_EIGEN_CHECKS_MAKE_GLOG_CHECK[m[K(                                     \
      |   [01;36m[K^~~~~~~~~~~~~~~~~~~~~~~~~~~~~~~~~~~~~[m[K
[01m[K/home/carbs/hdvio2.0/eigen_checks/test/test_glog-zero.cc:47:7:[m[K [01;36m[Knote: [m[Kin expansion of macro ‘[01m[KCHECK_EIGEN_MATRIX_ZERO[m[K’
   47 |       [01;36m[KCHECK_EIGEN_MATRIX_ZERO[m[K(this->test_matrix_54_near_e_minus_5, 1e-5));
      |       [01;36m[K^~~~~~~~~~~~~~~~~~~~~~~[m[K
[01m[K/home/carbs/hdvio2.0/eigen_checks/test/test_helper.h:136:16:[m[K [01;36m[Knote: [m[Kto match this ‘[01m[K([m[K’
  136 |   EXPECT_DEATH([01;36m[K([m[KX), "^")  // ^The matrices are different$
      |                [01;36m[K^[m[K
[01m[K/home/carbs/hdvio2.0/eigen_checks/test/test_glog-zero.cc:46:3:[m[K [01;36m[Knote: [m[Kin expansion of macro ‘[01m[KGLOG_TEST_EXPECT_DEATH_DIFFERENT_DATA[m[K’
   46 |   [01;36m[KGLOG_TEST_EXPECT_DEATH_DIFFERENT_DATA[m[K(
      |   [01;36m[K^~~~~~~~~~~~~~~~~~~~~~~~~~~~~~~~~~~~~[m[K
[01m[K/home/carbs/hdvio2.0/eigen_checks/include/eigen-checks/glog.h:43:58:[m[K [01;31m[Kerror: [m[K‘[01m[Kresult_71[m[K’ was not declared in this scope
   43 |   CHECK(static_cast<bool>(INTERNAL_EIGEN_CHECKS_MAKE_VAR([01;31m[Kresult_[m[K, __LINE__)))\
      |                                                          [01;31m[K^~~~~~~[m[K
[01m[K/home/carbs/hdvio2.0/eigen_checks/test/test_glog-near.cc:71:3:[m[K [01;36m[Knote: [m[Kin expansion of macro ‘[01m[KGLOG_TEST_EXPECT_DEATH_DIFFERENT_DATA[m[K’
   71 |   [01;36m[KGLOG_TEST_EXPECT_DEATH_DIFFERENT_DATA[m[K(CHECK_EIGEN_MATRIX_NEAR(
      |   [01;36m[K^~~~~~~~~~~~~~~~~~~~~~~~~~~~~~~~~~~~~[m[K
[01m[K/home/carbs/hdvio2.0/eigen_checks/include/eigen-checks/glog.h:38:3:[m[K [01;36m[Knote: [m[Kin expansion of macro ‘[01m[KINTERNAL_EIGEN_CHECKS_LOCAL_UNIQUE_VAR[m[K’
   38 |   [01;36m[KINTERNAL_EIGEN_CHECKS_LOCAL_UNIQUE_VAR[m[K(var, line)
      |   [01;36m[K^~~~~~~~~~~~~~~~~~~~~~~~~~~~~~~~~~~~~~[m[K
[01m[K/home/carbs/hdvio2.0/eigen_checks/include/eigen-checks/glog.h:43:27:[m[K [01;36m[Knote: [m[Kin expansion of macro ‘[01m[KINTERNAL_EIGEN_CHECKS_MAKE_VAR[m[K’
   43 |   CHECK(static_cast<bool>([01;36m[KINTERNAL_EIGEN_CHECKS_MAKE_VAR[m[K(result_, __LINE__)))\
      |                           [01;36m[K^~~~~~~~~~~~~~~~~~~~~~~~~~~~~~[m[K
[01m[K/home/carbs/hdvio2.0/eigen_checks/include/eigen-checks/glog.h:63:3:[m[K [01;36m[Knote: [m[Kin expansion of macro ‘[01m[KINTERNAL_EIGEN_CHECKS_MAKE_GLOG_CHECK[m[K’
   63 |   [01;36m[KINTERNAL_EIGEN_CHECKS_MAKE_GLOG_CHECK[m[K(                                     \
      |   [01;36m[K^~~~~~~~~~~~~~~~~~~~~~~~~~~~~~~~~~~~~[m[K
[01m[K/home/carbs/hdvio2.0/eigen_checks/test/test_glog-near.cc:71:41:[m[K [01;36m[Knote: [m[Kin expansion of macro ‘[01m[KCHECK_EIGEN_MATRIX_NEAR[m[K’
   71 |   GLOG_TEST_EXPECT_DEATH_DIFFERENT_DATA([01;36m[KCHECK_EIGEN_MATRIX_NEAR[m[K(
      |                                         [01;36m[K^~~~~~~~~~~~~~~~~~~~~~~[m[K
[01m[K/home/carbs/hdvio2.0/eigen_checks/test/test_glog-near.cc:[m[K In member function ‘[01m[Kvirtual void EigenChecks_EigenMatrixNearGLog_Vector_OtherSize_Test<gtest_TypeParam_>::TestBody()[m[K’:
[01m[K/home/carbs/hdvio2.0/eigen_checks/include/eigen-checks/glog.h:42:7:[m[K [01;31m[Kerror: [m[Kexpected primary-expression before ‘[01m[Kresult_76[m[K’
   42 |       [01;31m[Kresult_[m[K, __LINE__) = (X);                                              \
      |       [01;31m[K^~~~~~~[m[K
[01m[K/home/carbs/hdvio2.0/eigen_checks/test/test_glog-near.cc:76:3:[m[K [01;36m[Knote: [m[Kin expansion of macro ‘[01m[KGLOG_TEST_EXPECT_DEATH_DIFFERENT_SIZE[m[K’
   76 |   [01;36m[KGLOG_TEST_EXPECT_DEATH_DIFFERENT_SIZE[m[K(CHECK_EIGEN_MATRIX_NEAR(
      |   [01;36m[K^~~~~~~~~~~~~~~~~~~~~~~~~~~~~~~~~~~~~[m[K
[01m[K/home/carbs/hdvio2.0/eigen_checks/include/eigen-checks/glog.h:38:3:[m[K [01;36m[Knote: [m[Kin expansion of macro ‘[01m[KINTERNAL_EIGEN_CHECKS_LOCAL_UNIQUE_VAR[m[K’
   38 |   [01;36m[KINTERNAL_EIGEN_CHECKS_LOCAL_UNIQUE_VAR[m[K(var, line)
      |   [01;36m[K^~~~~~~~~~~~~~~~~~~~~~~~~~~~~~~~~~~~~~[m[K
[01m[K/home/carbs/hdvio2.0/eigen_checks/include/eigen-checks/glog.h:41:30:[m[K [01;36m[Knote: [m[Kin expansion of macro ‘[01m[KINTERNAL_EIGEN_CHECKS_MAKE_VAR[m[K’
   41 |   ::testing::AssertionResult [01;36m[KINTERNAL_EIGEN_CHECKS_MAKE_VAR[m[K(                 \
      |                              [01;36m[K^~~~~~~~~~~~~~~~~~~~~~~~~~~~~~[m[K
[01m[K/home/carbs/hdvio2.0/eigen_checks/include/eigen-checks/glog.h:63:3:[m[K [01;36m[Knote: [m[Kin expansion of macro ‘[01m[KINTERNAL_EIGEN_CHECKS_MAKE_GLOG_CHECK[m[K’
   63 |   [01;36m[KINTERNAL_EIGEN_CHECKS_MAKE_GLOG_CHECK[m[K(                                     \
      |   [01;36m[K^~~~~~~~~~~~~~~~~~~~~~~~~~~~~~~~~~~~~[m[K
[01m[K/home/carbs/hdvio2.0/eigen_checks/test/test_glog-near.cc:76:41:[m[K [01;36m[Knote: [m[Kin expansion of macro ‘[01m[KCHECK_EIGEN_MATRIX_NEAR[m[K’
   76 |   GLOG_TEST_EXPECT_DEATH_DIFFERENT_SIZE([01;36m[KCHECK_EIGEN_MATRIX_NEAR[m[K(
      |                                         [01;36m[K^~~~~~~~~~~~~~~~~~~~~~~[m[K
[01m[K/home/carbs/hdvio2.0/eigen_checks/include/eigen-checks/glog.h:42:7:[m[K [01;31m[Kerror: [m[Kexpected ‘[01m[K)[m[K’ before ‘[01m[Kresult_76[m[K’
   42 |       [01;31m[Kresult_[m[K, __LINE__) = (X);                                              \
      |       [01;31m[K^~~~~~~[m[K
[01m[K/home/carbs/hdvio2.0/eigen_checks/test/test_glog-near.cc:76:3:[m[K [01;36m[Knote: [m[Kin expansion of macro ‘[01m[KGLOG_TEST_EXPECT_DEATH_DIFFERENT_SIZE[m[K’
   76 |   [01;36m[KGLOG_TEST_EXPECT_DEATH_DIFFERENT_SIZE[m[K(CHECK_EIGEN_MATRIX_NEAR(
      |   [01;36m[K^~~~~~~~~~~~~~~~~~~~~~~~~~~~~~~~~~~~~[m[K
[01m[K/home/carbs/hdvio2.0/eigen_checks/include/eigen-checks/glog.h:38:3:[m[K [01;36m[Knote: [m[Kin expansion of macro ‘[01m[KINTERNAL_EIGEN_CHECKS_LOCAL_UNIQUE_VAR[m[K’
   38 |   [01;36m[KINTERNAL_EIGEN_CHECKS_LOCAL_UNIQUE_VAR[m[K(var, line)
      |   [01;36m[K^~~~~~~~~~~~~~~~~~~~~~~~~~~~~~~~~~~~~~[m[K
[01m[K/home/carbs/hdvio2.0/eigen_checks/include/eigen-checks/glog.h:41:30:[m[K [01;36m[Knote: [m[Kin expansion of macro ‘[01m[KINTERNAL_EIGEN_CHECKS_MAKE_VAR[m[K’
   41 |   ::testing::AssertionResult [01;36m[KINTERNAL_EIGEN_CHECKS_MAKE_VAR[m[K(                 \
      |                              [01;36m[K^~~~~~~~~~~~~~~~~~~~~~~~~~~~~~[m[K
[01m[K/home/carbs/hdvio2.0/eigen_checks/include/eigen-checks/glog.h:63:3:[m[K [01;36m[Knote: [m[Kin expansion of macro ‘[01m[KINTERNAL_EIGEN_CHECKS_MAKE_GLOG_CHECK[m[K’
   63 |   [01;36m[KINTERNAL_EIGEN_CHECKS_MAKE_GLOG_CHECK[m[K(                                     \
      |   [01;36m[K^~~~~~~~~~~~~~~~~~~~~~~~~~~~~~~~~~~~~[m[K
[01m[K/home/carbs/hdvio2.0/eigen_checks/test/test_glog-near.cc:76:41:[m[K [01;36m[Knote: [m[Kin expansion of macro ‘[01m[KCHECK_EIGEN_MATRIX_NEAR[m[K’
   76 |   GLOG_TEST_EXPECT_DEATH_DIFFERENT_SIZE([01;36m[KCHECK_EIGEN_MATRIX_NEAR[m[K(
      |                                         [01;36m[K^~~~~~~~~~~~~~~~~~~~~~~[m[K
[01m[K/home/carbs/hdvio2.0/eigen_checks/test/test_helper.h:133:16:[m[K [01;36m[Knote: [m[Kto match this ‘[01m[K([m[K’
  133 |   EXPECT_DEATH([01;36m[K([m[KX), "^")  // ^The matrices have a different$
      |                [01;36m[K^[m[K
[01m[K/home/carbs/hdvio2.0/eigen_checks/test/test_glog-near.cc:76:3:[m[K [01;36m[Knote: [m[Kin expansion of macro ‘[01m[KGLOG_TEST_EXPECT_DEATH_DIFFERENT_SIZE[m[K’
   76 |   [01;36m[KGLOG_TEST_EXPECT_DEATH_DIFFERENT_SIZE[m[K(CHECK_EIGEN_MATRIX_NEAR(
      |   [01;36m[K^~~~~~~~~~~~~~~~~~~~~~~~~~~~~~~~~~~~~[m[K
[01m[K/home/carbs/hdvio2.0/eigen_checks/include/eigen-checks/glog.h:43:58:[m[K [01;31m[Kerror: [m[K‘[01m[Kresult_38[m[K’ was not declared in this scope
   43 |   CHECK(static_cast<bool>(INTERNAL_EIGEN_CHECKS_MAKE_VAR([01;31m[Kresult_[m[K, __LINE__)))\
      |                                                          [01;31m[K^~~~~~~[m[K
[01m[K/home/carbs/hdvio2.0/eigen_checks/test/test_glog-equal-double.cc:37:3:[m[K [01;36m[Knote: [m[Kin expansion of macro ‘[01m[KGLOG_TEST_EXPECT_DEATH_DIFFERENT_DATA[m[K’
   37 |   [01;36m[KGLOG_TEST_EXPECT_DEATH_DIFFERENT_DATA[m[K(
      |   [01;36m[K^~~~~~~~~~~~~~~~~~~~~~~~~~~~~~~~~~~~~[m[K
[01m[K/home/carbs/hdvio2.0/eigen_checks/include/eigen-checks/glog.h:38:3:[m[K [01;36m[Knote: [m[Kin expansion of macro ‘[01m[KINTERNAL_EIGEN_CHECKS_LOCAL_UNIQUE_VAR[m[K’
   38 |   [01;36m[KINTERNAL_EIGEN_CHECKS_LOCAL_UNIQUE_VAR[m[K(var, line)
      |   [01;36m[K^~~~~~~~~~~~~~~~~~~~~~~~~~~~~~~~~~~~~~[m[K
[01m[K/home/carbs/hdvio2.0/eigen_checks/include/eigen-checks/glog.h:43:27:[m[K [01;36m[Knote: [m[Kin expansion of macro ‘[01m[KINTERNAL_EIGEN_CHECKS_MAKE_VAR[m[K’
   43 |   CHECK(static_cast<bool>([01;36m[KINTERNAL_EIGEN_CHECKS_MAKE_VAR[m[K(result_, __LINE__)))\
      |                           [01;36m[K^~~~~~~~~~~~~~~~~~~~~~~~~~~~~~[m[K
[01m[K/home/carbs/hdvio2.0/eigen_checks/include/eigen-checks/glog.h:54:3:[m[K [01;36m[Knote: [m[Kin expansion of macro ‘[01m[KINTERNAL_EIGEN_CHECKS_MAKE_GLOG_CHECK[m[K’
   54 |   [01;36m[KINTERNAL_EIGEN_CHECKS_MAKE_GLOG_CHECK[m[K(                                     \
      |   [01;36m[K^~~~~~~~~~~~~~~~~~~~~~~~~~~~~~~~~~~~~[m[K
[01m[K/home/carbs/hdvio2.0/eigen_checks/test/test_glog-equal-double.cc:38:7:[m[K [01;36m[Knote: [m[Kin expansion of macro ‘[01m[KCHECK_EIGEN_MATRIX_EQUAL_DOUBLE[m[K’
   38 |       [01;36m[KCHECK_EIGEN_MATRIX_EQUAL_DOUBLE[m[K(this->ground_truth_matrix_54,
      |       [01;36m[K^~~~~~~~~~~~~~~~~~~~~~~~~~~~~~~[m[K
[01m[K/home/carbs/hdvio2.0/eigen_checks/test/test_glog-equal-double.cc:[m[K In member function ‘[01m[Kvirtual void EigenChecks_EigenMatrixEqualDoubleGLog_Matrix_OtherSize_Test<gtest_TypeParam_>::TestBody()[m[K’:
[01m[K/home/carbs/hdvio2.0/eigen_checks/include/eigen-checks/glog.h:42:7:[m[K [01;31m[Kerror: [m[Kexpected primary-expression before ‘[01m[Kresult_44[m[K’
   42 |       [01;31m[Kresult_[m[K, __LINE__) = (X);                                              \
      |       [01;31m[K^~~~~~~[m[K
[01m[K/home/carbs/hdvio2.0/eigen_checks/test/test_glog-equal-double.cc:43:3:[m[K [01;36m[Knote: [m[Kin expansion of macro ‘[01m[KGLOG_TEST_EXPECT_DEATH_DIFFERENT_SIZE[m[K’
   43 |   [01;36m[KGLOG_TEST_EXPECT_DEATH_DIFFERENT_SIZE[m[K(
      |   [01;36m[K^~~~~~~~~~~~~~~~~~~~~~~~~~~~~~~~~~~~~[m[K
[01m[K/home/carbs/hdvio2.0/eigen_checks/include/eigen-checks/glog.h:38:3:[m[K [01;36m[Knote: [m[Kin expansion of macro ‘[01m[KINTERNAL_EIGEN_CHECKS_LOCAL_UNIQUE_VAR[m[K’
   38 |   [01;36m[KINTERNAL_EIGEN_CHECKS_LOCAL_UNIQUE_VAR[m[K(var, line)
      |   [01;36m[K^~~~~~~~~~~~~~~~~~~~~~~~~~~~~~~~~~~~~~[m[K
[01m[K/home/carbs/hdvio2.0/eigen_checks/include/eigen-checks/glog.h:41:30:[m[K [01;36m[Knote: [m[Kin expansion of macro ‘[01m[KINTERNAL_EIGEN_CHECKS_MAKE_VAR[m[K’
   41 |   ::testing::AssertionResult [01;36m[KINTERNAL_EIGEN_CHECKS_MAKE_VAR[m[K(                 \
      |                              [01;36m[K^~~~~~~~~~~~~~~~~~~~~~~~~~~~~~[m[K
[01m[K/home/carbs/hdvio2.0/eigen_checks/include/eigen-checks/glog.h:54:3:[m[K [01;36m[Knote: [m[Kin expansion of macro ‘[01m[KINTERNAL_EIGEN_CHECKS_MAKE_GLOG_CHECK[m[K’
   54 |   [01;36m[KINTERNAL_EIGEN_CHECKS_MAKE_GLOG_CHECK[m[K(                                     \
      |   [01;36m[K^~~~~~~~~~~~~~~~~~~~~~~~~~~~~~~~~~~~~[m[K
[01m[K/home/carbs/hdvio2.0/eigen_checks/test/test_glog-equal-double.cc:44:7:[m[K [01;36m[Knote: [m[Kin expansion of macro ‘[01m[KCHECK_EIGEN_MATRIX_EQUAL_DOUBLE[m[K’
   44 |       [01;36m[KCHECK_EIGEN_MATRIX_EQUAL_DOUBLE[m[K(this->ground_truth_matrix_54,
      |       [01;36m[K^~~~~~~~~~~~~~~~~~~~~~~~~~~~~~~[m[K
[01m[K/home/carbs/hdvio2.0/eigen_checks/include/eigen-checks/glog.h:42:7:[m[K [01;31m[Kerror: [m[Kexpected ‘[01m[K)[m[K’ before ‘[01m[Kresult_44[m[K’
   42 |       [01;31m[Kresult_[m[K, __LINE__) = (X);                                              \
      |       [01;31m[K^~~~~~~[m[K
[01m[K/home/carbs/hdvio2.0/eigen_checks/test/test_glog-equal-double.cc:43:3:[m[K [01;36m[Knote: [m[Kin expansion of macro ‘[01m[KGLOG_TEST_EXPECT_DEATH_DIFFERENT_SIZE[m[K’
   43 |   [01;36m[KGLOG_TEST_EXPECT_DEATH_DIFFERENT_SIZE[m[K(
      |   [01;36m[K^~~~~~~~~~~~~~~~~~~~~~~~~~~~~~~~~~~~~[m[K
[01m[K/home/carbs/hdvio2.0/eigen_checks/include/eigen-checks/glog.h:38:3:[m[K [01;36m[Knote: [m[Kin expansion of macro ‘[01m[KINTERNAL_EIGEN_CHECKS_LOCAL_UNIQUE_VAR[m[K’
   38 |   [01;36m[KINTERNAL_EIGEN_CHECKS_LOCAL_UNIQUE_VAR[m[K(var, line)
      |   [01;36m[K^~~~~~~~~~~~~~~~~~~~~~~~~~~~~~~~~~~~~~[m[K
[01m[K/home/carbs/hdvio2.0/eigen_checks/include/eigen-checks/glog.h:41:30:[m[K [01;36m[Knote: [m[Kin expansion of macro ‘[01m[KINTERNAL_EIGEN_CHECKS_MAKE_VAR[m[K’
   41 |   ::testing::AssertionResult [01;36m[KINTERNAL_EIGEN_CHECKS_MAKE_VAR[m[K(                 \
      |                              [01;36m[K^~~~~~~~~~~~~~~~~~~~~~~~~~~~~~[m[K
[01m[K/home/carbs/hdvio2.0/eigen_checks/include/eigen-checks/glog.h:54:3:[m[K [01;36m[Knote: [m[Kin expansion of macro ‘[01m[KINTERNAL_EIGEN_CHECKS_MAKE_GLOG_CHECK[m[K’
   54 |   [01;36m[KINTERNAL_EIGEN_CHECKS_MAKE_GLOG_CHECK[m[K(                                     \
      |   [01;36m[K^~~~~~~~~~~~~~~~~~~~~~~~~~~~~~~~~~~~~[m[K
[01m[K/home/carbs/hdvio2.0/eigen_checks/test/test_glog-equal-double.cc:44:7:[m[K [01;36m[Knote: [m[Kin expansion of macro ‘[01m[KCHECK_EIGEN_MATRIX_EQUAL_DOUBLE[m[K’
   44 |       [01;36m[KCHECK_EIGEN_MATRIX_EQUAL_DOUBLE[m[K(this->ground_truth_matrix_54,
      |       [01;36m[K^~~~~~~~~~~~~~~~~~~~~~~~~~~~~~~[m[K
[01m[K/home/carbs/hdvio2.0/eigen_checks/include/eigen-checks/glog.h:43:58:[m[K [01;31m[Kerror: [m[K‘[01m[Kresult_47[m[K’ was not declared in this scope
   43 |   CHECK(static_cast<bool>(INTERNAL_EIGEN_CHECKS_MAKE_VAR([01;31m[Kresult_[m[K, __LINE__)))\
      |                                                          [01;31m[K^~~~~~~[m[K
[01m[K/home/carbs/hdvio2.0/eigen_checks/test/test_glog-zero.cc:46:3:[m[K [01;36m[Knote: [m[Kin expansion of macro ‘[01m[KGLOG_TEST_EXPECT_DEATH_DIFFERENT_DATA[m[K’
   46 |   [01;36m[KGLOG_TEST_EXPECT_DEATH_DIFFERENT_DATA[m[K(
      |   [01;36m[K^~~~~~~~~~~~~~~~~~~~~~~~~~~~~~~~~~~~~[m[K
[01m[K/home/carbs/hdvio2.0/eigen_checks/include/eigen-checks/glog.h:38:3:[m[K [01;36m[Knote: [m[Kin expansion of macro ‘[01m[KINTERNAL_EIGEN_CHECKS_LOCAL_UNIQUE_VAR[m[K’
   38 |   [01;36m[KINTERNAL_EIGEN_CHECKS_LOCAL_UNIQUE_VAR[m[K(var, line)
      |   [01;36m[K^~~~~~~~~~~~~~~~~~~~~~~~~~~~~~~~~~~~~~[m[K
[01m[K/home/carbs/hdvio2.0/eigen_checks/include/eigen-checks/glog.h:43:27:[m[K [01;36m[Knote: [m[Kin expansion of macro ‘[01m[KINTERNAL_EIGEN_CHECKS_MAKE_VAR[m[K’
   43 |   CHECK(static_cast<bool>([01;36m[KINTERNAL_EIGEN_CHECKS_MAKE_VAR[m[K(result_, __LINE__)))\
      |                           [01;36m[K^~~~~~~~~~~~~~~~~~~~~~~~~~~~~~[m[K
[01m[K/home/carbs/hdvio2.0/eigen_checks/include/eigen-checks/glog.h:68:3:[m[K [01;36m[Knote: [m[Kin expansion of macro ‘[01m[KINTERNAL_EIGEN_CHECKS_MAKE_GLOG_CHECK[m[K’
   68 |   [01;36m[KINTERNAL_EIGEN_CHECKS_MAKE_GLOG_CHECK[m[K(                                     \
      |   [01;36m[K^~~~~~~~~~~~~~~~~~~~~~~~~~~~~~~~~~~~~[m[K
[01m[K/home/carbs/hdvio2.0/eigen_checks/test/test_glog-zero.cc:47:7:[m[K [01;36m[Knote: [m[Kin expansion of macro ‘[01m[KCHECK_EIGEN_MATRIX_ZERO[m[K’
   47 |       [01;36m[KCHECK_EIGEN_MATRIX_ZERO[m[K(this->test_matrix_54_near_e_minus_5, 1e-5));
      |       [01;36m[K^~~~~~~~~~~~~~~~~~~~~~~[m[K
[01m[K/home/carbs/hdvio2.0/eigen_checks/test/test_helper.h:133:16:[m[K [01;36m[Knote: [m[Kto match this ‘[01m[K([m[K’
  133 |   EXPECT_DEATH([01;36m[K([m[KX), "^")  // ^The matrices have a different$
      |                [01;36m[K^[m[K
[01m[K/home/carbs/hdvio2.0/eigen_checks/test/test_glog-equal-double.cc:43:3:[m[K [01;36m[Knote: [m[Kin expansion of macro ‘[01m[KGLOG_TEST_EXPECT_DEATH_DIFFERENT_SIZE[m[K’
   43 |   [01;36m[KGLOG_TEST_EXPECT_DEATH_DIFFERENT_SIZE[m[K(
      |   [01;36m[K^~~~~~~~~~~~~~~~~~~~~~~~~~~~~~~~~~~~~[m[K
[01m[K/home/carbs/hdvio2.0/eigen_checks/include/eigen-checks/glog.h:43:58:[m[K [01;31m[Kerror: [m[K‘[01m[Kresult_34[m[K’ was not declared in this scope
   43 |   CHECK(static_cast<bool>(INTERNAL_EIGEN_CHECKS_MAKE_VAR([01;31m[Kresult_[m[K, __LINE__)))\
      |                                                          [01;31m[K^~~~~~~[m[K
[01m[K/home/carbs/hdvio2.0/eigen_checks/test/test_glog-zero-sized-types.cc:34:3:[m[K [01;36m[Knote: [m[Kin expansion of macro ‘[01m[KGLOG_TEST_EXPECT_DEATH_DIFFERENT_DATA[m[K’
   34 |   [01;36m[KGLOG_TEST_EXPECT_DEATH_DIFFERENT_DATA[m[K(CHECK_EIGEN_MATRIX_NEAR(A, B, 0.01));
      |   [01;36m[K^~~~~~~~~~~~~~~~~~~~~~~~~~~~~~~~~~~~~[m[K
[01m[K/home/carbs/hdvio2.0/eigen_checks/include/eigen-checks/glog.h:38:3:[m[K [01;36m[Knote: [m[Kin expansion of macro ‘[01m[KINTERNAL_EIGEN_CHECKS_LOCAL_UNIQUE_VAR[m[K’
   38 |   [01;36m[KINTERNAL_EIGEN_CHECKS_LOCAL_UNIQUE_VAR[m[K(var, line)
      |   [01;36m[K^~~~~~~~~~~~~~~~~~~~~~~~~~~~~~~~~~~~~~[m[K
[01m[K/home/carbs/hdvio2.0/eigen_checks/include/eigen-checks/glog.h:43:27:[m[K [01;36m[Knote: [m[Kin expansion of macro ‘[01m[KINTERNAL_EIGEN_CHECKS_MAKE_VAR[m[K’
   43 |   CHECK(static_cast<bool>([01;36m[KINTERNAL_EIGEN_CHECKS_MAKE_VAR[m[K(result_, __LINE__)))\
      |                           [01;36m[K^~~~~~~~~~~~~~~~~~~~~~~~~~~~~~[m[K
[01m[K/home/carbs/hdvio2.0/eigen_checks/include/eigen-checks/glog.h:63:3:[m[K [01;36m[Knote: [m[Kin expansion of macro ‘[01m[KINTERNAL_EIGEN_CHECKS_MAKE_GLOG_CHECK[m[K’
   63 |   [01;36m[KINTERNAL_EIGEN_CHECKS_MAKE_GLOG_CHECK[m[K(                                     \
      |   [01;36m[K^~~~~~~~~~~~~~~~~~~~~~~~~~~~~~~~~~~~~[m[K
[01m[K/home/carbs/hdvio2.0/eigen_checks/test/test_glog-zero-sized-types.cc:34:41:[m[K [01;36m[Knote: [m[Kin expansion of macro ‘[01m[KCHECK_EIGEN_MATRIX_NEAR[m[K’
   34 |   GLOG_TEST_EXPECT_DEATH_DIFFERENT_DATA([01;36m[KCHECK_EIGEN_MATRIX_NEAR[m[K(A, B, 0.01));
      |                                         [01;36m[K^~~~~~~~~~~~~~~~~~~~~~~[m[K
[01m[K/home/carbs/hdvio2.0/eigen_checks/include/eigen-checks/glog.h:43:58:[m[K [01;31m[Kerror: [m[K‘[01m[Kresult_76[m[K’ was not declared in this scope
   43 |   CHECK(static_cast<bool>(INTERNAL_EIGEN_CHECKS_MAKE_VAR([01;31m[Kresult_[m[K, __LINE__)))\
      |                                                          [01;31m[K^~~~~~~[m[K
[01m[K/home/carbs/hdvio2.0/eigen_checks/test/test_glog-near.cc:76:3:[m[K [01;36m[Knote: [m[Kin expansion of macro ‘[01m[KGLOG_TEST_EXPECT_DEATH_DIFFERENT_SIZE[m[K’
   76 |   [01;36m[KGLOG_TEST_EXPECT_DEATH_DIFFERENT_SIZE[m[K(CHECK_EIGEN_MATRIX_NEAR(
      |   [01;36m[K^~~~~~~~~~~~~~~~~~~~~~~~~~~~~~~~~~~~~[m[K
[01m[K/home/carbs/hdvio2.0/eigen_checks/include/eigen-checks/glog.h:38:3:[m[K [01;36m[Knote: [m[Kin expansion of macro ‘[01m[KINTERNAL_EIGEN_CHECKS_LOCAL_UNIQUE_VAR[m[K’
   38 |   [01;36m[KINTERNAL_EIGEN_CHECKS_LOCAL_UNIQUE_VAR[m[K(var, line)
      |   [01;36m[K^~~~~~~~~~~~~~~~~~~~~~~~~~~~~~~~~~~~~~[m[K
[01m[K/home/carbs/hdvio2.0/eigen_checks/include/eigen-checks/glog.h:43:27:[m[K [01;36m[Knote: [m[Kin expansion of macro ‘[01m[KINTERNAL_EIGEN_CHECKS_MAKE_VAR[m[K’
   43 |   CHECK(static_cast<bool>([01;36m[KINTERNAL_EIGEN_CHECKS_MAKE_VAR[m[K(result_, __LINE__)))\
      |                           [01;36m[K^~~~~~~~~~~~~~~~~~~~~~~~~~~~~~[m[K
[01m[K/home/carbs/hdvio2.0/eigen_checks/include/eigen-checks/glog.h:63:3:[m[K [01;36m[Knote: [m[Kin expansion of macro ‘[01m[KINTERNAL_EIGEN_CHECKS_MAKE_GLOG_CHECK[m[K’
   63 |   [01;36m[KINTERNAL_EIGEN_CHECKS_MAKE_GLOG_CHECK[m[K(                                     \
      |   [01;36m[K^~~~~~~~~~~~~~~~~~~~~~~~~~~~~~~~~~~~~[m[K
[01m[K/home/carbs/hdvio2.0/eigen_checks/test/test_glog-near.cc:76:41:[m[K [01;36m[Knote: [m[Kin expansion of macro ‘[01m[KCHECK_EIGEN_MATRIX_NEAR[m[K’
   76 |   GLOG_TEST_EXPECT_DEATH_DIFFERENT_SIZE([01;36m[KCHECK_EIGEN_MATRIX_NEAR[m[K(
      |                                         [01;36m[K^~~~~~~~~~~~~~~~~~~~~~~[m[K
[01m[K/home/carbs/hdvio2.0/eigen_checks/test/test_glog-zero.cc:[m[K In member function ‘[01m[Kvirtual void EigenChecks_EigenMatrixZeroGLog_Vector_NonEqualRandom_Test<gtest_TypeParam_>::TestBody()[m[K’:
[01m[K/home/carbs/hdvio2.0/eigen_checks/include/eigen-checks/glog.h:42:7:[m[K [01;31m[Kerror: [m[Kexpected primary-expression before ‘[01m[Kresult_57[m[K’
   42 |       [01;31m[Kresult_[m[K, __LINE__) = (X);                                              \
      |       [01;31m[K^~~~~~~[m[K
[01m[K/home/carbs/hdvio2.0/eigen_checks/test/test_glog-zero.cc:56:3:[m[K [01;36m[Knote: [m[Kin expansion of macro ‘[01m[KGLOG_TEST_EXPECT_DEATH_DIFFERENT_DATA[m[K’
   56 |   [01;36m[KGLOG_TEST_EXPECT_DEATH_DIFFERENT_DATA[m[K(
      |   [01;36m[K^~~~~~~~~~~~~~~~~~~~~~~~~~~~~~~~~~~~~[m[K
[01m[K/home/carbs/hdvio2.0/eigen_checks/include/eigen-checks/glog.h:38:3:[m[K [01;36m[Knote: [m[Kin expansion of macro ‘[01m[KINTERNAL_EIGEN_CHECKS_LOCAL_UNIQUE_VAR[m[K’
   38 |   [01;36m[KINTERNAL_EIGEN_CHECKS_LOCAL_UNIQUE_VAR[m[K(var, line)
      |   [01;36m[K^~~~~~~~~~~~~~~~~~~~~~~~~~~~~~~~~~~~~~[m[K
[01m[K/home/carbs/hdvio2.0/eigen_checks/include/eigen-checks/glog.h:41:30:[m[K [01;36m[Knote: [m[Kin expansion of macro ‘[01m[KINTERNAL_EIGEN_CHECKS_MAKE_VAR[m[K’
   41 |   ::testing::AssertionResult [01;36m[KINTERNAL_EIGEN_CHECKS_MAKE_VAR[m[K(                 \
      |                              [01;36m[K^~~~~~~~~~~~~~~~~~~~~~~~~~~~~~[m[K
[01m[K/home/carbs/hdvio2.0/eigen_checks/include/eigen-checks/glog.h:68:3:[m[K [01;36m[Knote: [m[Kin expansion of macro ‘[01m[KINTERNAL_EIGEN_CHECKS_MAKE_GLOG_CHECK[m[K’
   68 |   [01;36m[KINTERNAL_EIGEN_CHECKS_MAKE_GLOG_CHECK[m[K(                                     \
      |   [01;36m[K^~~~~~~~~~~~~~~~~~~~~~~~~~~~~~~~~~~~~[m[K
[01m[K/home/carbs/hdvio2.0/eigen_checks/test/test_glog-zero.cc:57:7:[m[K [01;36m[Knote: [m[Kin expansion of macro ‘[01m[KCHECK_EIGEN_MATRIX_ZERO[m[K’
   57 |       [01;36m[KCHECK_EIGEN_MATRIX_ZERO[m[K(this->ground_truth_vector_5, 1e-5));
      |       [01;36m[K^~~~~~~~~~~~~~~~~~~~~~~[m[K
[01m[K/home/carbs/hdvio2.0/eigen_checks/include/eigen-checks/glog.h:42:7:[m[K [01;31m[Kerror: [m[Kexpected ‘[01m[K)[m[K’ before ‘[01m[Kresult_57[m[K’
   42 |       [01;31m[Kresult_[m[K, __LINE__) = (X);                                              \
      |       [01;31m[K^~~~~~~[m[K
[01m[K/home/carbs/hdvio2.0/eigen_checks/test/test_glog-zero.cc:56:3:[m[K [01;36m[Knote: [m[Kin expansion of macro ‘[01m[KGLOG_TEST_EXPECT_DEATH_DIFFERENT_DATA[m[K’
   56 |   [01;36m[KGLOG_TEST_EXPECT_DEATH_DIFFERENT_DATA[m[K(
      |   [01;36m[K^~~~~~~~~~~~~~~~~~~~~~~~~~~~~~~~~~~~~[m[K
[01m[K/home/carbs/hdvio2.0/eigen_checks/include/eigen-checks/glog.h:38:3:[m[K [01;36m[Knote: [m[Kin expansion of macro ‘[01m[KINTERNAL_EIGEN_CHECKS_LOCAL_UNIQUE_VAR[m[K’
   38 |   [01;36m[KINTERNAL_EIGEN_CHECKS_LOCAL_UNIQUE_VAR[m[K(var, line)
      |   [01;36m[K^~~~~~~~~~~~~~~~~~~~~~~~~~~~~~~~~~~~~~[m[K
[01m[K/home/carbs/hdvio2.0/eigen_checks/include/eigen-checks/glog.h:41:30:[m[K [01;36m[Knote: [m[Kin expansion of macro ‘[01m[KINTERNAL_EIGEN_CHECKS_MAKE_VAR[m[K’
   41 |   ::testing::AssertionResult [01;36m[KINTERNAL_EIGEN_CHECKS_MAKE_VAR[m[K(                 \
      |                              [01;36m[K^~~~~~~~~~~~~~~~~~~~~~~~~~~~~~[m[K
[01m[K/home/carbs/hdvio2.0/eigen_checks/include/eigen-checks/glog.h:68:3:[m[K [01;36m[Knote: [m[Kin expansion of macro ‘[01m[KINTERNAL_EIGEN_CHECKS_MAKE_GLOG_CHECK[m[K’
   68 |   [01;36m[KINTERNAL_EIGEN_CHECKS_MAKE_GLOG_CHECK[m[K(                                     \
      |   [01;36m[K^~~~~~~~~~~~~~~~~~~~~~~~~~~~~~~~~~~~~[m[K
[01m[K/home/carbs/hdvio2.0/eigen_checks/test/test_glog-zero.cc:57:7:[m[K [01;36m[Knote: [m[Kin expansion of macro ‘[01m[KCHECK_EIGEN_MATRIX_ZERO[m[K’
   57 |       [01;36m[KCHECK_EIGEN_MATRIX_ZERO[m[K(this->ground_truth_vector_5, 1e-5));
      |       [01;36m[K^~~~~~~~~~~~~~~~~~~~~~~[m[K
[01m[K/home/carbs/hdvio2.0/eigen_checks/test/test_helper.h:136:16:[m[K [01;36m[Knote: [m[Kto match this ‘[01m[K([m[K’
  136 |   EXPECT_DEATH([01;36m[K([m[KX), "^")  // ^The matrices are different$
      |                [01;36m[K^[m[K
[01m[K/home/carbs/hdvio2.0/eigen_checks/test/test_glog-zero.cc:56:3:[m[K [01;36m[Knote: [m[Kin expansion of macro ‘[01m[KGLOG_TEST_EXPECT_DEATH_DIFFERENT_DATA[m[K’
   56 |   [01;36m[KGLOG_TEST_EXPECT_DEATH_DIFFERENT_DATA[m[K(
      |   [01;36m[K^~~~~~~~~~~~~~~~~~~~~~~~~~~~~~~~~~~~~[m[K
[01m[K/home/carbs/hdvio2.0/eigen_checks/include/eigen-checks/glog.h:43:58:[m[K [01;31m[Kerror: [m[K‘[01m[Kresult_44[m[K’ was not declared in this scope
   43 |   CHECK(static_cast<bool>(INTERNAL_EIGEN_CHECKS_MAKE_VAR([01;31m[Kresult_[m[K, __LINE__)))\
      |                                                          [01;31m[K^~~~~~~[m[K
[01m[K/home/carbs/hdvio2.0/eigen_checks/test/test_glog-equal-double.cc:43:3:[m[K [01;36m[Knote: [m[Kin expansion of macro ‘[01m[KGLOG_TEST_EXPECT_DEATH_DIFFERENT_SIZE[m[K’
   43 |   [01;36m[KGLOG_TEST_EXPECT_DEATH_DIFFERENT_SIZE[m[K(
      |   [01;36m[K^~~~~~~~~~~~~~~~~~~~~~~~~~~~~~~~~~~~~[m[K
[01m[K/home/carbs/hdvio2.0/eigen_checks/include/eigen-checks/glog.h:38:3:[m[K [01;36m[Knote: [m[Kin expansion of macro ‘[01m[KINTERNAL_EIGEN_CHECKS_LOCAL_UNIQUE_VAR[m[K’
   38 |   [01;36m[KINTERNAL_EIGEN_CHECKS_LOCAL_UNIQUE_VAR[m[K(var, line)
      |   [01;36m[K^~~~~~~~~~~~~~~~~~~~~~~~~~~~~~~~~~~~~~[m[K
[01m[K/home/carbs/hdvio2.0/eigen_checks/include/eigen-checks/glog.h:43:27:[m[K [01;36m[Knote: [m[Kin expansion of macro ‘[01m[KINTERNAL_EIGEN_CHECKS_MAKE_VAR[m[K’
   43 |   CHECK(static_cast<bool>([01;36m[KINTERNAL_EIGEN_CHECKS_MAKE_VAR[m[K(result_, __LINE__)))\
      |                           [01;36m[K^~~~~~~~~~~~~~~~~~~~~~~~~~~~~~[m[K
[01m[K/home/carbs/hdvio2.0/eigen_checks/include/eigen-checks/glog.h:54:3:[m[K [01;36m[Knote: [m[Kin expansion of macro ‘[01m[KINTERNAL_EIGEN_CHECKS_MAKE_GLOG_CHECK[m[K’
   54 |   [01;36m[KINTERNAL_EIGEN_CHECKS_MAKE_GLOG_CHECK[m[K(                                     \
      |   [01;36m[K^~~~~~~~~~~~~~~~~~~~~~~~~~~~~~~~~~~~~[m[K
[01m[K/home/carbs/hdvio2.0/eigen_checks/test/test_glog-equal-double.cc:44:7:[m[K [01;36m[Knote: [m[Kin expansion of macro ‘[01m[KCHECK_EIGEN_MATRIX_EQUAL_DOUBLE[m[K’
   44 |       [01;36m[KCHECK_EIGEN_MATRIX_EQUAL_DOUBLE[m[K(this->ground_truth_matrix_54,
      |       [01;36m[K^~~~~~~~~~~~~~~~~~~~~~~~~~~~~~~[m[K
[01m[K/home/carbs/hdvio2.0/eigen_checks/test/test_glog-equal-double.cc:[m[K In member function ‘[01m[Kvirtual void EigenChecks_EigenMatrixEqualDoubleGLog_Matrix_Near5_Test<gtest_TypeParam_>::TestBody()[m[K’:
[01m[K/home/carbs/hdvio2.0/eigen_checks/include/eigen-checks/glog.h:42:7:[m[K [01;31m[Kerror: [m[Kexpected primary-expression before ‘[01m[Kresult_50[m[K’
   42 |       [01;31m[Kresult_[m[K, __LINE__) = (X);                                              \
      |       [01;31m[K^~~~~~~[m[K
[01m[K/home/carbs/hdvio2.0/eigen_checks/test/test_glog-equal-double.cc:49:3:[m[K [01;36m[Knote: [m[Kin expansion of macro ‘[01m[KGLOG_TEST_EXPECT_DEATH_DIFFERENT_DATA[m[K’
   49 |   [01;36m[KGLOG_TEST_EXPECT_DEATH_DIFFERENT_DATA[m[K(
      |   [01;36m[K^~~~~~~~~~~~~~~~~~~~~~~~~~~~~~~~~~~~~[m[K
[01m[K/home/carbs/hdvio2.0/eigen_checks/include/eigen-checks/glog.h:38:3:[m[K [01;36m[Knote: [m[Kin expansion of macro ‘[01m[KINTERNAL_EIGEN_CHECKS_LOCAL_UNIQUE_VAR[m[K’
   38 |   [01;36m[KINTERNAL_EIGEN_CHECKS_LOCAL_UNIQUE_VAR[m[K(var, line)
      |   [01;36m[K^~~~~~~~~~~~~~~~~~~~~~~~~~~~~~~~~~~~~~[m[K
[01m[K/home/carbs/hdvio2.0/eigen_checks/include/eigen-checks/glog.h:41:30:[m[K [01;36m[Knote: [m[Kin expansion of macro ‘[01m[KINTERNAL_EIGEN_CHECKS_MAKE_VAR[m[K’
   41 |   ::testing::AssertionResult [01;36m[KINTERNAL_EIGEN_CHECKS_MAKE_VAR[m[K(                 \
      |                              [01;36m[K^~~~~~~~~~~~~~~~~~~~~~~~~~~~~~[m[K
[01m[K/home/carbs/hdvio2.0/eigen_checks/include/eigen-checks/glog.h:54:3:[m[K [01;36m[Knote: [m[Kin expansion of macro ‘[01m[KINTERNAL_EIGEN_CHECKS_MAKE_GLOG_CHECK[m[K’
   54 |   [01;36m[KINTERNAL_EIGEN_CHECKS_MAKE_GLOG_CHECK[m[K(                                     \
      |   [01;36m[K^~~~~~~~~~~~~~~~~~~~~~~~~~~~~~~~~~~~~[m[K
[01m[K/home/carbs/hdvio2.0/eigen_checks/test/test_glog-equal-double.cc:50:7:[m[K [01;36m[Knote: [m[Kin expansion of macro ‘[01m[KCHECK_EIGEN_MATRIX_EQUAL_DOUBLE[m[K’
   50 |       [01;36m[KCHECK_EIGEN_MATRIX_EQUAL_DOUBLE[m[K(this->ground_truth_matrix_54,
      |       [01;36m[K^~~~~~~~~~~~~~~~~~~~~~~~~~~~~~~[m[K
[01m[K/home/carbs/hdvio2.0/eigen_checks/include/eigen-checks/glog.h:42:7:[m[K [01;31m[Kerror: [m[Kexpected ‘[01m[K)[m[K’ before ‘[01m[Kresult_50[m[K’
   42 |       [01;31m[Kresult_[m[K, __LINE__) = (X);                                              \
      |       [01;31m[K^~~~~~~[m[K
[01m[K/home/carbs/hdvio2.0/eigen_checks/test/test_glog-equal-double.cc:49:3:[m[K [01;36m[Knote: [m[Kin expansion of macro ‘[01m[KGLOG_TEST_EXPECT_DEATH_DIFFERENT_DATA[m[K’
   49 |   [01;36m[KGLOG_TEST_EXPECT_DEATH_DIFFERENT_DATA[m[K(
      |   [01;36m[K^~~~~~~~~~~~~~~~~~~~~~~~~~~~~~~~~~~~~[m[K
[01m[K/home/carbs/hdvio2.0/eigen_checks/include/eigen-checks/glog.h:38:3:[m[K [01;36m[Knote: [m[Kin expansion of macro ‘[01m[KINTERNAL_EIGEN_CHECKS_LOCAL_UNIQUE_VAR[m[K’
   38 |   [01;36m[KINTERNAL_EIGEN_CHECKS_LOCAL_UNIQUE_VAR[m[K(var, line)
      |   [01;36m[K^~~~~~~~~~~~~~~~~~~~~~~~~~~~~~~~~~~~~~[m[K
[01m[K/home/carbs/hdvio2.0/eigen_checks/include/eigen-checks/glog.h:41:30:[m[K [01;36m[Knote: [m[Kin expansion of macro ‘[01m[KINTERNAL_EIGEN_CHECKS_MAKE_VAR[m[K’
   41 |   ::testing::AssertionResult [01;36m[KINTERNAL_EIGEN_CHECKS_MAKE_VAR[m[K(                 \
      |                              [01;36m[K^~~~~~~~~~~~~~~~~~~~~~~~~~~~~~[m[K
[01m[K/home/carbs/hdvio2.0/eigen_checks/include/eigen-checks/glog.h:54:3:[m[K [01;36m[Knote: [m[Kin expansion of macro ‘[01m[KINTERNAL_EIGEN_CHECKS_MAKE_GLOG_CHECK[m[K’
   54 |   [01;36m[KINTERNAL_EIGEN_CHECKS_MAKE_GLOG_CHECK[m[K(                                     \
      |   [01;36m[K^~~~~~~~~~~~~~~~~~~~~~~~~~~~~~~~~~~~~[m[K
[01m[K/home/carbs/hdvio2.0/eigen_checks/test/test_glog-equal-double.cc:50:7:[m[K [01;36m[Knote: [m[Kin expansion of macro ‘[01m[KCHECK_EIGEN_MATRIX_EQUAL_DOUBLE[m[K’
   50 |       [01;36m[KCHECK_EIGEN_MATRIX_EQUAL_DOUBLE[m[K(this->ground_truth_matrix_54,
      |       [01;36m[K^~~~~~~~~~~~~~~~~~~~~~~~~~~~~~~[m[K
[01m[K/home/carbs/hdvio2.0/eigen_checks/test/test_helper.h:136:16:[m[K [01;36m[Knote: [m[Kto match this ‘[01m[K([m[K’
  136 |   EXPECT_DEATH([01;36m[K([m[KX), "^")  // ^The matrices are different$
      |                [01;36m[K^[m[K
[01m[K/home/carbs/hdvio2.0/eigen_checks/test/test_glog-equal-double.cc:49:3:[m[K [01;36m[Knote: [m[Kin expansion of macro ‘[01m[KGLOG_TEST_EXPECT_DEATH_DIFFERENT_DATA[m[K’
   49 |   [01;36m[KGLOG_TEST_EXPECT_DEATH_DIFFERENT_DATA[m[K(
      |   [01;36m[K^~~~~~~~~~~~~~~~~~~~~~~~~~~~~~~~~~~~~[m[K
[01m[K/home/carbs/hdvio2.0/eigen_checks/include/eigen-checks/glog.h:43:58:[m[K [01;31m[Kerror: [m[K‘[01m[Kresult_57[m[K’ was not declared in this scope
   43 |   CHECK(static_cast<bool>(INTERNAL_EIGEN_CHECKS_MAKE_VAR([01;31m[Kresult_[m[K, __LINE__)))\
      |                                                          [01;31m[K^~~~~~~[m[K
[01m[K/home/carbs/hdvio2.0/eigen_checks/test/test_glog-zero.cc:56:3:[m[K [01;36m[Knote: [m[Kin expansion of macro ‘[01m[KGLOG_TEST_EXPECT_DEATH_DIFFERENT_DATA[m[K’
   56 |   [01;36m[KGLOG_TEST_EXPECT_DEATH_DIFFERENT_DATA[m[K(
      |   [01;36m[K^~~~~~~~~~~~~~~~~~~~~~~~~~~~~~~~~~~~~[m[K
[01m[K/home/carbs/hdvio2.0/eigen_checks/include/eigen-checks/glog.h:38:3:[m[K [01;36m[Knote: [m[Kin expansion of macro ‘[01m[KINTERNAL_EIGEN_CHECKS_LOCAL_UNIQUE_VAR[m[K’
   38 |   [01;36m[KINTERNAL_EIGEN_CHECKS_LOCAL_UNIQUE_VAR[m[K(var, line)
      |   [01;36m[K^~~~~~~~~~~~~~~~~~~~~~~~~~~~~~~~~~~~~~[m[K
[01m[K/home/carbs/hdvio2.0/eigen_checks/include/eigen-checks/glog.h:43:27:[m[K [01;36m[Knote: [m[Kin expansion of macro ‘[01m[KINTERNAL_EIGEN_CHECKS_MAKE_VAR[m[K’
   43 |   CHECK(static_cast<bool>([01;36m[KINTERNAL_EIGEN_CHECKS_MAKE_VAR[m[K(result_, __LINE__)))\
      |                           [01;36m[K^~~~~~~~~~~~~~~~~~~~~~~~~~~~~~[m[K
[01m[K/home/carbs/hdvio2.0/eigen_checks/include/eigen-checks/glog.h:68:3:[m[K [01;36m[Knote: [m[Kin expansion of macro ‘[01m[KINTERNAL_EIGEN_CHECKS_MAKE_GLOG_CHECK[m[K’
   68 |   [01;36m[KINTERNAL_EIGEN_CHECKS_MAKE_GLOG_CHECK[m[K(                                     \
      |   [01;36m[K^~~~~~~~~~~~~~~~~~~~~~~~~~~~~~~~~~~~~[m[K
[01m[K/home/carbs/hdvio2.0/eigen_checks/test/test_glog-zero.cc:57:7:[m[K [01;36m[Knote: [m[Kin expansion of macro ‘[01m[KCHECK_EIGEN_MATRIX_ZERO[m[K’
   57 |       [01;36m[KCHECK_EIGEN_MATRIX_ZERO[m[K(this->ground_truth_vector_5, 1e-5));
      |       [01;36m[K^~~~~~~~~~~~~~~~~~~~~~~[m[K
[01m[K/home/carbs/hdvio2.0/eigen_checks/test/test_glog-zero.cc:[m[K In member function ‘[01m[Kvirtual void EigenChecks_EigenMatrixZeroGLog_Vector_OtherSize_Test<gtest_TypeParam_>::TestBody()[m[K’:
[01m[K/home/carbs/hdvio2.0/eigen_checks/include/eigen-checks/glog.h:42:7:[m[K [01;31m[Kerror: [m[Kexpected primary-expression before ‘[01m[Kresult_62[m[K’
   42 |       [01;31m[Kresult_[m[K, __LINE__) = (X);                                              \
      |       [01;31m[K^~~~~~~[m[K
[01m[K/home/carbs/hdvio2.0/eigen_checks/test/test_glog-zero.cc:61:3:[m[K [01;36m[Knote: [m[Kin expansion of macro ‘[01m[KGLOG_TEST_EXPECT_DEATH_DIFFERENT_DATA[m[K’
   61 |   [01;36m[KGLOG_TEST_EXPECT_DEATH_DIFFERENT_DATA[m[K(
      |   [01;36m[K^~~~~~~~~~~~~~~~~~~~~~~~~~~~~~~~~~~~~[m[K
[01m[K/home/carbs/hdvio2.0/eigen_checks/include/eigen-checks/glog.h:38:3:[m[K [01;36m[Knote: [m[Kin expansion of macro ‘[01m[KINTERNAL_EIGEN_CHECKS_LOCAL_UNIQUE_VAR[m[K’
   38 |   [01;36m[KINTERNAL_EIGEN_CHECKS_LOCAL_UNIQUE_VAR[m[K(var, line)
      |   [01;36m[K^~~~~~~~~~~~~~~~~~~~~~~~~~~~~~~~~~~~~~[m[K
[01m[K/home/carbs/hdvio2.0/eigen_checks/include/eigen-checks/glog.h:41:30:[m[K [01;36m[Knote: [m[Kin expansion of macro ‘[01m[KINTERNAL_EIGEN_CHECKS_MAKE_VAR[m[K’
   41 |   ::testing::AssertionResult [01;36m[KINTERNAL_EIGEN_CHECKS_MAKE_VAR[m[K(                 \
      |                              [01;36m[K^~~~~~~~~~~~~~~~~~~~~~~~~~~~~~[m[K
[01m[K/home/carbs/hdvio2.0/eigen_checks/include/eigen-checks/glog.h:68:3:[m[K [01;36m[Knote: [m[Kin expansion of macro ‘[01m[KINTERNAL_EIGEN_CHECKS_MAKE_GLOG_CHECK[m[K’
   68 |   [01;36m[KINTERNAL_EIGEN_CHECKS_MAKE_GLOG_CHECK[m[K(                                     \
      |   [01;36m[K^~~~~~~~~~~~~~~~~~~~~~~~~~~~~~~~~~~~~[m[K
[01m[K/home/carbs/hdvio2.0/eigen_checks/test/test_glog-zero.cc:62:7:[m[K [01;36m[Knote: [m[Kin expansion of macro ‘[01m[KCHECK_EIGEN_MATRIX_ZERO[m[K’
   62 |       [01;36m[KCHECK_EIGEN_MATRIX_ZERO[m[K(this->ground_truth_vector_5, 1e-5));
      |       [01;36m[K^~~~~~~~~~~~~~~~~~~~~~~[m[K
[01m[K/home/carbs/hdvio2.0/eigen_checks/include/eigen-checks/glog.h:42:7:[m[K [01;31m[Kerror: [m[Kexpected ‘[01m[K)[m[K’ before ‘[01m[Kresult_62[m[K’
   42 |       [01;31m[Kresult_[m[K, __LINE__) = (X);                                              \
      |       [01;31m[K^~~~~~~[m[K
[01m[K/home/carbs/hdvio2.0/eigen_checks/test/test_glog-zero.cc:61:3:[m[K [01;36m[Knote: [m[Kin expansion of macro ‘[01m[KGLOG_TEST_EXPECT_DEATH_DIFFERENT_DATA[m[K’
   61 |   [01;36m[KGLOG_TEST_EXPECT_DEATH_DIFFERENT_DATA[m[K(
      |   [01;36m[K^~~~~~~~~~~~~~~~~~~~~~~~~~~~~~~~~~~~~[m[K
[01m[K/home/carbs/hdvio2.0/eigen_checks/include/eigen-checks/glog.h:38:3:[m[K [01;36m[Knote: [m[Kin expansion of macro ‘[01m[KINTERNAL_EIGEN_CHECKS_LOCAL_UNIQUE_VAR[m[K’
   38 |   [01;36m[KINTERNAL_EIGEN_CHECKS_LOCAL_UNIQUE_VAR[m[K(var, line)
      |   [01;36m[K^~~~~~~~~~~~~~~~~~~~~~~~~~~~~~~~~~~~~~[m[K
[01m[K/home/carbs/hdvio2.0/eigen_checks/include/eigen-checks/glog.h:41:30:[m[K [01;36m[Knote: [m[Kin expansion of macro ‘[01m[KINTERNAL_EIGEN_CHECKS_MAKE_VAR[m[K’
   41 |   ::testing::AssertionResult [01;36m[KINTERNAL_EIGEN_CHECKS_MAKE_VAR[m[K(                 \
      |                              [01;36m[K^~~~~~~~~~~~~~~~~~~~~~~~~~~~~~[m[K
[01m[K/home/carbs/hdvio2.0/eigen_checks/include/eigen-checks/glog.h:68:3:[m[K [01;36m[Knote: [m[Kin expansion of macro ‘[01m[KINTERNAL_EIGEN_CHECKS_MAKE_GLOG_CHECK[m[K’
   68 |   [01;36m[KINTERNAL_EIGEN_CHECKS_MAKE_GLOG_CHECK[m[K(                                     \
      |   [01;36m[K^~~~~~~~~~~~~~~~~~~~~~~~~~~~~~~~~~~~~[m[K
[01m[K/home/carbs/hdvio2.0/eigen_checks/test/test_glog-zero.cc:62:7:[m[K [01;36m[Knote: [m[Kin expansion of macro ‘[01m[KCHECK_EIGEN_MATRIX_ZERO[m[K’
   62 |       [01;36m[KCHECK_EIGEN_MATRIX_ZERO[m[K(this->ground_truth_vector_5, 1e-5));
      |       [01;36m[K^~~~~~~~~~~~~~~~~~~~~~~[m[K
[01m[K/home/carbs/hdvio2.0/eigen_checks/test/test_helper.h:136:16:[m[K [01;36m[Knote: [m[Kto match this ‘[01m[K([m[K’
  136 |   EXPECT_DEATH([01;36m[K([m[KX), "^")  // ^The matrices are different$
      |                [01;36m[K^[m[K
[01m[K/home/carbs/hdvio2.0/eigen_checks/test/test_glog-zero.cc:61:3:[m[K [01;36m[Knote: [m[Kin expansion of macro ‘[01m[KGLOG_TEST_EXPECT_DEATH_DIFFERENT_DATA[m[K’
   61 |   [01;36m[KGLOG_TEST_EXPECT_DEATH_DIFFERENT_DATA[m[K(
      |   [01;36m[K^~~~~~~~~~~~~~~~~~~~~~~~~~~~~~~~~~~~~[m[K
[01m[K/home/carbs/hdvio2.0/eigen_checks/include/eigen-checks/glog.h:43:58:[m[K [01;31m[Kerror: [m[K‘[01m[Kresult_50[m[K’ was not declared in this scope
   43 |   CHECK(static_cast<bool>(INTERNAL_EIGEN_CHECKS_MAKE_VAR([01;31m[Kresult_[m[K, __LINE__)))\
      |                                                          [01;31m[K^~~~~~~[m[K
[01m[K/home/carbs/hdvio2.0/eigen_checks/test/test_glog-equal-double.cc:49:3:[m[K [01;36m[Knote: [m[Kin expansion of macro ‘[01m[KGLOG_TEST_EXPECT_DEATH_DIFFERENT_DATA[m[K’
   49 |   [01;36m[KGLOG_TEST_EXPECT_DEATH_DIFFERENT_DATA[m[K(
      |   [01;36m[K^~~~~~~~~~~~~~~~~~~~~~~~~~~~~~~~~~~~~[m[K
[01m[K/home/carbs/hdvio2.0/eigen_checks/include/eigen-checks/glog.h:38:3:[m[K [01;36m[Knote: [m[Kin expansion of macro ‘[01m[KINTERNAL_EIGEN_CHECKS_LOCAL_UNIQUE_VAR[m[K’
   38 |   [01;36m[KINTERNAL_EIGEN_CHECKS_LOCAL_UNIQUE_VAR[m[K(var, line)
      |   [01;36m[K^~~~~~~~~~~~~~~~~~~~~~~~~~~~~~~~~~~~~~[m[K
[01m[K/home/carbs/hdvio2.0/eigen_checks/include/eigen-checks/glog.h:43:27:[m[K [01;36m[Knote: [m[Kin expansion of macro ‘[01m[KINTERNAL_EIGEN_CHECKS_MAKE_VAR[m[K’
   43 |   CHECK(static_cast<bool>([01;36m[KINTERNAL_EIGEN_CHECKS_MAKE_VAR[m[K(result_, __LINE__)))\
      |                           [01;36m[K^~~~~~~~~~~~~~~~~~~~~~~~~~~~~~[m[K
[01m[K/home/carbs/hdvio2.0/eigen_checks/include/eigen-checks/glog.h:54:3:[m[K [01;36m[Knote: [m[Kin expansion of macro ‘[01m[KINTERNAL_EIGEN_CHECKS_MAKE_GLOG_CHECK[m[K’
   54 |   [01;36m[KINTERNAL_EIGEN_CHECKS_MAKE_GLOG_CHECK[m[K(                                     \
      |   [01;36m[K^~~~~~~~~~~~~~~~~~~~~~~~~~~~~~~~~~~~~[m[K
[01m[K/home/carbs/hdvio2.0/eigen_checks/test/test_glog-equal-double.cc:50:7:[m[K [01;36m[Knote: [m[Kin expansion of macro ‘[01m[KCHECK_EIGEN_MATRIX_EQUAL_DOUBLE[m[K’
   50 |       [01;36m[KCHECK_EIGEN_MATRIX_EQUAL_DOUBLE[m[K(this->ground_truth_matrix_54,
      |       [01;36m[K^~~~~~~~~~~~~~~~~~~~~~~~~~~~~~~[m[K
[01m[K/home/carbs/hdvio2.0/eigen_checks/include/eigen-checks/glog.h:43:58:[m[K [01;31m[Kerror: [m[K‘[01m[Kresult_62[m[K’ was not declared in this scope
   43 |   CHECK(static_cast<bool>(INTERNAL_EIGEN_CHECKS_MAKE_VAR([01;31m[Kresult_[m[K, __LINE__)))\
      |                                                          [01;31m[K^~~~~~~[m[K
[01m[K/home/carbs/hdvio2.0/eigen_checks/test/test_glog-zero.cc:61:3:[m[K [01;36m[Knote: [m[Kin expansion of macro ‘[01m[KGLOG_TEST_EXPECT_DEATH_DIFFERENT_DATA[m[K’
   61 |   [01;36m[KGLOG_TEST_EXPECT_DEATH_DIFFERENT_DATA[m[K(
      |   [01;36m[K^~~~~~~~~~~~~~~~~~~~~~~~~~~~~~~~~~~~~[m[K
[01m[K/home/carbs/hdvio2.0/eigen_checks/include/eigen-checks/glog.h:38:3:[m[K [01;36m[Knote: [m[Kin expansion of macro ‘[01m[KINTERNAL_EIGEN_CHECKS_LOCAL_UNIQUE_VAR[m[K’
   38 |   [01;36m[KINTERNAL_EIGEN_CHECKS_LOCAL_UNIQUE_VAR[m[K(var, line)
      |   [01;36m[K^~~~~~~~~~~~~~~~~~~~~~~~~~~~~~~~~~~~~~[m[K
[01m[K/home/carbs/hdvio2.0/eigen_checks/include/eigen-checks/glog.h:43:27:[m[K [01;36m[Knote: [m[Kin expansion of macro ‘[01m[KINTERNAL_EIGEN_CHECKS_MAKE_VAR[m[K’
   43 |   CHECK(static_cast<bool>([01;36m[KINTERNAL_EIGEN_CHECKS_MAKE_VAR[m[K(result_, __LINE__)))\
      |                           [01;36m[K^~~~~~~~~~~~~~~~~~~~~~~~~~~~~~[m[K
[01m[K/home/carbs/hdvio2.0/eigen_checks/include/eigen-checks/glog.h:68:3:[m[K [01;36m[Knote: [m[Kin expansion of macro ‘[01m[KINTERNAL_EIGEN_CHECKS_MAKE_GLOG_CHECK[m[K’
   68 |   [01;36m[KINTERNAL_EIGEN_CHECKS_MAKE_GLOG_CHECK[m[K(                                     \
      |   [01;36m[K^~~~~~~~~~~~~~~~~~~~~~~~~~~~~~~~~~~~~[m[K
[01m[K/home/carbs/hdvio2.0/eigen_checks/test/test_glog-zero.cc:62:7:[m[K [01;36m[Knote: [m[Kin expansion of macro ‘[01m[KCHECK_EIGEN_MATRIX_ZERO[m[K’
   62 |       [01;36m[KCHECK_EIGEN_MATRIX_ZERO[m[K(this->ground_truth_vector_5, 1e-5));
      |       [01;36m[K^~~~~~~~~~~~~~~~~~~~~~~[m[K
[01m[K/home/carbs/hdvio2.0/eigen_checks/test/test_glog-equal-double.cc:[m[K In member function ‘[01m[Kvirtual void EigenChecks_EigenMatrixEqualDoubleGLog_Vector_NonEqualRandom_Test<gtest_TypeParam_>::TestBody()[m[K’:
[01m[K/home/carbs/hdvio2.0/eigen_checks/include/eigen-checks/glog.h:42:7:[m[K [01;31m[Kerror: [m[Kexpected primary-expression before ‘[01m[Kresult_62[m[K’
   42 |       [01;31m[Kresult_[m[K, __LINE__) = (X);                                              \
      |       [01;31m[K^~~~~~~[m[K
[01m[K/home/carbs/hdvio2.0/eigen_checks/test/test_glog-equal-double.cc:61:3:[m[K [01;36m[Knote: [m[Kin expansion of macro ‘[01m[KGLOG_TEST_EXPECT_DEATH_DIFFERENT_DATA[m[K’
   61 |   [01;36m[KGLOG_TEST_EXPECT_DEATH_DIFFERENT_DATA[m[K(
      |   [01;36m[K^~~~~~~~~~~~~~~~~~~~~~~~~~~~~~~~~~~~~[m[K
[01m[K/home/carbs/hdvio2.0/eigen_checks/include/eigen-checks/glog.h:38:3:[m[K [01;36m[Knote: [m[Kin expansion of macro ‘[01m[KINTERNAL_EIGEN_CHECKS_LOCAL_UNIQUE_VAR[m[K’
   38 |   [01;36m[KINTERNAL_EIGEN_CHECKS_LOCAL_UNIQUE_VAR[m[K(var, line)
      |   [01;36m[K^~~~~~~~~~~~~~~~~~~~~~~~~~~~~~~~~~~~~~[m[K
[01m[K/home/carbs/hdvio2.0/eigen_checks/include/eigen-checks/glog.h:41:30:[m[K [01;36m[Knote: [m[Kin expansion of macro ‘[01m[KINTERNAL_EIGEN_CHECKS_MAKE_VAR[m[K’
   41 |   ::testing::AssertionResult [01;36m[KINTERNAL_EIGEN_CHECKS_MAKE_VAR[m[K(                 \
      |                              [01;36m[K^~~~~~~~~~~~~~~~~~~~~~~~~~~~~~[m[K
[01m[K/home/carbs/hdvio2.0/eigen_checks/include/eigen-checks/glog.h:54:3:[m[K [01;36m[Knote: [m[Kin expansion of macro ‘[01m[KINTERNAL_EIGEN_CHECKS_MAKE_GLOG_CHECK[m[K’
   54 |   [01;36m[KINTERNAL_EIGEN_CHECKS_MAKE_GLOG_CHECK[m[K(                                     \
      |   [01;36m[K^~~~~~~~~~~~~~~~~~~~~~~~~~~~~~~~~~~~~[m[K
[01m[K/home/carbs/hdvio2.0/eigen_checks/test/test_glog-equal-double.cc:62:7:[m[K [01;36m[Knote: [m[Kin expansion of macro ‘[01m[KCHECK_EIGEN_MATRIX_EQUAL_DOUBLE[m[K’
   62 |       [01;36m[KCHECK_EIGEN_MATRIX_EQUAL_DOUBLE[m[K(this->ground_truth_vector_5,
      |       [01;36m[K^~~~~~~~~~~~~~~~~~~~~~~~~~~~~~~[m[K
[01m[K/home/carbs/hdvio2.0/eigen_checks/include/eigen-checks/glog.h:42:7:[m[K [01;31m[Kerror: [m[Kexpected ‘[01m[K)[m[K’ before ‘[01m[Kresult_62[m[K’
   42 |       [01;31m[Kresult_[m[K, __LINE__) = (X);                                              \
      |       [01;31m[K^~~~~~~[m[K
[01m[K/home/carbs/hdvio2.0/eigen_checks/test/test_glog-equal-double.cc:61:3:[m[K [01;36m[Knote: [m[Kin expansion of macro ‘[01m[KGLOG_TEST_EXPECT_DEATH_DIFFERENT_DATA[m[K’
   61 |   [01;36m[KGLOG_TEST_EXPECT_DEATH_DIFFERENT_DATA[m[K(
      |   [01;36m[K^~~~~~~~~~~~~~~~~~~~~~~~~~~~~~~~~~~~~[m[K
[01m[K/home/carbs/hdvio2.0/eigen_checks/include/eigen-checks/glog.h:38:3:[m[K [01;36m[Knote: [m[Kin expansion of macro ‘[01m[KINTERNAL_EIGEN_CHECKS_LOCAL_UNIQUE_VAR[m[K’
   38 |   [01;36m[KINTERNAL_EIGEN_CHECKS_LOCAL_UNIQUE_VAR[m[K(var, line)
      |   [01;36m[K^~~~~~~~~~~~~~~~~~~~~~~~~~~~~~~~~~~~~~[m[K
[01m[K/home/carbs/hdvio2.0/eigen_checks/include/eigen-checks/glog.h:41:30:[m[K [01;36m[Knote: [m[Kin expansion of macro ‘[01m[KINTERNAL_EIGEN_CHECKS_MAKE_VAR[m[K’
   41 |   ::testing::AssertionResult [01;36m[KINTERNAL_EIGEN_CHECKS_MAKE_VAR[m[K(                 \
      |                              [01;36m[K^~~~~~~~~~~~~~~~~~~~~~~~~~~~~~[m[K
[01m[K/home/carbs/hdvio2.0/eigen_checks/include/eigen-checks/glog.h:54:3:[m[K [01;36m[Knote: [m[Kin expansion of macro ‘[01m[KINTERNAL_EIGEN_CHECKS_MAKE_GLOG_CHECK[m[K’
   54 |   [01;36m[KINTERNAL_EIGEN_CHECKS_MAKE_GLOG_CHECK[m[K(                                     \
      |   [01;36m[K^~~~~~~~~~~~~~~~~~~~~~~~~~~~~~~~~~~~~[m[K
[01m[K/home/carbs/hdvio2.0/eigen_checks/test/test_glog-equal-double.cc:62:7:[m[K [01;36m[Knote: [m[Kin expansion of macro ‘[01m[KCHECK_EIGEN_MATRIX_EQUAL_DOUBLE[m[K’
   62 |       [01;36m[KCHECK_EIGEN_MATRIX_EQUAL_DOUBLE[m[K(this->ground_truth_vector_5,
      |       [01;36m[K^~~~~~~~~~~~~~~~~~~~~~~~~~~~~~~[m[K
[01m[K/home/carbs/hdvio2.0/eigen_checks/test/test_helper.h:136:16:[m[K [01;36m[Knote: [m[Kto match this ‘[01m[K([m[K’
  136 |   EXPECT_DEATH([01;36m[K([m[KX), "^")  // ^The matrices are different$
      |                [01;36m[K^[m[K
[01m[K/home/carbs/hdvio2.0/eigen_checks/test/test_glog-equal-double.cc:61:3:[m[K [01;36m[Knote: [m[Kin expansion of macro ‘[01m[KGLOG_TEST_EXPECT_DEATH_DIFFERENT_DATA[m[K’
   61 |   [01;36m[KGLOG_TEST_EXPECT_DEATH_DIFFERENT_DATA[m[K(
      |   [01;36m[K^~~~~~~~~~~~~~~~~~~~~~~~~~~~~~~~~~~~~[m[K
[01m[K/home/carbs/hdvio2.0/eigen_checks/test/test_glog-zero.cc:[m[K In member function ‘[01m[Kvirtual void EigenChecks_EigenMatrixZeroGLog_Vector_Near5_Test<gtest_TypeParam_>::TestBody()[m[K’:
[01m[K/home/carbs/hdvio2.0/eigen_checks/include/eigen-checks/glog.h:42:7:[m[K [01;31m[Kerror: [m[Kexpected primary-expression before ‘[01m[Kresult_67[m[K’
   42 |       [01;31m[Kresult_[m[K, __LINE__) = (X);                                              \
      |       [01;31m[K^~~~~~~[m[K
[01m[K/home/carbs/hdvio2.0/eigen_checks/test/test_glog-zero.cc:66:3:[m[K [01;36m[Knote: [m[Kin expansion of macro ‘[01m[KGLOG_TEST_EXPECT_DEATH_DIFFERENT_DATA[m[K’
   66 |   [01;36m[KGLOG_TEST_EXPECT_DEATH_DIFFERENT_DATA[m[K(
      |   [01;36m[K^~~~~~~~~~~~~~~~~~~~~~~~~~~~~~~~~~~~~[m[K
[01m[K/home/carbs/hdvio2.0/eigen_checks/include/eigen-checks/glog.h:38:3:[m[K [01;36m[Knote: [m[Kin expansion of macro ‘[01m[KINTERNAL_EIGEN_CHECKS_LOCAL_UNIQUE_VAR[m[K’
   38 |   [01;36m[KINTERNAL_EIGEN_CHECKS_LOCAL_UNIQUE_VAR[m[K(var, line)
      |   [01;36m[K^~~~~~~~~~~~~~~~~~~~~~~~~~~~~~~~~~~~~~[m[K
[01m[K/home/carbs/hdvio2.0/eigen_checks/include/eigen-checks/glog.h:41:30:[m[K [01;36m[Knote: [m[Kin expansion of macro ‘[01m[KINTERNAL_EIGEN_CHECKS_MAKE_VAR[m[K’
   41 |   ::testing::AssertionResult [01;36m[KINTERNAL_EIGEN_CHECKS_MAKE_VAR[m[K(                 \
      |                              [01;36m[K^~~~~~~~~~~~~~~~~~~~~~~~~~~~~~[m[K
[01m[K/home/carbs/hdvio2.0/eigen_checks/include/eigen-checks/glog.h:68:3:[m[K [01;36m[Knote: [m[Kin expansion of macro ‘[01m[KINTERNAL_EIGEN_CHECKS_MAKE_GLOG_CHECK[m[K’
   68 |   [01;36m[KINTERNAL_EIGEN_CHECKS_MAKE_GLOG_CHECK[m[K(                                     \
      |   [01;36m[K^~~~~~~~~~~~~~~~~~~~~~~~~~~~~~~~~~~~~[m[K
[01m[K/home/carbs/hdvio2.0/eigen_checks/test/test_glog-zero.cc:67:7:[m[K [01;36m[Knote: [m[Kin expansion of macro ‘[01m[KCHECK_EIGEN_MATRIX_ZERO[m[K’
   67 |       [01;36m[KCHECK_EIGEN_MATRIX_ZERO[m[K(this->ground_truth_vector_5, 1e-5));
      |       [01;36m[K^~~~~~~~~~~~~~~~~~~~~~~[m[K
[01m[K/home/carbs/hdvio2.0/eigen_checks/include/eigen-checks/glog.h:42:7:[m[K [01;31m[Kerror: [m[Kexpected ‘[01m[K)[m[K’ before ‘[01m[Kresult_67[m[K’
   42 |       [01;31m[Kresult_[m[K, __LINE__) = (X);                                              \
      |       [01;31m[K^~~~~~~[m[K
[01m[K/home/carbs/hdvio2.0/eigen_checks/test/test_glog-zero.cc:66:3:[m[K [01;36m[Knote: [m[Kin expansion of macro ‘[01m[KGLOG_TEST_EXPECT_DEATH_DIFFERENT_DATA[m[K’
   66 |   [01;36m[KGLOG_TEST_EXPECT_DEATH_DIFFERENT_DATA[m[K(
      |   [01;36m[K^~~~~~~~~~~~~~~~~~~~~~~~~~~~~~~~~~~~~[m[K
[01m[K/home/carbs/hdvio2.0/eigen_checks/include/eigen-checks/glog.h:38:3:[m[K [01;36m[Knote: [m[Kin expansion of macro ‘[01m[KINTERNAL_EIGEN_CHECKS_LOCAL_UNIQUE_VAR[m[K’
   38 |   [01;36m[KINTERNAL_EIGEN_CHECKS_LOCAL_UNIQUE_VAR[m[K(var, line)
      |   [01;36m[K^~~~~~~~~~~~~~~~~~~~~~~~~~~~~~~~~~~~~~[m[K
[01m[K/home/carbs/hdvio2.0/eigen_checks/include/eigen-checks/glog.h:41:30:[m[K [01;36m[Knote: [m[Kin expansion of macro ‘[01m[KINTERNAL_EIGEN_CHECKS_MAKE_VAR[m[K’
   41 |   ::testing::AssertionResult [01;36m[KINTERNAL_EIGEN_CHECKS_MAKE_VAR[m[K(                 \
      |                              [01;36m[K^~~~~~~~~~~~~~~~~~~~~~~~~~~~~~[m[K
[01m[K/home/carbs/hdvio2.0/eigen_checks/include/eigen-checks/glog.h:68:3:[m[K [01;36m[Knote: [m[Kin expansion of macro ‘[01m[KINTERNAL_EIGEN_CHECKS_MAKE_GLOG_CHECK[m[K’
   68 |   [01;36m[KINTERNAL_EIGEN_CHECKS_MAKE_GLOG_CHECK[m[K(                                     \
      |   [01;36m[K^~~~~~~~~~~~~~~~~~~~~~~~~~~~~~~~~~~~~[m[K
[01m[K/home/carbs/hdvio2.0/eigen_checks/test/test_glog-zero.cc:67:7:[m[K [01;36m[Knote: [m[Kin expansion of macro ‘[01m[KCHECK_EIGEN_MATRIX_ZERO[m[K’
   67 |       [01;36m[KCHECK_EIGEN_MATRIX_ZERO[m[K(this->ground_truth_vector_5, 1e-5));
      |       [01;36m[K^~~~~~~~~~~~~~~~~~~~~~~[m[K
[01m[K/home/carbs/hdvio2.0/eigen_checks/test/test_helper.h:136:16:[m[K [01;36m[Knote: [m[Kto match this ‘[01m[K([m[K’
  136 |   EXPECT_DEATH([01;36m[K([m[KX), "^")  // ^The matrices are different$
      |                [01;36m[K^[m[K
[01m[K/home/carbs/hdvio2.0/eigen_checks/test/test_glog-zero.cc:66:3:[m[K [01;36m[Knote: [m[Kin expansion of macro ‘[01m[KGLOG_TEST_EXPECT_DEATH_DIFFERENT_DATA[m[K’
   66 |   [01;36m[KGLOG_TEST_EXPECT_DEATH_DIFFERENT_DATA[m[K(
      |   [01;36m[K^~~~~~~~~~~~~~~~~~~~~~~~~~~~~~~~~~~~~[m[K
[01m[K/home/carbs/hdvio2.0/eigen_checks/test/test_glog-zero-sized-types.cc:[m[K In member function ‘[01m[Kvirtual void EigenChecks_EigenVectorEqualGlog_Zero_Sized_Dynamic_Vector_Test::TestBody()[m[K’:
[01m[K/home/carbs/hdvio2.0/eigen_checks/include/eigen-checks/glog.h:42:7:[m[K [01;31m[Kerror: [m[Kexpected primary-expression before ‘[01m[Kresult_41[m[K’
   42 |       [01;31m[Kresult_[m[K, __LINE__) = (X);                                              \
      |       [01;31m[K^~~~~~~[m[K
[01m[K/home/carbs/hdvio2.0/eigen_checks/test/test_glog-zero-sized-types.cc:41:3:[m[K [01;36m[Knote: [m[Kin expansion of macro ‘[01m[KGLOG_TEST_EXPECT_DEATH_DIFFERENT_DATA[m[K’
   41 |   [01;36m[KGLOG_TEST_EXPECT_DEATH_DIFFERENT_DATA[m[K(CHECK_EIGEN_MATRIX_NEAR(A, B, 0.01));
      |   [01;36m[K^~~~~~~~~~~~~~~~~~~~~~~~~~~~~~~~~~~~~[m[K
[01m[K/home/carbs/hdvio2.0/eigen_checks/include/eigen-checks/glog.h:38:3:[m[K [01;36m[Knote: [m[Kin expansion of macro ‘[01m[KINTERNAL_EIGEN_CHECKS_LOCAL_UNIQUE_VAR[m[K’
   38 |   [01;36m[KINTERNAL_EIGEN_CHECKS_LOCAL_UNIQUE_VAR[m[K(var, line)
      |   [01;36m[K^~~~~~~~~~~~~~~~~~~~~~~~~~~~~~~~~~~~~~[m[K
[01m[K/home/carbs/hdvio2.0/eigen_checks/include/eigen-checks/glog.h:41:30:[m[K [01;36m[Knote: [m[Kin expansion of macro ‘[01m[KINTERNAL_EIGEN_CHECKS_MAKE_VAR[m[K’
   41 |   ::testing::AssertionResult [01;36m[KINTERNAL_EIGEN_CHECKS_MAKE_VAR[m[K(                 \
      |                              [01;36m[K^~~~~~~~~~~~~~~~~~~~~~~~~~~~~~[m[K
[01m[K/home/carbs/hdvio2.0/eigen_checks/include/eigen-checks/glog.h:63:3:[m[K [01;36m[Knote: [m[Kin expansion of macro ‘[01m[KINTERNAL_EIGEN_CHECKS_MAKE_GLOG_CHECK[m[K’
   63 |   [01;36m[KINTERNAL_EIGEN_CHECKS_MAKE_GLOG_CHECK[m[K(                                     \
      |   [01;36m[K^~~~~~~~~~~~~~~~~~~~~~~~~~~~~~~~~~~~~[m[K
[01m[K/home/carbs/hdvio2.0/eigen_checks/test/test_glog-zero-sized-types.cc:41:41:[m[K [01;36m[Knote: [m[Kin expansion of macro ‘[01m[KCHECK_EIGEN_MATRIX_NEAR[m[K’
   41 |   GLOG_TEST_EXPECT_DEATH_DIFFERENT_DATA([01;36m[KCHECK_EIGEN_MATRIX_NEAR[m[K(A, B, 0.01));
      |                                         [01;36m[K^~~~~~~~~~~~~~~~~~~~~~~[m[K
[01m[K/home/carbs/hdvio2.0/eigen_checks/include/eigen-checks/glog.h:42:7:[m[K [01;31m[Kerror: [m[Kexpected ‘[01m[K)[m[K’ before ‘[01m[Kresult_41[m[K’
   42 |       [01;31m[Kresult_[m[K, __LINE__) = (X);                                              \
      |       [01;31m[K^~~~~~~[m[K
[01m[K/home/carbs/hdvio2.0/eigen_checks/test/test_glog-zero-sized-types.cc:41:3:[m[K [01;36m[Knote: [m[Kin expansion of macro ‘[01m[KGLOG_TEST_EXPECT_DEATH_DIFFERENT_DATA[m[K’
   41 |   [01;36m[KGLOG_TEST_EXPECT_DEATH_DIFFERENT_DATA[m[K(CHECK_EIGEN_MATRIX_NEAR(A, B, 0.01));
      |   [01;36m[K^~~~~~~~~~~~~~~~~~~~~~~~~~~~~~~~~~~~~[m[K
[01m[K/home/carbs/hdvio2.0/eigen_checks/include/eigen-checks/glog.h:38:3:[m[K [01;36m[Knote: [m[Kin expansion of macro ‘[01m[KINTERNAL_EIGEN_CHECKS_LOCAL_UNIQUE_VAR[m[K’
   38 |   [01;36m[KINTERNAL_EIGEN_CHECKS_LOCAL_UNIQUE_VAR[m[K(var, line)
      |   [01;36m[K^~~~~~~~~~~~~~~~~~~~~~~~~~~~~~~~~~~~~~[m[K
[01m[K/home/carbs/hdvio2.0/eigen_checks/include/eigen-checks/glog.h:41:30:[m[K [01;36m[Knote: [m[Kin expansion of macro ‘[01m[KINTERNAL_EIGEN_CHECKS_MAKE_VAR[m[K’
   41 |   ::testing::AssertionResult [01;36m[KINTERNAL_EIGEN_CHECKS_MAKE_VAR[m[K(                 \
      |                              [01;36m[K^~~~~~~~~~~~~~~~~~~~~~~~~~~~~~[m[K
[01m[K/home/carbs/hdvio2.0/eigen_checks/include/eigen-checks/glog.h:63:3:[m[K [01;36m[Knote: [m[Kin expansion of macro ‘[01m[KINTERNAL_EIGEN_CHECKS_MAKE_GLOG_CHECK[m[K’
   63 |   [01;36m[KINTERNAL_EIGEN_CHECKS_MAKE_GLOG_CHECK[m[K(                                     \
      |   [01;36m[K^~~~~~~~~~~~~~~~~~~~~~~~~~~~~~~~~~~~~[m[K
[01m[K/home/carbs/hdvio2.0/eigen_checks/test/test_glog-zero-sized-types.cc:41:41:[m[K [01;36m[Knote: [m[Kin expansion of macro ‘[01m[KCHECK_EIGEN_MATRIX_NEAR[m[K’
   41 |   GLOG_TEST_EXPECT_DEATH_DIFFERENT_DATA([01;36m[KCHECK_EIGEN_MATRIX_NEAR[m[K(A, B, 0.01));
      |                                         [01;36m[K^~~~~~~~~~~~~~~~~~~~~~~[m[K
[01m[K/home/carbs/hdvio2.0/eigen_checks/test/test_helper.h:136:16:[m[K [01;36m[Knote: [m[Kto match this ‘[01m[K([m[K’
  136 |   EXPECT_DEATH([01;36m[K([m[KX), "^")  // ^The matrices are different$
      |                [01;36m[K^[m[K
[01m[K/home/carbs/hdvio2.0/eigen_checks/test/test_glog-zero-sized-types.cc:41:3:[m[K [01;36m[Knote: [m[Kin expansion of macro ‘[01m[KGLOG_TEST_EXPECT_DEATH_DIFFERENT_DATA[m[K’
   41 |   [01;36m[KGLOG_TEST_EXPECT_DEATH_DIFFERENT_DATA[m[K(CHECK_EIGEN_MATRIX_NEAR(A, B, 0.01));
      |   [01;36m[K^~~~~~~~~~~~~~~~~~~~~~~~~~~~~~~~~~~~~[m[K
[01m[K/home/carbs/hdvio2.0/eigen_checks/include/eigen-checks/glog.h:43:58:[m[K [01;31m[Kerror: [m[K‘[01m[Kresult_67[m[K’ was not declared in this scope
   43 |   CHECK(static_cast<bool>(INTERNAL_EIGEN_CHECKS_MAKE_VAR([01;31m[Kresult_[m[K, __LINE__)))\
      |                                                          [01;31m[K^~~~~~~[m[K
[01m[K/home/carbs/hdvio2.0/eigen_checks/test/test_glog-zero.cc:66:3:[m[K [01;36m[Knote: [m[Kin expansion of macro ‘[01m[KGLOG_TEST_EXPECT_DEATH_DIFFERENT_DATA[m[K’
   66 |   [01;36m[KGLOG_TEST_EXPECT_DEATH_DIFFERENT_DATA[m[K(
      |   [01;36m[K^~~~~~~~~~~~~~~~~~~~~~~~~~~~~~~~~~~~~[m[K
[01m[K/home/carbs/hdvio2.0/eigen_checks/include/eigen-checks/glog.h:38:3:[m[K [01;36m[Knote: [m[Kin expansion of macro ‘[01m[KINTERNAL_EIGEN_CHECKS_LOCAL_UNIQUE_VAR[m[K’
   38 |   [01;36m[KINTERNAL_EIGEN_CHECKS_LOCAL_UNIQUE_VAR[m[K(var, line)
      |   [01;36m[K^~~~~~~~~~~~~~~~~~~~~~~~~~~~~~~~~~~~~~[m[K
[01m[K/home/carbs/hdvio2.0/eigen_checks/include/eigen-checks/glog.h:43:27:[m[K [01;36m[Knote: [m[Kin expansion of macro ‘[01m[KINTERNAL_EIGEN_CHECKS_MAKE_VAR[m[K’
   43 |   CHECK(static_cast<bool>([01;36m[KINTERNAL_EIGEN_CHECKS_MAKE_VAR[m[K(result_, __LINE__)))\
      |                           [01;36m[K^~~~~~~~~~~~~~~~~~~~~~~~~~~~~~[m[K
[01m[K/home/carbs/hdvio2.0/eigen_checks/include/eigen-checks/glog.h:68:3:[m[K [01;36m[Knote: [m[Kin expansion of macro ‘[01m[KINTERNAL_EIGEN_CHECKS_MAKE_GLOG_CHECK[m[K’
   68 |   [01;36m[KINTERNAL_EIGEN_CHECKS_MAKE_GLOG_CHECK[m[K(                                     \
      |   [01;36m[K^~~~~~~~~~~~~~~~~~~~~~~~~~~~~~~~~~~~~[m[K
[01m[K/home/carbs/hdvio2.0/eigen_checks/test/test_glog-zero.cc:67:7:[m[K [01;36m[Knote: [m[Kin expansion of macro ‘[01m[KCHECK_EIGEN_MATRIX_ZERO[m[K’
   67 |       [01;36m[KCHECK_EIGEN_MATRIX_ZERO[m[K(this->ground_truth_vector_5, 1e-5));
      |       [01;36m[K^~~~~~~~~~~~~~~~~~~~~~~[m[K
[01m[K/home/carbs/hdvio2.0/eigen_checks/include/eigen-checks/glog.h:43:58:[m[K [01;31m[Kerror: [m[K‘[01m[Kresult_62[m[K’ was not declared in this scope
   43 |   CHECK(static_cast<bool>(INTERNAL_EIGEN_CHECKS_MAKE_VAR([01;31m[Kresult_[m[K, __LINE__)))\
      |                                                          [01;31m[K^~~~~~~[m[K
[01m[K/home/carbs/hdvio2.0/eigen_checks/test/test_glog-equal-double.cc:61:3:[m[K [01;36m[Knote: [m[Kin expansion of macro ‘[01m[KGLOG_TEST_EXPECT_DEATH_DIFFERENT_DATA[m[K’
   61 |   [01;36m[KGLOG_TEST_EXPECT_DEATH_DIFFERENT_DATA[m[K(
      |   [01;36m[K^~~~~~~~~~~~~~~~~~~~~~~~~~~~~~~~~~~~~[m[K
[01m[K/home/carbs/hdvio2.0/eigen_checks/include/eigen-checks/glog.h:38:3:[m[K [01;36m[Knote: [m[Kin expansion of macro ‘[01m[KINTERNAL_EIGEN_CHECKS_LOCAL_UNIQUE_VAR[m[K’
   38 |   [01;36m[KINTERNAL_EIGEN_CHECKS_LOCAL_UNIQUE_VAR[m[K(var, line)
      |   [01;36m[K^~~~~~~~~~~~~~~~~~~~~~~~~~~~~~~~~~~~~~[m[K
[01m[K/home/carbs/hdvio2.0/eigen_checks/include/eigen-checks/glog.h:43:27:[m[K [01;36m[Knote: [m[Kin expansion of macro ‘[01m[KINTERNAL_EIGEN_CHECKS_MAKE_VAR[m[K’
   43 |   CHECK(static_cast<bool>([01;36m[KINTERNAL_EIGEN_CHECKS_MAKE_VAR[m[K(result_, __LINE__)))\
      |                           [01;36m[K^~~~~~~~~~~~~~~~~~~~~~~~~~~~~~[m[K
[01m[K/home/carbs/hdvio2.0/eigen_checks/include/eigen-checks/glog.h:54:3:[m[K [01;36m[Knote: [m[Kin expansion of macro ‘[01m[KINTERNAL_EIGEN_CHECKS_MAKE_GLOG_CHECK[m[K’
   54 |   [01;36m[KINTERNAL_EIGEN_CHECKS_MAKE_GLOG_CHECK[m[K(                                     \
      |   [01;36m[K^~~~~~~~~~~~~~~~~~~~~~~~~~~~~~~~~~~~~[m[K
[01m[K/home/carbs/hdvio2.0/eigen_checks/test/test_glog-equal-double.cc:62:7:[m[K [01;36m[Knote: [m[Kin expansion of macro ‘[01m[KCHECK_EIGEN_MATRIX_EQUAL_DOUBLE[m[K’
   62 |       [01;36m[KCHECK_EIGEN_MATRIX_EQUAL_DOUBLE[m[K(this->ground_truth_vector_5,
      |       [01;36m[K^~~~~~~~~~~~~~~~~~~~~~~~~~~~~~~[m[K
[01m[K/home/carbs/hdvio2.0/eigen_checks/test/test_glog-equal-double.cc:[m[K In member function ‘[01m[Kvirtual void EigenChecks_EigenMatrixEqualDoubleGLog_Vector_OtherSize_Test<gtest_TypeParam_>::TestBody()[m[K’:
[01m[K/home/carbs/hdvio2.0/eigen_checks/include/eigen-checks/glog.h:42:7:[m[K [01;31m[Kerror: [m[Kexpected primary-expression before ‘[01m[Kresult_68[m[K’
   42 |       [01;31m[Kresult_[m[K, __LINE__) = (X);                                              \
      |       [01;31m[K^~~~~~~[m[K
[01m[K/home/carbs/hdvio2.0/eigen_checks/test/test_glog-equal-double.cc:67:3:[m[K [01;36m[Knote: [m[Kin expansion of macro ‘[01m[KGLOG_TEST_EXPECT_DEATH_DIFFERENT_DATA[m[K’
   67 |   [01;36m[KGLOG_TEST_EXPECT_DEATH_DIFFERENT_DATA[m[K(
      |   [01;36m[K^~~~~~~~~~~~~~~~~~~~~~~~~~~~~~~~~~~~~[m[K
[01m[K/home/carbs/hdvio2.0/eigen_checks/include/eigen-checks/glog.h:38:3:[m[K [01;36m[Knote: [m[Kin expansion of macro ‘[01m[KINTERNAL_EIGEN_CHECKS_LOCAL_UNIQUE_VAR[m[K’
   38 |   [01;36m[KINTERNAL_EIGEN_CHECKS_LOCAL_UNIQUE_VAR[m[K(var, line)
      |   [01;36m[K^~~~~~~~~~~~~~~~~~~~~~~~~~~~~~~~~~~~~~[m[K
[01m[K/home/carbs/hdvio2.0/eigen_checks/include/eigen-checks/glog.h:41:30:[m[K [01;36m[Knote: [m[Kin expansion of macro ‘[01m[KINTERNAL_EIGEN_CHECKS_MAKE_VAR[m[K’
   41 |   ::testing::AssertionResult [01;36m[KINTERNAL_EIGEN_CHECKS_MAKE_VAR[m[K(                 \
      |                              [01;36m[K^~~~~~~~~~~~~~~~~~~~~~~~~~~~~~[m[K
[01m[K/home/carbs/hdvio2.0/eigen_checks/include/eigen-checks/glog.h:54:3:[m[K [01;36m[Knote: [m[Kin expansion of macro ‘[01m[KINTERNAL_EIGEN_CHECKS_MAKE_GLOG_CHECK[m[K’
   54 |   [01;36m[KINTERNAL_EIGEN_CHECKS_MAKE_GLOG_CHECK[m[K(                                     \
      |   [01;36m[K^~~~~~~~~~~~~~~~~~~~~~~~~~~~~~~~~~~~~[m[K
[01m[K/home/carbs/hdvio2.0/eigen_checks/test/test_glog-equal-double.cc:68:7:[m[K [01;36m[Knote: [m[Kin expansion of macro ‘[01m[KCHECK_EIGEN_MATRIX_EQUAL_DOUBLE[m[K’
   68 |       [01;36m[KCHECK_EIGEN_MATRIX_EQUAL_DOUBLE[m[K(this->ground_truth_vector_5,
      |       [01;36m[K^~~~~~~~~~~~~~~~~~~~~~~~~~~~~~~[m[K
[01m[K/home/carbs/hdvio2.0/eigen_checks/include/eigen-checks/glog.h:42:7:[m[K [01;31m[Kerror: [m[Kexpected ‘[01m[K)[m[K’ before ‘[01m[Kresult_68[m[K’
   42 |       [01;31m[Kresult_[m[K, __LINE__) = (X);                                              \
      |       [01;31m[K^~~~~~~[m[K
[01m[K/home/carbs/hdvio2.0/eigen_checks/test/test_glog-equal-double.cc:67:3:[m[K [01;36m[Knote: [m[Kin expansion of macro ‘[01m[KGLOG_TEST_EXPECT_DEATH_DIFFERENT_DATA[m[K’
   67 |   [01;36m[KGLOG_TEST_EXPECT_DEATH_DIFFERENT_DATA[m[K(
      |   [01;36m[K^~~~~~~~~~~~~~~~~~~~~~~~~~~~~~~~~~~~~[m[K
[01m[K/home/carbs/hdvio2.0/eigen_checks/include/eigen-checks/glog.h:38:3:[m[K [01;36m[Knote: [m[Kin expansion of macro ‘[01m[KINTERNAL_EIGEN_CHECKS_LOCAL_UNIQUE_VAR[m[K’
   38 |   [01;36m[KINTERNAL_EIGEN_CHECKS_LOCAL_UNIQUE_VAR[m[K(var, line)
      |   [01;36m[K^~~~~~~~~~~~~~~~~~~~~~~~~~~~~~~~~~~~~~[m[K
[01m[K/home/carbs/hdvio2.0/eigen_checks/include/eigen-checks/glog.h:41:30:[m[K [01;36m[Knote: [m[Kin expansion of macro ‘[01m[KINTERNAL_EIGEN_CHECKS_MAKE_VAR[m[K’
   41 |   ::testing::AssertionResult [01;36m[KINTERNAL_EIGEN_CHECKS_MAKE_VAR[m[K(                 \
      |                              [01;36m[K^~~~~~~~~~~~~~~~~~~~~~~~~~~~~~[m[K
[01m[K/home/carbs/hdvio2.0/eigen_checks/include/eigen-checks/glog.h:54:3:[m[K [01;36m[Knote: [m[Kin expansion of macro ‘[01m[KINTERNAL_EIGEN_CHECKS_MAKE_GLOG_CHECK[m[K’
   54 |   [01;36m[KINTERNAL_EIGEN_CHECKS_MAKE_GLOG_CHECK[m[K(                                     \
      |   [01;36m[K^~~~~~~~~~~~~~~~~~~~~~~~~~~~~~~~~~~~~[m[K
[01m[K/home/carbs/hdvio2.0/eigen_checks/test/test_glog-equal-double.cc:68:7:[m[K [01;36m[Knote: [m[Kin expansion of macro ‘[01m[KCHECK_EIGEN_MATRIX_EQUAL_DOUBLE[m[K’
   68 |       [01;36m[KCHECK_EIGEN_MATRIX_EQUAL_DOUBLE[m[K(this->ground_truth_vector_5,
      |       [01;36m[K^~~~~~~~~~~~~~~~~~~~~~~~~~~~~~~[m[K
[01m[K/home/carbs/hdvio2.0/eigen_checks/test/test_helper.h:136:16:[m[K [01;36m[Knote: [m[Kto match this ‘[01m[K([m[K’
  136 |   EXPECT_DEATH([01;36m[K([m[KX), "^")  // ^The matrices are different$
      |                [01;36m[K^[m[K
[01m[K/home/carbs/hdvio2.0/eigen_checks/test/test_glog-equal-double.cc:67:3:[m[K [01;36m[Knote: [m[Kin expansion of macro ‘[01m[KGLOG_TEST_EXPECT_DEATH_DIFFERENT_DATA[m[K’
   67 |   [01;36m[KGLOG_TEST_EXPECT_DEATH_DIFFERENT_DATA[m[K(
      |   [01;36m[K^~~~~~~~~~~~~~~~~~~~~~~~~~~~~~~~~~~~~[m[K
[01m[K/home/carbs/hdvio2.0/eigen_checks/include/eigen-checks/glog.h:43:58:[m[K [01;31m[Kerror: [m[K‘[01m[Kresult_41[m[K’ was not declared in this scope
   43 |   CHECK(static_cast<bool>(INTERNAL_EIGEN_CHECKS_MAKE_VAR([01;31m[Kresult_[m[K, __LINE__)))\
      |                                                          [01;31m[K^~~~~~~[m[K
[01m[K/home/carbs/hdvio2.0/eigen_checks/test/test_glog-zero-sized-types.cc:41:3:[m[K [01;36m[Knote: [m[Kin expansion of macro ‘[01m[KGLOG_TEST_EXPECT_DEATH_DIFFERENT_DATA[m[K’
   41 |   [01;36m[KGLOG_TEST_EXPECT_DEATH_DIFFERENT_DATA[m[K(CHECK_EIGEN_MATRIX_NEAR(A, B, 0.01));
      |   [01;36m[K^~~~~~~~~~~~~~~~~~~~~~~~~~~~~~~~~~~~~[m[K
[01m[K/home/carbs/hdvio2.0/eigen_checks/include/eigen-checks/glog.h:38:3:[m[K [01;36m[Knote: [m[Kin expansion of macro ‘[01m[KINTERNAL_EIGEN_CHECKS_LOCAL_UNIQUE_VAR[m[K’
   38 |   [01;36m[KINTERNAL_EIGEN_CHECKS_LOCAL_UNIQUE_VAR[m[K(var, line)
      |   [01;36m[K^~~~~~~~~~~~~~~~~~~~~~~~~~~~~~~~~~~~~~[m[K
[01m[K/home/carbs/hdvio2.0/eigen_checks/include/eigen-checks/glog.h:43:27:[m[K [01;36m[Knote: [m[Kin expansion of macro ‘[01m[KINTERNAL_EIGEN_CHECKS_MAKE_VAR[m[K’
   43 |   CHECK(static_cast<bool>([01;36m[KINTERNAL_EIGEN_CHECKS_MAKE_VAR[m[K(result_, __LINE__)))\
      |                           [01;36m[K^~~~~~~~~~~~~~~~~~~~~~~~~~~~~~[m[K
[01m[K/home/carbs/hdvio2.0/eigen_checks/include/eigen-checks/glog.h:63:3:[m[K [01;36m[Knote: [m[Kin expansion of macro ‘[01m[KINTERNAL_EIGEN_CHECKS_MAKE_GLOG_CHECK[m[K’
   63 |   [01;36m[KINTERNAL_EIGEN_CHECKS_MAKE_GLOG_CHECK[m[K(                                     \
      |   [01;36m[K^~~~~~~~~~~~~~~~~~~~~~~~~~~~~~~~~~~~~[m[K
[01m[K/home/carbs/hdvio2.0/eigen_checks/test/test_glog-zero-sized-types.cc:41:41:[m[K [01;36m[Knote: [m[Kin expansion of macro ‘[01m[KCHECK_EIGEN_MATRIX_NEAR[m[K’
   41 |   GLOG_TEST_EXPECT_DEATH_DIFFERENT_DATA([01;36m[KCHECK_EIGEN_MATRIX_NEAR[m[K(A, B, 0.01));
      |                                         [01;36m[K^~~~~~~~~~~~~~~~~~~~~~~[m[K
[01m[K/home/carbs/hdvio2.0/eigen_checks/include/eigen-checks/glog.h:43:58:[m[K [01;31m[Kerror: [m[K‘[01m[Kresult_68[m[K’ was not declared in this scope
   43 |   CHECK(static_cast<bool>(INTERNAL_EIGEN_CHECKS_MAKE_VAR([01;31m[Kresult_[m[K, __LINE__)))\
      |                                                          [01;31m[K^~~~~~~[m[K
[01m[K/home/carbs/hdvio2.0/eigen_checks/test/test_glog-equal-double.cc:67:3:[m[K [01;36m[Knote: [m[Kin expansion of macro ‘[01m[KGLOG_TEST_EXPECT_DEATH_DIFFERENT_DATA[m[K’
   67 |   [01;36m[KGLOG_TEST_EXPECT_DEATH_DIFFERENT_DATA[m[K(
      |   [01;36m[K^~~~~~~~~~~~~~~~~~~~~~~~~~~~~~~~~~~~~[m[K
[01m[K/home/carbs/hdvio2.0/eigen_checks/include/eigen-checks/glog.h:38:3:[m[K [01;36m[Knote: [m[Kin expansion of macro ‘[01m[KINTERNAL_EIGEN_CHECKS_LOCAL_UNIQUE_VAR[m[K’
   38 |   [01;36m[KINTERNAL_EIGEN_CHECKS_LOCAL_UNIQUE_VAR[m[K(var, line)
      |   [01;36m[K^~~~~~~~~~~~~~~~~~~~~~~~~~~~~~~~~~~~~~[m[K
[01m[K/home/carbs/hdvio2.0/eigen_checks/include/eigen-checks/glog.h:43:27:[m[K [01;36m[Knote: [m[Kin expansion of macro ‘[01m[KINTERNAL_EIGEN_CHECKS_MAKE_VAR[m[K’
   43 |   CHECK(static_cast<bool>([01;36m[KINTERNAL_EIGEN_CHECKS_MAKE_VAR[m[K(result_, __LINE__)))\
      |                           [01;36m[K^~~~~~~~~~~~~~~~~~~~~~~~~~~~~~[m[K
[01m[K/home/carbs/hdvio2.0/eigen_checks/include/eigen-checks/glog.h:54:3:[m[K [01;36m[Knote: [m[Kin expansion of macro ‘[01m[KINTERNAL_EIGEN_CHECKS_MAKE_GLOG_CHECK[m[K’
   54 |   [01;36m[KINTERNAL_EIGEN_CHECKS_MAKE_GLOG_CHECK[m[K(                                     \
      |   [01;36m[K^~~~~~~~~~~~~~~~~~~~~~~~~~~~~~~~~~~~~[m[K
[01m[K/home/carbs/hdvio2.0/eigen_checks/test/test_glog-equal-double.cc:68:7:[m[K [01;36m[Knote: [m[Kin expansion of macro ‘[01m[KCHECK_EIGEN_MATRIX_EQUAL_DOUBLE[m[K’
   68 |       [01;36m[KCHECK_EIGEN_MATRIX_EQUAL_DOUBLE[m[K(this->ground_truth_vector_5,
      |       [01;36m[K^~~~~~~~~~~~~~~~~~~~~~~~~~~~~~~[m[K
[01m[K/home/carbs/hdvio2.0/eigen_checks/test/test_glog-equal-double.cc:[m[K In member function ‘[01m[Kvirtual void EigenChecks_EigenMatrixEqualDoubleGLog_Vector_Near5_Test<gtest_TypeParam_>::TestBody()[m[K’:
[01m[K/home/carbs/hdvio2.0/eigen_checks/include/eigen-checks/glog.h:42:7:[m[K [01;31m[Kerror: [m[Kexpected primary-expression before ‘[01m[Kresult_74[m[K’
   42 |       [01;31m[Kresult_[m[K, __LINE__) = (X);                                              \
      |       [01;31m[K^~~~~~~[m[K
[01m[K/home/carbs/hdvio2.0/eigen_checks/test/test_glog-equal-double.cc:73:3:[m[K [01;36m[Knote: [m[Kin expansion of macro ‘[01m[KGLOG_TEST_EXPECT_DEATH_DIFFERENT_DATA[m[K’
   73 |   [01;36m[KGLOG_TEST_EXPECT_DEATH_DIFFERENT_DATA[m[K(
      |   [01;36m[K^~~~~~~~~~~~~~~~~~~~~~~~~~~~~~~~~~~~~[m[K
[01m[K/home/carbs/hdvio2.0/eigen_checks/include/eigen-checks/glog.h:38:3:[m[K [01;36m[Knote: [m[Kin expansion of macro ‘[01m[KINTERNAL_EIGEN_CHECKS_LOCAL_UNIQUE_VAR[m[K’
   38 |   [01;36m[KINTERNAL_EIGEN_CHECKS_LOCAL_UNIQUE_VAR[m[K(var, line)
      |   [01;36m[K^~~~~~~~~~~~~~~~~~~~~~~~~~~~~~~~~~~~~~[m[K
[01m[K/home/carbs/hdvio2.0/eigen_checks/include/eigen-checks/glog.h:41:30:[m[K [01;36m[Knote: [m[Kin expansion of macro ‘[01m[KINTERNAL_EIGEN_CHECKS_MAKE_VAR[m[K’
   41 |   ::testing::AssertionResult [01;36m[KINTERNAL_EIGEN_CHECKS_MAKE_VAR[m[K(                 \
      |                              [01;36m[K^~~~~~~~~~~~~~~~~~~~~~~~~~~~~~[m[K
[01m[K/home/carbs/hdvio2.0/eigen_checks/include/eigen-checks/glog.h:54:3:[m[K [01;36m[Knote: [m[Kin expansion of macro ‘[01m[KINTERNAL_EIGEN_CHECKS_MAKE_GLOG_CHECK[m[K’
   54 |   [01;36m[KINTERNAL_EIGEN_CHECKS_MAKE_GLOG_CHECK[m[K(                                     \
      |   [01;36m[K^~~~~~~~~~~~~~~~~~~~~~~~~~~~~~~~~~~~~[m[K
[01m[K/home/carbs/hdvio2.0/eigen_checks/test/test_glog-equal-double.cc:74:7:[m[K [01;36m[Knote: [m[Kin expansion of macro ‘[01m[KCHECK_EIGEN_MATRIX_EQUAL_DOUBLE[m[K’
   74 |       [01;36m[KCHECK_EIGEN_MATRIX_EQUAL_DOUBLE[m[K(this->ground_truth_vector_5,
      |       [01;36m[K^~~~~~~~~~~~~~~~~~~~~~~~~~~~~~~[m[K
[01m[K/home/carbs/hdvio2.0/eigen_checks/include/eigen-checks/glog.h:42:7:[m[K [01;31m[Kerror: [m[Kexpected ‘[01m[K)[m[K’ before ‘[01m[Kresult_74[m[K’
   42 |       [01;31m[Kresult_[m[K, __LINE__) = (X);                                              \
      |       [01;31m[K^~~~~~~[m[K
[01m[K/home/carbs/hdvio2.0/eigen_checks/test/test_glog-equal-double.cc:73:3:[m[K [01;36m[Knote: [m[Kin expansion of macro ‘[01m[KGLOG_TEST_EXPECT_DEATH_DIFFERENT_DATA[m[K’
   73 |   [01;36m[KGLOG_TEST_EXPECT_DEATH_DIFFERENT_DATA[m[K(
      |   [01;36m[K^~~~~~~~~~~~~~~~~~~~~~~~~~~~~~~~~~~~~[m[K
[01m[K/home/carbs/hdvio2.0/eigen_checks/include/eigen-checks/glog.h:38:3:[m[K [01;36m[Knote: [m[Kin expansion of macro ‘[01m[KINTERNAL_EIGEN_CHECKS_LOCAL_UNIQUE_VAR[m[K’
   38 |   [01;36m[KINTERNAL_EIGEN_CHECKS_LOCAL_UNIQUE_VAR[m[K(var, line)
      |   [01;36m[K^~~~~~~~~~~~~~~~~~~~~~~~~~~~~~~~~~~~~~[m[K
[01m[K/home/carbs/hdvio2.0/eigen_checks/include/eigen-checks/glog.h:41:30:[m[K [01;36m[Knote: [m[Kin expansion of macro ‘[01m[KINTERNAL_EIGEN_CHECKS_MAKE_VAR[m[K’
   41 |   ::testing::AssertionResult [01;36m[KINTERNAL_EIGEN_CHECKS_MAKE_VAR[m[K(                 \
      |                              [01;36m[K^~~~~~~~~~~~~~~~~~~~~~~~~~~~~~[m[K
[01m[K/home/carbs/hdvio2.0/eigen_checks/include/eigen-checks/glog.h:54:3:[m[K [01;36m[Knote: [m[Kin expansion of macro ‘[01m[KINTERNAL_EIGEN_CHECKS_MAKE_GLOG_CHECK[m[K’
   54 |   [01;36m[KINTERNAL_EIGEN_CHECKS_MAKE_GLOG_CHECK[m[K(                                     \
      |   [01;36m[K^~~~~~~~~~~~~~~~~~~~~~~~~~~~~~~~~~~~~[m[K
[01m[K/home/carbs/hdvio2.0/eigen_checks/test/test_glog-equal-double.cc:74:7:[m[K [01;36m[Knote: [m[Kin expansion of macro ‘[01m[KCHECK_EIGEN_MATRIX_EQUAL_DOUBLE[m[K’
   74 |       [01;36m[KCHECK_EIGEN_MATRIX_EQUAL_DOUBLE[m[K(this->ground_truth_vector_5,
      |       [01;36m[K^~~~~~~~~~~~~~~~~~~~~~~~~~~~~~~[m[K
[01m[K/home/carbs/hdvio2.0/eigen_checks/test/test_helper.h:136:16:[m[K [01;36m[Knote: [m[Kto match this ‘[01m[K([m[K’
  136 |   EXPECT_DEATH([01;36m[K([m[KX), "^")  // ^The matrices are different$
      |                [01;36m[K^[m[K
[01m[K/home/carbs/hdvio2.0/eigen_checks/test/test_glog-equal-double.cc:73:3:[m[K [01;36m[Knote: [m[Kin expansion of macro ‘[01m[KGLOG_TEST_EXPECT_DEATH_DIFFERENT_DATA[m[K’
   73 |   [01;36m[KGLOG_TEST_EXPECT_DEATH_DIFFERENT_DATA[m[K(
      |   [01;36m[K^~~~~~~~~~~~~~~~~~~~~~~~~~~~~~~~~~~~~[m[K
[01m[K/home/carbs/hdvio2.0/eigen_checks/include/eigen-checks/glog.h:43:58:[m[K [01;31m[Kerror: [m[K‘[01m[Kresult_74[m[K’ was not declared in this scope
   43 |   CHECK(static_cast<bool>(INTERNAL_EIGEN_CHECKS_MAKE_VAR([01;31m[Kresult_[m[K, __LINE__)))\
      |                                                          [01;31m[K^~~~~~~[m[K
[01m[K/home/carbs/hdvio2.0/eigen_checks/test/test_glog-equal-double.cc:73:3:[m[K [01;36m[Knote: [m[Kin expansion of macro ‘[01m[KGLOG_TEST_EXPECT_DEATH_DIFFERENT_DATA[m[K’
   73 |   [01;36m[KGLOG_TEST_EXPECT_DEATH_DIFFERENT_DATA[m[K(
      |   [01;36m[K^~~~~~~~~~~~~~~~~~~~~~~~~~~~~~~~~~~~~[m[K
[01m[K/home/carbs/hdvio2.0/eigen_checks/include/eigen-checks/glog.h:38:3:[m[K [01;36m[Knote: [m[Kin expansion of macro ‘[01m[KINTERNAL_EIGEN_CHECKS_LOCAL_UNIQUE_VAR[m[K’
   38 |   [01;36m[KINTERNAL_EIGEN_CHECKS_LOCAL_UNIQUE_VAR[m[K(var, line)
      |   [01;36m[K^~~~~~~~~~~~~~~~~~~~~~~~~~~~~~~~~~~~~~[m[K
[01m[K/home/carbs/hdvio2.0/eigen_checks/include/eigen-checks/glog.h:43:27:[m[K [01;36m[Knote: [m[Kin expansion of macro ‘[01m[KINTERNAL_EIGEN_CHECKS_MAKE_VAR[m[K’
   43 |   CHECK(static_cast<bool>([01;36m[KINTERNAL_EIGEN_CHECKS_MAKE_VAR[m[K(result_, __LINE__)))\
      |                           [01;36m[K^~~~~~~~~~~~~~~~~~~~~~~~~~~~~~[m[K
[01m[K/home/carbs/hdvio2.0/eigen_checks/include/eigen-checks/glog.h:54:3:[m[K [01;36m[Knote: [m[Kin expansion of macro ‘[01m[KINTERNAL_EIGEN_CHECKS_MAKE_GLOG_CHECK[m[K’
   54 |   [01;36m[KINTERNAL_EIGEN_CHECKS_MAKE_GLOG_CHECK[m[K(                                     \
      |   [01;36m[K^~~~~~~~~~~~~~~~~~~~~~~~~~~~~~~~~~~~~[m[K
[01m[K/home/carbs/hdvio2.0/eigen_checks/test/test_glog-equal-double.cc:74:7:[m[K [01;36m[Knote: [m[Kin expansion of macro ‘[01m[KCHECK_EIGEN_MATRIX_EQUAL_DOUBLE[m[K’
   74 |       [01;36m[KCHECK_EIGEN_MATRIX_EQUAL_DOUBLE[m[K(this->ground_truth_vector_5,
      |       [01;36m[K^~~~~~~~~~~~~~~~~~~~~~~~~~~~~~~[m[K
gmake[2]: *** [CMakeFiles/test_glog_zero_sized_types.dir/build.make:76: CMakeFiles/test_glog_zero_sized_types.dir/test/test_glog-zero-sized-types.cc.o] Error 1
gmake[1]: *** [CMakeFiles/Makefile2:427: CMakeFiles/test_glog_zero_sized_types.dir/all] Error 2
gmake[1]: *** Waiting for unfinished jobs....
gmake[2]: *** [CMakeFiles/test_glog_equal.dir/build.make:76: CMakeFiles/test_glog_equal.dir/test/test_glog-equal.cc.o] Error 1
gmake[1]: *** [CMakeFiles/Makefile2:343: CMakeFiles/test_glog_equal.dir/all] Error 2
gmake[2]: *** [CMakeFiles/test_glog_near.dir/build.make:76: CMakeFiles/test_glog_near.dir/test/test_glog-near.cc.o] Error 1
gmake[1]: *** [CMakeFiles/Makefile2:315: CMakeFiles/test_glog_near.dir/all] Error 2
gmake[2]: *** [CMakeFiles/test_glog_equal_double.dir/build.make:76: CMakeFiles/test_glog_equal_double.dir/test/test_glog-equal-double.cc.o] Error 1
gmake[1]: *** [CMakeFiles/Makefile2:399: CMakeFiles/test_glog_equal_double.dir/all] Error 2
gmake[2]: *** [CMakeFiles/test_glog_zero.dir/build.make:76: CMakeFiles/test_glog_zero.dir/test/test_glog-zero.cc.o] Error 1
gmake[1]: *** [CMakeFiles/Makefile2:371: CMakeFiles/test_glog_zero.dir/all] Error 2
gmake: *** [Makefile:146: all] Error 2
