[0.000000] (-) TimerEvent: {}
[0.000376] (-) JobUnselected: {'identifier': 'catkin_simple'}
[0.000620] (-) JobUnselected: {'identifier': 'ceres_catkin'}
[0.000667] (-) JobUnselected: {'identifier': 'eigen_catkin'}
[0.000735] (-) JobUnselected: {'identifier': 'fast'}
[0.000772] (-) JobUnselected: {'identifier': 'gflags_catkin'}
[0.000797] (-) JobUnselected: {'identifier': 'glog_catkin'}
[0.000853] (-) JobUnselected: {'identifier': 'hdvio2'}
[0.000892] (-) JobUnselected: {'identifier': 'minkindr'}
[0.000915] (-) JobUnselected: {'identifier': 'minkindr_conversions'}
[0.000937] (-) JobUnselected: {'identifier': 'minkindr_python'}
[0.000974] (-) JobUnselected: {'identifier': 'opengv'}
[0.001048] (-) JobUnselected: {'identifier': 'rpg_common'}
[0.001110] (-) JobUnselected: {'identifier': 'svo'}
[0.001149] (-) JobUnselected: {'identifier': 'svo_benchmarking'}
[0.001171] (-) JobUnselected: {'identifier': 'svo_ceres_backend'}
[0.001193] (-) JobUnselected: {'identifier': 'svo_cmake'}
[0.001264] (-) JobUnselected: {'identifier': 'svo_common'}
[0.001288] (-) JobUnselected: {'identifier': 'svo_direct'}
[0.001310] (-) JobUnselected: {'identifier': 'svo_img_align'}
[0.001332] (-) JobUnselected: {'identifier': 'svo_msgs'}
[0.001533] (-) JobUnselected: {'identifier': 'svo_test_utils'}
[0.001609] (-) JobUnselected: {'identifier': 'svo_tracker'}
[0.001679] (-) JobUnselected: {'identifier': 'svo_vio_common'}
[0.001718] (-) JobUnselected: {'identifier': 'vikit_cameras'}
[0.001740] (-) JobUnselected: {'identifier': 'vikit_common'}
[0.001762] (-) JobUnselected: {'identifier': 'vikit_py'}
[0.001797] (-) JobUnselected: {'identifier': 'vikit_ros'}
[0.001866] (-) JobUnselected: {'identifier': 'vikit_solver'}
[0.001929] (eigen_checks) JobQueued: {'identifier': 'eigen_checks', 'dependencies': OrderedDict()}
[0.001971] (eigen_checks) JobStarted: {'identifier': 'eigen_checks'}
[0.009265] (eigen_checks) JobProgress: {'identifier': 'eigen_checks', 'progress': 'cmake'}
[0.009664] (eigen_checks) JobProgress: {'identifier': 'eigen_checks', 'progress': 'build'}
[0.010292] (eigen_checks) Command: {'cmd': ['/usr/bin/cmake', '--build', '/home/carbs/hdvio2.0/eigen_checks/build/eigen_checks', '--', '-j24', '-l24'], 'cwd': '/home/carbs/hdvio2.0/eigen_checks/build/eigen_checks', 'env': OrderedDict([('LESSOPEN', '| /usr/bin/lesspipe %s'), ('USER', 'carbs'), ('SSH_CLIENT', '100.80.168.145 63752 22'), ('GIT_ASKPASS', '/home/carbs/.vscode-server-insiders/cli/servers/Insiders-005cfa92907d127e9df88f4cdd0846c773ee663a/server/extensions/git/dist/askpass.sh'), ('ISAACSIM_PATH', '/home/carbs/isaacsim'), ('SHLVL', '2'), ('LD_LIBRARY_PATH', '/home/carbs/hdvio2.0/eigen_checks/install/svo_msgs/lib:/home/carbs/hdvio2.0/eigen_checks/install/eigen_checks/lib:/home/carbs/hdvio2.0/install/svo_msgs/lib:/opt/ros/humble/opt/rviz_ogre_vendor/lib:/opt/ros/humble/lib/x86_64-linux-gnu:/opt/ros/humble/lib:/usr/local/cuda-13.0/lib64:/home/carbs/mindopt/2.2.0/linux64-x86/lib:/usr/local/cuda-13.0/lib64:/usr/local/cuda-13.0/lib64:/home/carbs/mindopt/2.2.0/linux64-x86/lib:/usr/local/cuda-13.0/lib64::/home/carbs/gurobi1003/linux64/lib:/home/carbs/gurobi1003/linux64/lib'), ('BROWSER', '/home/carbs/.vscode-server-insiders/cli/servers/Insiders-005cfa92907d127e9df88f4cdd0846c773ee663a/server/bin/helpers/browser.sh'), ('HOME', '/home/carbs'), ('CONDA_SHLVL', '0'), ('OLDPWD', '/home/carbs/hdvio2.0'), ('TERM_PROGRAM_VERSION', '1.106.0-insider'), ('NVM_BIN', '/home/carbs/.nvm/versions/node/v22.19.0/bin'), ('VSCODE_IPC_HOOK_CLI', '/tmp/vscode-ipc-cb320735-4e3c-400e-9b68-98cffd2de710.sock'), ('NVM_INC', '/home/carbs/.nvm/versions/node/v22.19.0/include/node'), ('ROS_PYTHON_VERSION', '3'), ('VSCODE_GIT_ASKPASS_MAIN', '/home/carbs/.vscode-server-insiders/cli/servers/Insiders-005cfa92907d127e9df88f4cdd0846c773ee663a/server/extensions/git/dist/askpass-main.js'), ('VSCODE_GIT_ASKPASS_NODE', '/home/carbs/.vscode-server-insiders/cli/servers/Insiders-005cfa92907d127e9df88f4cdd0846c773ee663a/server/node'), ('SSL_CERT_FILE', '/usr/lib/ssl/certs/ca-certificates.crt'), ('VSCODE_PYTHON_AUTOACTIVATE_GUARD', '1'), ('DBUS_SESSION_BUS_ADDRESS', 'unix:path=/run/user/1000/bus'), ('COLORTERM', 'truecolor'), ('_CE_M', ''), ('_CONDA_ROOT', '/home/carbs/miniconda3'), ('NVM_DIR', '/home/carbs/.nvm'), ('COLCON_PREFIX_PATH', '/home/carbs/hdvio2.0/eigen_checks/install:/home/carbs/hdvio2.0/install'), ('ROS_DISTRO', 'humble'), ('_', '/usr/bin/colcon'), ('ROS_VERSION', '2'), ('MINDOPT_HOME', '/home/carbs/mindopt/2.2.0'), ('TERM', 'xterm-256color'), ('_CE_CONDA', ''), ('ROS_LOCALHOST_ONLY', '0'), ('PATH', '/opt/ros/humble/bin:/usr/local/cuda-13.0/bin:/home/carbs/mindopt/2.2.0/linux64-x86/bin:/usr/local/cuda-13.0/bin:/home/carbs/.npm-global/bin:/home/carbs/.vscode-server-insiders/data/User/globalStorage/github.copilot-chat/copilotCli:/home/carbs/.vscode-server-insiders/data/User/globalStorage/github.copilot-chat/debugCommand:/home/carbs/.vscode-server-insiders/cli/servers/Insiders-005cfa92907d127e9df88f4cdd0846c773ee663a/server/bin/remote-cli:/home/carbs/.local/bin:/home/carbs/miniconda3/condabin:/usr/local/cuda-13.0/bin:/home/carbs/mindopt/2.2.0/linux64-x86/bin:/usr/local/cuda-13.0/bin:/home/carbs/.npm-global/bin:/home/carbs/.nvm/versions/node/v22.19.0/bin:/home/carbs/.local/bin:/usr/local/sbin:/usr/local/bin:/usr/sbin:/usr/bin:/sbin:/bin:/usr/games:/usr/local/games:/snap/bin:/opt/xtensa-esp-elf/bin/:/home/carbs/gurobi1003/linux64/bin:/opt/xtensa-esp-elf/bin/:/opt/xtensa-esp-elf/bin/:/opt/xtensa-esp-elf/bin/:/opt/xtensa-esp-elf/bin/:/home/carbs/gurobi1003/linux64/bin:/opt/xtensa-esp-elf/bin/:/opt/xtensa-esp-elf/bin/:/opt/xtensa-esp-elf/bin/'), ('SSL_CERT_DIR', '/usr/lib/ssl/certs'), ('DISPLAY', ':0'), ('LANG', 'C.UTF-8'), ('LS_COLORS', 'rs=0:di=01;34:ln=01;36:mh=00:pi=40;33:so=01;35:do=01;35:bd=40;33;01:cd=40;33;01:or=40;31;01:mi=00:su=37;41:sg=30;43:ca=30;41:tw=30;42:ow=34;42:st=37;44:ex=01;32:*.tar=01;31:*.tgz=01;31:*.arc=01;31:*.arj=01;31:*.taz=01;31:*.lha=01;31:*.lz4=01;31:*.lzh=01;31:*.lzma=01;31:*.tlz=01;31:*.txz=01;31:*.tzo=01;31:*.t7z=01;31:*.zip=01;31:*.z=01;31:*.dz=01;31:*.gz=01;31:*.lrz=01;31:*.lz=01;31:*.lzo=01;31:*.xz=01;31:*.zst=01;31:*.tzst=01;31:*.bz2=01;31:*.bz=01;31:*.tbz=01;31:*.tbz2=01;31:*.tz=01;31:*.deb=01;31:*.rpm=01;31:*.jar=01;31:*.war=01;31:*.ear=01;31:*.sar=01;31:*.rar=01;31:*.alz=01;31:*.ace=01;31:*.zoo=01;31:*.cpio=01;31:*.7z=01;31:*.rz=01;31:*.cab=01;31:*.wim=01;31:*.swm=01;31:*.dwm=01;31:*.esd=01;31:*.jpg=01;35:*.jpeg=01;35:*.mjpg=01;35:*.mjpeg=01;35:*.gif=01;35:*.bmp=01;35:*.pbm=01;35:*.pgm=01;35:*.ppm=01;35:*.tga=01;35:*.xbm=01;35:*.xpm=01;35:*.tif=01;35:*.tiff=01;35:*.png=01;35:*.svg=01;35:*.svgz=01;35:*.mng=01;35:*.pcx=01;35:*.mov=01;35:*.mpg=01;35:*.mpeg=01;35:*.m2v=01;35:*.mkv=01;35:*.webm=01;35:*.webp=01;35:*.ogm=01;35:*.mp4=01;35:*.m4v=01;35:*.mp4v=01;35:*.vob=01;35:*.qt=01;35:*.nuv=01;35:*.wmv=01;35:*.asf=01;35:*.rm=01;35:*.rmvb=01;35:*.flc=01;35:*.avi=01;35:*.fli=01;35:*.flv=01;35:*.gl=01;35:*.dl=01;35:*.xcf=01;35:*.xwd=01;35:*.yuv=01;35:*.cgm=01;35:*.emf=01;35:*.ogv=01;35:*.ogx=01;35:*.aac=00;36:*.au=00;36:*.flac=00;36:*.m4a=00;36:*.mid=00;36:*.midi=00;36:*.mka=00;36:*.mp3=00;36:*.mpc=00;36:*.ogg=00;36:*.ra=00;36:*.wav=00;36:*.oga=00;36:*.opus=00;36:*.spx=00;36:*.xspf=00;36:'), ('VSCODE_GIT_IPC_HANDLE', '/tmp/vscode-git-22507c0997.sock'), ('TERM_PROGRAM', 'vscode'), ('AMENT_PREFIX_PATH', '/home/carbs/hdvio2.0/eigen_checks/install/svo_msgs:/home/carbs/hdvio2.0/eigen_checks/install/svo_cmake:/home/carbs/hdvio2.0/eigen_checks/install/minkindr:/home/carbs/hdvio2.0/eigen_checks/install/eigen_checks:/home/carbs/hdvio2.0/install/svo_msgs:/home/carbs/hdvio2.0/install/svo_cmake:/opt/ros/humble'), ('CONDA_PYTHON_EXE', '/home/carbs/miniconda3/bin/python'), ('SHELL', '/bin/bash'), ('LESSCLOSE', '/usr/bin/lesspipe %s %s'), ('PM_PACKAGES_ROOT', '/home/carbs/packman-repo'), ('_CONDA_EXE', '/home/carbs/miniconda3/bin/conda'), ('VSCODE_GIT_ASKPASS_EXTRA_ARGS', ''), ('GIT_PAGER', 'cat'), ('PWD', '/home/carbs/hdvio2.0/eigen_checks/build/eigen_checks'), ('CONDA_EXE', '/home/carbs/miniconda3/bin/conda'), ('SSH_CONNECTION', '100.80.168.145 63752 100.98.200.29 22'), ('GUROBI_HOME', '/home/carbs/gurobi1003/linux64'), ('NVM_CD_FLAGS', ''), ('XDG_DATA_DIRS', '/usr/share/gnome:/usr/local/share:/usr/share:/var/lib/snapd/desktop'), ('PYTHONPATH', '/home/carbs/hdvio2.0/eigen_checks/install/svo_msgs/local/lib/python3.10/dist-packages:/home/carbs/hdvio2.0/install/svo_msgs/local/lib/python3.10/dist-packages:/opt/ros/humble/lib/python3.10/site-packages:/opt/ros/humble/local/lib/python3.10/dist-packages'), ('COLCON', '1'), ('CMAKE_PREFIX_PATH', '/home/carbs/hdvio2.0/eigen_checks/install/svo_msgs:/home/carbs/hdvio2.0/eigen_checks/install/svo_cmake:/home/carbs/hdvio2.0/eigen_checks/install/minkindr:/home/carbs/hdvio2.0/eigen_checks/install/eigen_checks:/home/carbs/hdvio2.0/install/svo_msgs:/home/carbs/hdvio2.0/install/svo_cmake:/opt/ros/humble')]), 'shell': False}
[0.074633] (eigen_checks) StdoutLine: {'line': b'[  7%] Built target eigen_checks\n'}
[0.079865] (eigen_checks) StdoutLine: {'line': b'[ 15%] Built target gtest_main\n'}
[0.083396] (eigen_checks) StdoutLine: {'line': b'[ 23%] Built target gtest\n'}
[0.096400] (eigen_checks) StdoutLine: {'line': b'\x1b[35m\x1b[1mConsolidate compiler generated dependencies of target test_gtest_equal\x1b[0m\n'}
[0.096585] (eigen_checks) StdoutLine: {'line': b'\x1b[35m\x1b[1mConsolidate compiler generated dependencies of target test_gtest_zero\x1b[0m\n'}
[0.096651] (eigen_checks) StdoutLine: {'line': b'\x1b[35m\x1b[1mConsolidate compiler generated dependencies of target test_gtest_near\x1b[0m\n'}
[0.097081] (eigen_checks) StdoutLine: {'line': b'\x1b[35m\x1b[1mConsolidate compiler generated dependencies of target test_glog_near\x1b[0m\n'}
[0.097248] (eigen_checks) StdoutLine: {'line': b'\x1b[35m\x1b[1mConsolidate compiler generated dependencies of target test_glog_equal_double\x1b[0m\n'}
[0.097943] (eigen_checks) StdoutLine: {'line': b'\x1b[35m\x1b[1mConsolidate compiler generated dependencies of target test_gtest_equal_double\x1b[0m\n'}
[0.098107] (eigen_checks) StdoutLine: {'line': b'\x1b[35m\x1b[1mConsolidate compiler generated dependencies of target test_glog_equal\x1b[0m\n'}
[0.098605] (eigen_checks) StdoutLine: {'line': b'\x1b[35m\x1b[1mConsolidate compiler generated dependencies of target test_glog_zero\x1b[0m\n'}
[0.098692] (eigen_checks) StdoutLine: {'line': b'\x1b[35m\x1b[1mConsolidate compiler generated dependencies of target test_gtest_zero_sized_types\x1b[0m\n'}
[0.098777] (eigen_checks) StdoutLine: {'line': b'\x1b[35m\x1b[1mConsolidate compiler generated dependencies of target test_glog_zero_sized_types\x1b[0m\n'}
[0.099748] (-) TimerEvent: {}
[0.122937] (eigen_checks) StdoutLine: {'line': b'[ 34%] \x1b[32mBuilding CXX object CMakeFiles/test_gtest_zero.dir/test/test_gtest-zero.cc.o\x1b[0m\n'}
[0.123162] (eigen_checks) StdoutLine: {'line': b'[ 34%] \x1b[32mBuilding CXX object CMakeFiles/test_glog_near.dir/test/test_glog-near.cc.o\x1b[0m\n'}
[0.123251] (eigen_checks) StdoutLine: {'line': b'[ 34%] \x1b[32mBuilding CXX object CMakeFiles/test_gtest_equal.dir/test/test_gtest-equal.cc.o\x1b[0m\n'}
[0.123806] (eigen_checks) StdoutLine: {'line': b'[ 38%] \x1b[32mBuilding CXX object CMakeFiles/test_gtest_equal_double.dir/test/test_gtest-equal-double.cc.o\x1b[0m\n'}
[0.124054] (eigen_checks) StdoutLine: {'line': b'[ 42%] \x1b[32mBuilding CXX object CMakeFiles/test_glog_equal.dir/test/test_glog-equal.cc.o\x1b[0m\n'}
[0.124196] (eigen_checks) StdoutLine: {'line': b'[ 46%] \x1b[32mBuilding CXX object CMakeFiles/test_gtest_zero_sized_types.dir/test/test_gtest-zero-sized-types.cc.o\x1b[0m\n'}
[0.124359] (eigen_checks) StdoutLine: {'line': b'[ 50%] \x1b[32mBuilding CXX object CMakeFiles/test_glog_zero_sized_types.dir/test/test_glog-zero-sized-types.cc.o\x1b[0m\n'}
[0.124601] (eigen_checks) StdoutLine: {'line': b'[ 53%] \x1b[32mBuilding CXX object CMakeFiles/test_glog_equal_double.dir/test/test_glog-equal-double.cc.o\x1b[0m\n'}
[0.125485] (eigen_checks) StdoutLine: {'line': b'[ 57%] \x1b[32mBuilding CXX object CMakeFiles/test_gtest_near.dir/test/test_gtest-near.cc.o\x1b[0m\n'}
[0.125892] (eigen_checks) StdoutLine: {'line': b'[ 61%] \x1b[32mBuilding CXX object CMakeFiles/test_glog_zero.dir/test/test_glog-zero.cc.o\x1b[0m\n'}
[0.199876] (-) TimerEvent: {}
[0.300236] (-) TimerEvent: {}
[0.400597] (-) TimerEvent: {}
[0.500936] (-) TimerEvent: {}
[0.601264] (-) TimerEvent: {}
[0.701574] (-) TimerEvent: {}
[0.801928] (-) TimerEvent: {}
[0.902282] (-) TimerEvent: {}
[1.002595] (-) TimerEvent: {}
[1.102948] (-) TimerEvent: {}
[1.203290] (-) TimerEvent: {}
[1.303658] (-) TimerEvent: {}
[1.373099] (eigen_checks) StderrLine: {'line': b'In file included from \x1b[01m\x1b[K/opt/ros/humble/src/gtest_vendor/include/gtest/gtest.h:62\x1b[m\x1b[K,\n'}
[1.373484] (eigen_checks) StderrLine: {'line': b'                 from \x1b[01m\x1b[K/home/carbs/hdvio2.0/eigen_checks/include/eigen-checks/entrypoint.h:29\x1b[m\x1b[K,\n'}
[1.373589] (eigen_checks) StderrLine: {'line': b'                 from \x1b[01m\x1b[K/home/carbs/hdvio2.0/eigen_checks/test/test_glog-equal.cc:25\x1b[m\x1b[K:\n'}
[1.373690] (eigen_checks) StderrLine: {'line': b'\x1b[01m\x1b[K/home/carbs/hdvio2.0/eigen_checks/test/test_glog-equal.cc:\x1b[m\x1b[K In member function \xe2\x80\x98\x1b[01m\x1b[Kvirtual void EigenChecks_EigenMatrixEqualGLog_Matrix_NonEqualRandom_Test<gtest_TypeParam_>::TestBody()\x1b[m\x1b[K\xe2\x80\x99:\n'}
[1.373786] (eigen_checks) StderrLine: {'line': b'\x1b[01m\x1b[K/home/carbs/hdvio2.0/eigen_checks/include/eigen-checks/glog.h:42:7:\x1b[m\x1b[K \x1b[01;31m\x1b[Kerror: \x1b[m\x1b[Kexpected primary-expression before \xe2\x80\x98\x1b[01m\x1b[Kresult_38\x1b[m\x1b[K\xe2\x80\x99\n'}
[1.373870] (eigen_checks) StderrLine: {'line': b'   42 |       \x1b[01;31m\x1b[Kresult_\x1b[m\x1b[K, __LINE__) = (X);                                              \\\n'}
[1.373937] (eigen_checks) StderrLine: {'line': b'      |       \x1b[01;31m\x1b[K^~~~~~~\x1b[m\x1b[K\n'}
[1.374009] (eigen_checks) StderrLine: {'line': b'\x1b[01m\x1b[K/home/carbs/hdvio2.0/eigen_checks/test/test_glog-equal.cc:37:3:\x1b[m\x1b[K \x1b[01;36m\x1b[Knote: \x1b[m\x1b[Kin expansion of macro \xe2\x80\x98\x1b[01m\x1b[KGLOG_TEST_EXPECT_DEATH_DIFFERENT_DATA\x1b[m\x1b[K\xe2\x80\x99\n'}
[1.374093] (eigen_checks) StderrLine: {'line': b'   37 |   \x1b[01;36m\x1b[KGLOG_TEST_EXPECT_DEATH_DIFFERENT_DATA\x1b[m\x1b[K(\n'}
[1.374174] (eigen_checks) StderrLine: {'line': b'      |   \x1b[01;36m\x1b[K^~~~~~~~~~~~~~~~~~~~~~~~~~~~~~~~~~~~~\x1b[m\x1b[K\n'}
[1.374261] (eigen_checks) StderrLine: {'line': b'\x1b[01m\x1b[K/home/carbs/hdvio2.0/eigen_checks/include/eigen-checks/glog.h:38:3:\x1b[m\x1b[K \x1b[01;36m\x1b[Knote: \x1b[m\x1b[Kin expansion of macro \xe2\x80\x98\x1b[01m\x1b[KINTERNAL_EIGEN_CHECKS_LOCAL_UNIQUE_VAR\x1b[m\x1b[K\xe2\x80\x99\n'}
[1.374348] (eigen_checks) StderrLine: {'line': b'   38 |   \x1b[01;36m\x1b[KINTERNAL_EIGEN_CHECKS_LOCAL_UNIQUE_VAR\x1b[m\x1b[K(var, line)\n'}
[1.374433] (eigen_checks) StderrLine: {'line': b'      |   \x1b[01;36m\x1b[K^~~~~~~~~~~~~~~~~~~~~~~~~~~~~~~~~~~~~~\x1b[m\x1b[K\n'}
[1.374516] (eigen_checks) StderrLine: {'line': b'\x1b[01m\x1b[K/home/carbs/hdvio2.0/eigen_checks/include/eigen-checks/glog.h:41:30:\x1b[m\x1b[K \x1b[01;36m\x1b[Knote: \x1b[m\x1b[Kin expansion of macro \xe2\x80\x98\x1b[01m\x1b[KINTERNAL_EIGEN_CHECKS_MAKE_VAR\x1b[m\x1b[K\xe2\x80\x99\n'}
[1.374614] (eigen_checks) StderrLine: {'line': b'   41 |   ::testing::AssertionResult \x1b[01;36m\x1b[KINTERNAL_EIGEN_CHECKS_MAKE_VAR\x1b[m\x1b[K(                 \\\n'}
[1.374717] (eigen_checks) StderrLine: {'line': b'      |                              \x1b[01;36m\x1b[K^~~~~~~~~~~~~~~~~~~~~~~~~~~~~~\x1b[m\x1b[K\n'}
[1.374806] (eigen_checks) StderrLine: {'line': b'\x1b[01m\x1b[K/home/carbs/hdvio2.0/eigen_checks/include/eigen-checks/glog.h:47:3:\x1b[m\x1b[K \x1b[01;36m\x1b[Knote: \x1b[m\x1b[Kin expansion of macro \xe2\x80\x98\x1b[01m\x1b[KINTERNAL_EIGEN_CHECKS_MAKE_GLOG_CHECK\x1b[m\x1b[K\xe2\x80\x99\n'}
[1.374891] (eigen_checks) StderrLine: {'line': b'   47 |   \x1b[01;36m\x1b[KINTERNAL_EIGEN_CHECKS_MAKE_GLOG_CHECK\x1b[m\x1b[K(                                     \\\n'}
[1.374976] (eigen_checks) StderrLine: {'line': b'      |   \x1b[01;36m\x1b[K^~~~~~~~~~~~~~~~~~~~~~~~~~~~~~~~~~~~~\x1b[m\x1b[K\n'}
[1.375070] (eigen_checks) StderrLine: {'line': b'\x1b[01m\x1b[K/home/carbs/hdvio2.0/eigen_checks/test/test_glog-equal.cc:38:7:\x1b[m\x1b[K \x1b[01;36m\x1b[Knote: \x1b[m\x1b[Kin expansion of macro \xe2\x80\x98\x1b[01m\x1b[KCHECK_EIGEN_MATRIX_EQUAL\x1b[m\x1b[K\xe2\x80\x99\n'}
[1.375164] (eigen_checks) StderrLine: {'line': b'   38 |       \x1b[01;36m\x1b[KCHECK_EIGEN_MATRIX_EQUAL\x1b[m\x1b[K(this->ground_truth_matrix_54,\n'}
[1.375249] (eigen_checks) StderrLine: {'line': b'      |       \x1b[01;36m\x1b[K^~~~~~~~~~~~~~~~~~~~~~~~\x1b[m\x1b[K\n'}
[1.375335] (eigen_checks) StderrLine: {'line': b'\x1b[01m\x1b[K/home/carbs/hdvio2.0/eigen_checks/include/eigen-checks/glog.h:42:7:\x1b[m\x1b[K \x1b[01;31m\x1b[Kerror: \x1b[m\x1b[Kexpected \xe2\x80\x98\x1b[01m\x1b[K)\x1b[m\x1b[K\xe2\x80\x99 before \xe2\x80\x98\x1b[01m\x1b[Kresult_38\x1b[m\x1b[K\xe2\x80\x99\n'}
[1.375420] (eigen_checks) StderrLine: {'line': b'   42 |       \x1b[01;31m\x1b[Kresult_\x1b[m\x1b[K, __LINE__) = (X);                                              \\\n'}
[1.375504] (eigen_checks) StderrLine: {'line': b'      |       \x1b[01;31m\x1b[K^~~~~~~\x1b[m\x1b[K\n'}
[1.375587] (eigen_checks) StderrLine: {'line': b'\x1b[01m\x1b[K/home/carbs/hdvio2.0/eigen_checks/test/test_glog-equal.cc:37:3:\x1b[m\x1b[K \x1b[01;36m\x1b[Knote: \x1b[m\x1b[Kin expansion of macro \xe2\x80\x98\x1b[01m\x1b[KGLOG_TEST_EXPECT_DEATH_DIFFERENT_DATA\x1b[m\x1b[K\xe2\x80\x99\n'}
[1.375689] (eigen_checks) StderrLine: {'line': b'   37 |   \x1b[01;36m\x1b[KGLOG_TEST_EXPECT_DEATH_DIFFERENT_DATA\x1b[m\x1b[K(\n'}
[1.375782] (eigen_checks) StderrLine: {'line': b'      |   \x1b[01;36m\x1b[K^~~~~~~~~~~~~~~~~~~~~~~~~~~~~~~~~~~~~\x1b[m\x1b[K\n'}
[1.375865] (eigen_checks) StderrLine: {'line': b'\x1b[01m\x1b[K/home/carbs/hdvio2.0/eigen_checks/include/eigen-checks/glog.h:38:3:\x1b[m\x1b[K \x1b[01;36m\x1b[Knote: \x1b[m\x1b[Kin expansion of macro \xe2\x80\x98\x1b[01m\x1b[KINTERNAL_EIGEN_CHECKS_LOCAL_UNIQUE_VAR\x1b[m\x1b[K\xe2\x80\x99\n'}
[1.375944] (eigen_checks) StderrLine: {'line': b'   38 |   \x1b[01;36m\x1b[KINTERNAL_EIGEN_CHECKS_LOCAL_UNIQUE_VAR\x1b[m\x1b[K(var, line)\n'}
[1.376015] (eigen_checks) StderrLine: {'line': b'      |   \x1b[01;36m\x1b[K^~~~~~~~~~~~~~~~~~~~~~~~~~~~~~~~~~~~~~\x1b[m\x1b[K\n'}
[1.376084] (eigen_checks) StderrLine: {'line': b'\x1b[01m\x1b[K/home/carbs/hdvio2.0/eigen_checks/include/eigen-checks/glog.h:41:30:\x1b[m\x1b[K \x1b[01;36m\x1b[Knote: \x1b[m\x1b[Kin expansion of macro \xe2\x80\x98\x1b[01m\x1b[KINTERNAL_EIGEN_CHECKS_MAKE_VAR\x1b[m\x1b[K\xe2\x80\x99\n'}
[1.376156] (eigen_checks) StderrLine: {'line': b'   41 |   ::testing::AssertionResult \x1b[01;36m\x1b[KINTERNAL_EIGEN_CHECKS_MAKE_VAR\x1b[m\x1b[K(                 \\\n'}
[1.376235] (eigen_checks) StderrLine: {'line': b'      |                              \x1b[01;36m\x1b[K^~~~~~~~~~~~~~~~~~~~~~~~~~~~~~\x1b[m\x1b[K\n'}
[1.376315] (eigen_checks) StderrLine: {'line': b'\x1b[01m\x1b[K/home/carbs/hdvio2.0/eigen_checks/include/eigen-checks/glog.h:47:3:\x1b[m\x1b[K \x1b[01;36m\x1b[Knote: \x1b[m\x1b[Kin expansion of macro \xe2\x80\x98\x1b[01m\x1b[KINTERNAL_EIGEN_CHECKS_MAKE_GLOG_CHECK\x1b[m\x1b[K\xe2\x80\x99\n'}
[1.376403] (eigen_checks) StderrLine: {'line': b'   47 |   \x1b[01;36m\x1b[KINTERNAL_EIGEN_CHECKS_MAKE_GLOG_CHECK\x1b[m\x1b[K(                                     \\\n'}
[1.376495] (eigen_checks) StderrLine: {'line': b'      |   \x1b[01;36m\x1b[K^~~~~~~~~~~~~~~~~~~~~~~~~~~~~~~~~~~~~\x1b[m\x1b[K\n'}
[1.376576] (eigen_checks) StderrLine: {'line': b'\x1b[01m\x1b[K/home/carbs/hdvio2.0/eigen_checks/test/test_glog-equal.cc:38:7:\x1b[m\x1b[K \x1b[01;36m\x1b[Knote: \x1b[m\x1b[Kin expansion of macro \xe2\x80\x98\x1b[01m\x1b[KCHECK_EIGEN_MATRIX_EQUAL\x1b[m\x1b[K\xe2\x80\x99\n'}
[1.376664] (eigen_checks) StderrLine: {'line': b'   38 |       \x1b[01;36m\x1b[KCHECK_EIGEN_MATRIX_EQUAL\x1b[m\x1b[K(this->ground_truth_matrix_54,\n'}
[1.376756] (eigen_checks) StderrLine: {'line': b'      |       \x1b[01;36m\x1b[K^~~~~~~~~~~~~~~~~~~~~~~~\x1b[m\x1b[K\n'}
[1.376837] (eigen_checks) StderrLine: {'line': b'\x1b[01m\x1b[K/home/carbs/hdvio2.0/eigen_checks/test/test_helper.h:136:16:\x1b[m\x1b[K \x1b[01;36m\x1b[Knote: \x1b[m\x1b[Kto match this \xe2\x80\x98\x1b[01m\x1b[K(\x1b[m\x1b[K\xe2\x80\x99\n'}
[1.376926] (eigen_checks) StderrLine: {'line': b'  136 |   EXPECT_DEATH(\x1b[01;36m\x1b[K(\x1b[m\x1b[KX), "^")  // ^The matrices are different$\n'}
[1.377005] (eigen_checks) StderrLine: {'line': b'      |                \x1b[01;36m\x1b[K^\x1b[m\x1b[K\n'}
[1.377087] (eigen_checks) StderrLine: {'line': b'\x1b[01m\x1b[K/home/carbs/hdvio2.0/eigen_checks/test/test_glog-equal.cc:37:3:\x1b[m\x1b[K \x1b[01;36m\x1b[Knote: \x1b[m\x1b[Kin expansion of macro \xe2\x80\x98\x1b[01m\x1b[KGLOG_TEST_EXPECT_DEATH_DIFFERENT_DATA\x1b[m\x1b[K\xe2\x80\x99\n'}
[1.377170] (eigen_checks) StderrLine: {'line': b'   37 |   \x1b[01;36m\x1b[KGLOG_TEST_EXPECT_DEATH_DIFFERENT_DATA\x1b[m\x1b[K(\n'}
[1.377253] (eigen_checks) StderrLine: {'line': b'      |   \x1b[01;36m\x1b[K^~~~~~~~~~~~~~~~~~~~~~~~~~~~~~~~~~~~~\x1b[m\x1b[K\n'}
[1.378886] (eigen_checks) StderrLine: {'line': b'\x1b[01m\x1b[K/home/carbs/hdvio2.0/eigen_checks/include/eigen-checks/glog.h:43:58:\x1b[m\x1b[K \x1b[01;31m\x1b[Kerror: \x1b[m\x1b[K\xe2\x80\x98\x1b[01m\x1b[Kresult_38\x1b[m\x1b[K\xe2\x80\x99 was not declared in this scope\n'}
[1.379048] (eigen_checks) StderrLine: {'line': b'   43 |   CHECK(static_cast<bool>(INTERNAL_EIGEN_CHECKS_MAKE_VAR(\x1b[01;31m\x1b[Kresult_\x1b[m\x1b[K, __LINE__)))\\\n'}
[1.379133] (eigen_checks) StderrLine: {'line': b'      |                                                          \x1b[01;31m\x1b[K^~~~~~~\x1b[m\x1b[K\n'}
[1.379224] (eigen_checks) StderrLine: {'line': b'\x1b[01m\x1b[K/home/carbs/hdvio2.0/eigen_checks/test/test_glog-equal.cc:37:3:\x1b[m\x1b[K \x1b[01;36m\x1b[Knote: \x1b[m\x1b[Kin expansion of macro \xe2\x80\x98\x1b[01m\x1b[KGLOG_TEST_EXPECT_DEATH_DIFFERENT_DATA\x1b[m\x1b[K\xe2\x80\x99\n'}
[1.379306] (eigen_checks) StderrLine: {'line': b'   37 |   \x1b[01;36m\x1b[KGLOG_TEST_EXPECT_DEATH_DIFFERENT_DATA\x1b[m\x1b[K(\n'}
[1.379387] (eigen_checks) StderrLine: {'line': b'      |   \x1b[01;36m\x1b[K^~~~~~~~~~~~~~~~~~~~~~~~~~~~~~~~~~~~~\x1b[m\x1b[K\n'}
[1.379469] (eigen_checks) StderrLine: {'line': b'\x1b[01m\x1b[K/home/carbs/hdvio2.0/eigen_checks/include/eigen-checks/glog.h:38:3:\x1b[m\x1b[K \x1b[01;36m\x1b[Knote: \x1b[m\x1b[Kin expansion of macro \xe2\x80\x98\x1b[01m\x1b[KINTERNAL_EIGEN_CHECKS_LOCAL_UNIQUE_VAR\x1b[m\x1b[K\xe2\x80\x99\n'}
[1.379785] (eigen_checks) StderrLine: {'line': b'   38 |   \x1b[01;36m\x1b[KINTERNAL_EIGEN_CHECKS_LOCAL_UNIQUE_VAR\x1b[m\x1b[K(var, line)\n'}
[1.379880] (eigen_checks) StderrLine: {'line': b'      |   \x1b[01;36m\x1b[K^~~~~~~~~~~~~~~~~~~~~~~~~~~~~~~~~~~~~~\x1b[m\x1b[K\n'}
[1.379967] (eigen_checks) StderrLine: {'line': b'\x1b[01m\x1b[K/home/carbs/hdvio2.0/eigen_checks/include/eigen-checks/glog.h:43:27:\x1b[m\x1b[K \x1b[01;36m\x1b[Knote: \x1b[m\x1b[Kin expansion of macro \xe2\x80\x98\x1b[01m\x1b[KINTERNAL_EIGEN_CHECKS_MAKE_VAR\x1b[m\x1b[K\xe2\x80\x99\n'}
[1.380066] (eigen_checks) StderrLine: {'line': b'   43 |   CHECK(static_cast<bool>(\x1b[01;36m\x1b[KINTERNAL_EIGEN_CHECKS_MAKE_VAR\x1b[m\x1b[K(result_, __LINE__)))\\\n'}
[1.380155] (eigen_checks) StderrLine: {'line': b'      |                           \x1b[01;36m\x1b[K^~~~~~~~~~~~~~~~~~~~~~~~~~~~~~\x1b[m\x1b[K\n'}
[1.380234] (eigen_checks) StderrLine: {'line': b'\x1b[01m\x1b[K/home/carbs/hdvio2.0/eigen_checks/include/eigen-checks/glog.h:47:3:\x1b[m\x1b[K \x1b[01;36m\x1b[Knote: \x1b[m\x1b[Kin expansion of macro \xe2\x80\x98\x1b[01m\x1b[KINTERNAL_EIGEN_CHECKS_MAKE_GLOG_CHECK\x1b[m\x1b[K\xe2\x80\x99\n'}
[1.380316] (eigen_checks) StderrLine: {'line': b'   47 |   \x1b[01;36m\x1b[KINTERNAL_EIGEN_CHECKS_MAKE_GLOG_CHECK\x1b[m\x1b[K(                                     \\\n'}
[1.380399] (eigen_checks) StderrLine: {'line': b'      |   \x1b[01;36m\x1b[K^~~~~~~~~~~~~~~~~~~~~~~~~~~~~~~~~~~~~\x1b[m\x1b[K\n'}
[1.380479] (eigen_checks) StderrLine: {'line': b'\x1b[01m\x1b[K/home/carbs/hdvio2.0/eigen_checks/test/test_glog-equal.cc:38:7:\x1b[m\x1b[K \x1b[01;36m\x1b[Knote: \x1b[m\x1b[Kin expansion of macro \xe2\x80\x98\x1b[01m\x1b[KCHECK_EIGEN_MATRIX_EQUAL\x1b[m\x1b[K\xe2\x80\x99\n'}
[1.380562] (eigen_checks) StderrLine: {'line': b'   38 |       \x1b[01;36m\x1b[KCHECK_EIGEN_MATRIX_EQUAL\x1b[m\x1b[K(this->ground_truth_matrix_54,\n'}
[1.380657] (eigen_checks) StderrLine: {'line': b'      |       \x1b[01;36m\x1b[K^~~~~~~~~~~~~~~~~~~~~~~~\x1b[m\x1b[K\n'}
[1.380756] (eigen_checks) StderrLine: {'line': b'\x1b[01m\x1b[K/home/carbs/hdvio2.0/eigen_checks/test/test_glog-equal.cc:\x1b[m\x1b[K In member function \xe2\x80\x98\x1b[01m\x1b[Kvirtual void EigenChecks_EigenMatrixEqualGLog_Matrix_OtherSize_Test<gtest_TypeParam_>::TestBody()\x1b[m\x1b[K\xe2\x80\x99:\n'}
[1.380842] (eigen_checks) StderrLine: {'line': b'\x1b[01m\x1b[K/home/carbs/hdvio2.0/eigen_checks/include/eigen-checks/glog.h:42:7:\x1b[m\x1b[K \x1b[01;31m\x1b[Kerror: \x1b[m\x1b[Kexpected primary-expression before \xe2\x80\x98\x1b[01m\x1b[Kresult_44\x1b[m\x1b[K\xe2\x80\x99\n'}
[1.380923] (eigen_checks) StderrLine: {'line': b'   42 |       \x1b[01;31m\x1b[Kresult_\x1b[m\x1b[K, __LINE__) = (X);                                              \\\n'}
[1.381003] (eigen_checks) StderrLine: {'line': b'      |       \x1b[01;31m\x1b[K^~~~~~~\x1b[m\x1b[K\n'}
[1.381086] (eigen_checks) StderrLine: {'line': b'\x1b[01m\x1b[K/home/carbs/hdvio2.0/eigen_checks/test/test_glog-equal.cc:43:3:\x1b[m\x1b[K \x1b[01;36m\x1b[Knote: \x1b[m\x1b[Kin expansion of macro \xe2\x80\x98\x1b[01m\x1b[KGLOG_TEST_EXPECT_DEATH_DIFFERENT_SIZE\x1b[m\x1b[K\xe2\x80\x99\n'}
[1.381176] (eigen_checks) StderrLine: {'line': b'   43 |   \x1b[01;36m\x1b[KGLOG_TEST_EXPECT_DEATH_DIFFERENT_SIZE\x1b[m\x1b[K(\n'}
[1.381261] (eigen_checks) StderrLine: {'line': b'      |   \x1b[01;36m\x1b[K^~~~~~~~~~~~~~~~~~~~~~~~~~~~~~~~~~~~~\x1b[m\x1b[K\n'}
[1.381341] (eigen_checks) StderrLine: {'line': b'\x1b[01m\x1b[K/home/carbs/hdvio2.0/eigen_checks/include/eigen-checks/glog.h:38:3:\x1b[m\x1b[K \x1b[01;36m\x1b[Knote: \x1b[m\x1b[Kin expansion of macro \xe2\x80\x98\x1b[01m\x1b[KINTERNAL_EIGEN_CHECKS_LOCAL_UNIQUE_VAR\x1b[m\x1b[K\xe2\x80\x99\n'}
[1.381422] (eigen_checks) StderrLine: {'line': b'   38 |   \x1b[01;36m\x1b[KINTERNAL_EIGEN_CHECKS_LOCAL_UNIQUE_VAR\x1b[m\x1b[K(var, line)\n'}
[1.381511] (eigen_checks) StderrLine: {'line': b'      |   \x1b[01;36m\x1b[K^~~~~~~~~~~~~~~~~~~~~~~~~~~~~~~~~~~~~~\x1b[m\x1b[K\n'}
[1.381593] (eigen_checks) StderrLine: {'line': b'\x1b[01m\x1b[K/home/carbs/hdvio2.0/eigen_checks/include/eigen-checks/glog.h:41:30:\x1b[m\x1b[K \x1b[01;36m\x1b[Knote: \x1b[m\x1b[Kin expansion of macro \xe2\x80\x98\x1b[01m\x1b[KINTERNAL_EIGEN_CHECKS_MAKE_VAR\x1b[m\x1b[K\xe2\x80\x99\n'}
[1.381696] (eigen_checks) StderrLine: {'line': b'   41 |   ::testing::AssertionResult \x1b[01;36m\x1b[KINTERNAL_EIGEN_CHECKS_MAKE_VAR\x1b[m\x1b[K(                 \\\n'}
[1.381786] (eigen_checks) StderrLine: {'line': b'      |                              \x1b[01;36m\x1b[K^~~~~~~~~~~~~~~~~~~~~~~~~~~~~~\x1b[m\x1b[K\n'}
[1.381868] (eigen_checks) StderrLine: {'line': b'\x1b[01m\x1b[K/home/carbs/hdvio2.0/eigen_checks/include/eigen-checks/glog.h:47:3:\x1b[m\x1b[K \x1b[01;36m\x1b[Knote: \x1b[m\x1b[Kin expansion of macro \xe2\x80\x98\x1b[01m\x1b[KINTERNAL_EIGEN_CHECKS_MAKE_GLOG_CHECK\x1b[m\x1b[K\xe2\x80\x99\n'}
[1.381951] (eigen_checks) StderrLine: {'line': b'   47 |   \x1b[01;36m\x1b[KINTERNAL_EIGEN_CHECKS_MAKE_GLOG_CHECK\x1b[m\x1b[K(                                     \\\n'}
[1.382036] (eigen_checks) StderrLine: {'line': b'      |   \x1b[01;36m\x1b[K^~~~~~~~~~~~~~~~~~~~~~~~~~~~~~~~~~~~~\x1b[m\x1b[K\n'}
[1.382119] (eigen_checks) StderrLine: {'line': b'\x1b[01m\x1b[K/home/carbs/hdvio2.0/eigen_checks/test/test_glog-equal.cc:44:7:\x1b[m\x1b[K \x1b[01;36m\x1b[Knote: \x1b[m\x1b[Kin expansion of macro \xe2\x80\x98\x1b[01m\x1b[KCHECK_EIGEN_MATRIX_EQUAL\x1b[m\x1b[K\xe2\x80\x99\n'}
[1.382196] (eigen_checks) StderrLine: {'line': b'   44 |       \x1b[01;36m\x1b[KCHECK_EIGEN_MATRIX_EQUAL\x1b[m\x1b[K(this->ground_truth_matrix_54,\n'}
[1.382277] (eigen_checks) StderrLine: {'line': b'      |       \x1b[01;36m\x1b[K^~~~~~~~~~~~~~~~~~~~~~~~\x1b[m\x1b[K\n'}
[1.382351] (eigen_checks) StderrLine: {'line': b'\x1b[01m\x1b[K/home/carbs/hdvio2.0/eigen_checks/include/eigen-checks/glog.h:42:7:\x1b[m\x1b[K \x1b[01;31m\x1b[Kerror: \x1b[m\x1b[Kexpected \xe2\x80\x98\x1b[01m\x1b[K)\x1b[m\x1b[K\xe2\x80\x99 before \xe2\x80\x98\x1b[01m\x1b[Kresult_44\x1b[m\x1b[K\xe2\x80\x99\n'}
[1.382443] (eigen_checks) StderrLine: {'line': b'   42 |       \x1b[01;31m\x1b[Kresult_\x1b[m\x1b[K, __LINE__) = (X);                                              \\\n'}
[1.382531] (eigen_checks) StderrLine: {'line': b'      |       \x1b[01;31m\x1b[K^~~~~~~\x1b[m\x1b[K\n'}
[1.382617] (eigen_checks) StderrLine: {'line': b'\x1b[01m\x1b[K/home/carbs/hdvio2.0/eigen_checks/test/test_glog-equal.cc:43:3:\x1b[m\x1b[K \x1b[01;36m\x1b[Knote: \x1b[m\x1b[Kin expansion of macro \xe2\x80\x98\x1b[01m\x1b[KGLOG_TEST_EXPECT_DEATH_DIFFERENT_SIZE\x1b[m\x1b[K\xe2\x80\x99\n'}
[1.382713] (eigen_checks) StderrLine: {'line': b'   43 |   \x1b[01;36m\x1b[KGLOG_TEST_EXPECT_DEATH_DIFFERENT_SIZE\x1b[m\x1b[K(\n'}
[1.382797] (eigen_checks) StderrLine: {'line': b'      |   \x1b[01;36m\x1b[K^~~~~~~~~~~~~~~~~~~~~~~~~~~~~~~~~~~~~\x1b[m\x1b[K\n'}
[1.382877] (eigen_checks) StderrLine: {'line': b'\x1b[01m\x1b[K/home/carbs/hdvio2.0/eigen_checks/include/eigen-checks/glog.h:38:3:\x1b[m\x1b[K \x1b[01;36m\x1b[Knote: \x1b[m\x1b[Kin expansion of macro \xe2\x80\x98\x1b[01m\x1b[KINTERNAL_EIGEN_CHECKS_LOCAL_UNIQUE_VAR\x1b[m\x1b[K\xe2\x80\x99\n'}
[1.382959] (eigen_checks) StderrLine: {'line': b'   38 |   \x1b[01;36m\x1b[KINTERNAL_EIGEN_CHECKS_LOCAL_UNIQUE_VAR\x1b[m\x1b[K(var, line)\n'}
[1.383042] (eigen_checks) StderrLine: {'line': b'      |   \x1b[01;36m\x1b[K^~~~~~~~~~~~~~~~~~~~~~~~~~~~~~~~~~~~~~\x1b[m\x1b[K\n'}
[1.383125] (eigen_checks) StderrLine: {'line': b'\x1b[01m\x1b[K/home/carbs/hdvio2.0/eigen_checks/include/eigen-checks/glog.h:41:30:\x1b[m\x1b[K \x1b[01;36m\x1b[Knote: \x1b[m\x1b[Kin expansion of macro \xe2\x80\x98\x1b[01m\x1b[KINTERNAL_EIGEN_CHECKS_MAKE_VAR\x1b[m\x1b[K\xe2\x80\x99\n'}
[1.383218] (eigen_checks) StderrLine: {'line': b'   41 |   ::testing::AssertionResult \x1b[01;36m\x1b[KINTERNAL_EIGEN_CHECKS_MAKE_VAR\x1b[m\x1b[K(                 \\\n'}
[1.383299] (eigen_checks) StderrLine: {'line': b'      |                              \x1b[01;36m\x1b[K^~~~~~~~~~~~~~~~~~~~~~~~~~~~~~\x1b[m\x1b[K\n'}
[1.383383] (eigen_checks) StderrLine: {'line': b'\x1b[01m\x1b[K/home/carbs/hdvio2.0/eigen_checks/include/eigen-checks/glog.h:47:3:\x1b[m\x1b[K \x1b[01;36m\x1b[Knote: \x1b[m\x1b[Kin expansion of macro \xe2\x80\x98\x1b[01m\x1b[KINTERNAL_EIGEN_CHECKS_MAKE_GLOG_CHECK\x1b[m\x1b[K\xe2\x80\x99\n'}
[1.383465] (eigen_checks) StderrLine: {'line': b'   47 |   \x1b[01;36m\x1b[KINTERNAL_EIGEN_CHECKS_MAKE_GLOG_CHECK\x1b[m\x1b[K(                                     \\\n'}
[1.383548] (eigen_checks) StderrLine: {'line': b'      |   \x1b[01;36m\x1b[K^~~~~~~~~~~~~~~~~~~~~~~~~~~~~~~~~~~~~\x1b[m\x1b[K\n'}
[1.383628] (eigen_checks) StderrLine: {'line': b'\x1b[01m\x1b[K/home/carbs/hdvio2.0/eigen_checks/test/test_glog-equal.cc:44:7:\x1b[m\x1b[K \x1b[01;36m\x1b[Knote: \x1b[m\x1b[Kin expansion of macro \xe2\x80\x98\x1b[01m\x1b[KCHECK_EIGEN_MATRIX_EQUAL\x1b[m\x1b[K\xe2\x80\x99\n'}
[1.383727] (eigen_checks) StderrLine: {'line': b'   44 |       \x1b[01;36m\x1b[KCHECK_EIGEN_MATRIX_EQUAL\x1b[m\x1b[K(this->ground_truth_matrix_54,\n'}
[1.383813] (eigen_checks) StderrLine: {'line': b'      |       \x1b[01;36m\x1b[K^~~~~~~~~~~~~~~~~~~~~~~~\x1b[m\x1b[K\n'}
[1.383895] (eigen_checks) StderrLine: {'line': b'\x1b[01m\x1b[K/home/carbs/hdvio2.0/eigen_checks/test/test_helper.h:133:16:\x1b[m\x1b[K \x1b[01;36m\x1b[Knote: \x1b[m\x1b[Kto match this \xe2\x80\x98\x1b[01m\x1b[K(\x1b[m\x1b[K\xe2\x80\x99\n'}
[1.383981] (eigen_checks) StderrLine: {'line': b'  133 |   EXPECT_DEATH(\x1b[01;36m\x1b[K(\x1b[m\x1b[KX), "^")  // ^The matrices have a different$\n'}
[1.384066] (eigen_checks) StderrLine: {'line': b'      |                \x1b[01;36m\x1b[K^\x1b[m\x1b[K\n'}
[1.384151] (eigen_checks) StderrLine: {'line': b'\x1b[01m\x1b[K/home/carbs/hdvio2.0/eigen_checks/test/test_glog-equal.cc:43:3:\x1b[m\x1b[K \x1b[01;36m\x1b[Knote: \x1b[m\x1b[Kin expansion of macro \xe2\x80\x98\x1b[01m\x1b[KGLOG_TEST_EXPECT_DEATH_DIFFERENT_SIZE\x1b[m\x1b[K\xe2\x80\x99\n'}
[1.384244] (eigen_checks) StderrLine: {'line': b'   43 |   \x1b[01;36m\x1b[KGLOG_TEST_EXPECT_DEATH_DIFFERENT_SIZE\x1b[m\x1b[K(\n'}
[1.384342] (eigen_checks) StderrLine: {'line': b'      |   \x1b[01;36m\x1b[K^~~~~~~~~~~~~~~~~~~~~~~~~~~~~~~~~~~~~\x1b[m\x1b[K\n'}
[1.384696] (eigen_checks) StderrLine: {'line': b'\x1b[01m\x1b[K/home/carbs/hdvio2.0/eigen_checks/include/eigen-checks/glog.h:43:58:\x1b[m\x1b[K \x1b[01;31m\x1b[Kerror: \x1b[m\x1b[K\xe2\x80\x98\x1b[01m\x1b[Kresult_44\x1b[m\x1b[K\xe2\x80\x99 was not declared in this scope\n'}
[1.384805] (eigen_checks) StderrLine: {'line': b'   43 |   CHECK(static_cast<bool>(INTERNAL_EIGEN_CHECKS_MAKE_VAR(\x1b[01;31m\x1b[Kresult_\x1b[m\x1b[K, __LINE__)))\\\n'}
[1.384891] (eigen_checks) StderrLine: {'line': b'      |                                                          \x1b[01;31m\x1b[K^~~~~~~\x1b[m\x1b[K\n'}
[1.384976] (eigen_checks) StderrLine: {'line': b'\x1b[01m\x1b[K/home/carbs/hdvio2.0/eigen_checks/test/test_glog-equal.cc:43:3:\x1b[m\x1b[K \x1b[01;36m\x1b[Knote: \x1b[m\x1b[Kin expansion of macro \xe2\x80\x98\x1b[01m\x1b[KGLOG_TEST_EXPECT_DEATH_DIFFERENT_SIZE\x1b[m\x1b[K\xe2\x80\x99\n'}
[1.385069] (eigen_checks) StderrLine: {'line': b'   43 |   \x1b[01;36m\x1b[KGLOG_TEST_EXPECT_DEATH_DIFFERENT_SIZE\x1b[m\x1b[K(\n'}
[1.385154] (eigen_checks) StderrLine: {'line': b'      |   \x1b[01;36m\x1b[K^~~~~~~~~~~~~~~~~~~~~~~~~~~~~~~~~~~~~\x1b[m\x1b[K\n'}
[1.385236] (eigen_checks) StderrLine: {'line': b'\x1b[01m\x1b[K/home/carbs/hdvio2.0/eigen_checks/include/eigen-checks/glog.h:38:3:\x1b[m\x1b[K \x1b[01;36m\x1b[Knote: \x1b[m\x1b[Kin expansion of macro \xe2\x80\x98\x1b[01m\x1b[KINTERNAL_EIGEN_CHECKS_LOCAL_UNIQUE_VAR\x1b[m\x1b[K\xe2\x80\x99\n'}
[1.385337] (eigen_checks) StderrLine: {'line': b'   38 |   \x1b[01;36m\x1b[KINTERNAL_EIGEN_CHECKS_LOCAL_UNIQUE_VAR\x1b[m\x1b[K(var, line)\n'}
[1.385429] (eigen_checks) StderrLine: {'line': b'      |   \x1b[01;36m\x1b[K^~~~~~~~~~~~~~~~~~~~~~~~~~~~~~~~~~~~~~\x1b[m\x1b[K\n'}
[1.385744] (eigen_checks) StderrLine: {'line': b'\x1b[01m\x1b[K/home/carbs/hdvio2.0/eigen_checks/include/eigen-checks/glog.h:43:27:\x1b[m\x1b[K \x1b[01;36m\x1b[Knote: \x1b[m\x1b[Kin expansion of macro \xe2\x80\x98\x1b[01m\x1b[KINTERNAL_EIGEN_CHECKS_MAKE_VAR\x1b[m\x1b[K\xe2\x80\x99\n'}
[1.385844] (eigen_checks) StderrLine: {'line': b'   43 |   CHECK(static_cast<bool>(\x1b[01;36m\x1b[KINTERNAL_EIGEN_CHECKS_MAKE_VAR\x1b[m\x1b[K(result_, __LINE__)))\\\n'}
[1.385933] (eigen_checks) StderrLine: {'line': b'      |                           \x1b[01;36m\x1b[K^~~~~~~~~~~~~~~~~~~~~~~~~~~~~~\x1b[m\x1b[K\n'}
[1.386020] (eigen_checks) StderrLine: {'line': b'\x1b[01m\x1b[K/home/carbs/hdvio2.0/eigen_checks/include/eigen-checks/glog.h:47:3:\x1b[m\x1b[K \x1b[01;36m\x1b[Knote: \x1b[m\x1b[Kin expansion of macro \xe2\x80\x98\x1b[01m\x1b[KINTERNAL_EIGEN_CHECKS_MAKE_GLOG_CHECK\x1b[m\x1b[K\xe2\x80\x99\n'}
[1.386109] (eigen_checks) StderrLine: {'line': b'   47 |   \x1b[01;36m\x1b[KINTERNAL_EIGEN_CHECKS_MAKE_GLOG_CHECK\x1b[m\x1b[K(                                     \\\n'}
[1.386196] (eigen_checks) StderrLine: {'line': b'      |   \x1b[01;36m\x1b[K^~~~~~~~~~~~~~~~~~~~~~~~~~~~~~~~~~~~~\x1b[m\x1b[K\n'}
[1.386280] (eigen_checks) StderrLine: {'line': b'\x1b[01m\x1b[K/home/carbs/hdvio2.0/eigen_checks/test/test_glog-equal.cc:44:7:\x1b[m\x1b[K \x1b[01;36m\x1b[Knote: \x1b[m\x1b[Kin expansion of macro \xe2\x80\x98\x1b[01m\x1b[KCHECK_EIGEN_MATRIX_EQUAL\x1b[m\x1b[K\xe2\x80\x99\n'}
[1.386366] (eigen_checks) StderrLine: {'line': b'   44 |       \x1b[01;36m\x1b[KCHECK_EIGEN_MATRIX_EQUAL\x1b[m\x1b[K(this->ground_truth_matrix_54,\n'}
[1.386453] (eigen_checks) StderrLine: {'line': b'      |       \x1b[01;36m\x1b[K^~~~~~~~~~~~~~~~~~~~~~~~\x1b[m\x1b[K\n'}
[1.386538] (eigen_checks) StderrLine: {'line': b'\x1b[01m\x1b[K/home/carbs/hdvio2.0/eigen_checks/test/test_glog-equal.cc:\x1b[m\x1b[K In member function \xe2\x80\x98\x1b[01m\x1b[Kvirtual void EigenChecks_EigenMatrixEqualGLog_Matrix_Near5_Test<gtest_TypeParam_>::TestBody()\x1b[m\x1b[K\xe2\x80\x99:\n'}
[1.386625] (eigen_checks) StderrLine: {'line': b'\x1b[01m\x1b[K/home/carbs/hdvio2.0/eigen_checks/include/eigen-checks/glog.h:42:7:\x1b[m\x1b[K \x1b[01;31m\x1b[Kerror: \x1b[m\x1b[Kexpected primary-expression before \xe2\x80\x98\x1b[01m\x1b[Kresult_50\x1b[m\x1b[K\xe2\x80\x99\n'}
[1.386720] (eigen_checks) StderrLine: {'line': b'   42 |       \x1b[01;31m\x1b[Kresult_\x1b[m\x1b[K, __LINE__) = (X);                                              \\\n'}
[1.386794] (eigen_checks) StderrLine: {'line': b'      |       \x1b[01;31m\x1b[K^~~~~~~\x1b[m\x1b[K\n'}
[1.386875] (eigen_checks) StderrLine: {'line': b'\x1b[01m\x1b[K/home/carbs/hdvio2.0/eigen_checks/test/test_glog-equal.cc:49:3:\x1b[m\x1b[K \x1b[01;36m\x1b[Knote: \x1b[m\x1b[Kin expansion of macro \xe2\x80\x98\x1b[01m\x1b[KGLOG_TEST_EXPECT_DEATH_DIFFERENT_DATA\x1b[m\x1b[K\xe2\x80\x99\n'}
[1.386962] (eigen_checks) StderrLine: {'line': b'   49 |   \x1b[01;36m\x1b[KGLOG_TEST_EXPECT_DEATH_DIFFERENT_DATA\x1b[m\x1b[K(\n'}
[1.387044] (eigen_checks) StderrLine: {'line': b'      |   \x1b[01;36m\x1b[K^~~~~~~~~~~~~~~~~~~~~~~~~~~~~~~~~~~~~\x1b[m\x1b[K\n'}
[1.387125] (eigen_checks) StderrLine: {'line': b'\x1b[01m\x1b[K/home/carbs/hdvio2.0/eigen_checks/include/eigen-checks/glog.h:38:3:\x1b[m\x1b[K \x1b[01;36m\x1b[Knote: \x1b[m\x1b[Kin expansion of macro \xe2\x80\x98\x1b[01m\x1b[KINTERNAL_EIGEN_CHECKS_LOCAL_UNIQUE_VAR\x1b[m\x1b[K\xe2\x80\x99\n'}
[1.387208] (eigen_checks) StderrLine: {'line': b'   38 |   \x1b[01;36m\x1b[KINTERNAL_EIGEN_CHECKS_LOCAL_UNIQUE_VAR\x1b[m\x1b[K(var, line)\n'}
[1.387292] (eigen_checks) StderrLine: {'line': b'      |   \x1b[01;36m\x1b[K^~~~~~~~~~~~~~~~~~~~~~~~~~~~~~~~~~~~~~\x1b[m\x1b[K\n'}
[1.387376] (eigen_checks) StderrLine: {'line': b'\x1b[01m\x1b[K/home/carbs/hdvio2.0/eigen_checks/include/eigen-checks/glog.h:41:30:\x1b[m\x1b[K \x1b[01;36m\x1b[Knote: \x1b[m\x1b[Kin expansion of macro \xe2\x80\x98\x1b[01m\x1b[KINTERNAL_EIGEN_CHECKS_MAKE_VAR\x1b[m\x1b[K\xe2\x80\x99\n'}
[1.387462] (eigen_checks) StderrLine: {'line': b'   41 |   ::testing::AssertionResult \x1b[01;36m\x1b[KINTERNAL_EIGEN_CHECKS_MAKE_VAR\x1b[m\x1b[K(                 \\\n'}
[1.387545] (eigen_checks) StderrLine: {'line': b'      |                              \x1b[01;36m\x1b[K^~~~~~~~~~~~~~~~~~~~~~~~~~~~~~\x1b[m\x1b[K\n'}
[1.387627] (eigen_checks) StderrLine: {'line': b'\x1b[01m\x1b[K/home/carbs/hdvio2.0/eigen_checks/include/eigen-checks/glog.h:47:3:\x1b[m\x1b[K \x1b[01;36m\x1b[Knote: \x1b[m\x1b[Kin expansion of macro \xe2\x80\x98\x1b[01m\x1b[KINTERNAL_EIGEN_CHECKS_MAKE_GLOG_CHECK\x1b[m\x1b[K\xe2\x80\x99\n'}
[1.387730] (eigen_checks) StderrLine: {'line': b'   47 |   \x1b[01;36m\x1b[KINTERNAL_EIGEN_CHECKS_MAKE_GLOG_CHECK\x1b[m\x1b[K(                                     \\\n'}
[1.387814] (eigen_checks) StderrLine: {'line': b'      |   \x1b[01;36m\x1b[K^~~~~~~~~~~~~~~~~~~~~~~~~~~~~~~~~~~~~\x1b[m\x1b[K\n'}
[1.387896] (eigen_checks) StderrLine: {'line': b'\x1b[01m\x1b[K/home/carbs/hdvio2.0/eigen_checks/test/test_glog-equal.cc:50:7:\x1b[m\x1b[K \x1b[01;36m\x1b[Knote: \x1b[m\x1b[Kin expansion of macro \xe2\x80\x98\x1b[01m\x1b[KCHECK_EIGEN_MATRIX_EQUAL\x1b[m\x1b[K\xe2\x80\x99\n'}
[1.387980] (eigen_checks) StderrLine: {'line': b'   50 |       \x1b[01;36m\x1b[KCHECK_EIGEN_MATRIX_EQUAL\x1b[m\x1b[K(this->ground_truth_matrix_54,\n'}
[1.388065] (eigen_checks) StderrLine: {'line': b'      |       \x1b[01;36m\x1b[K^~~~~~~~~~~~~~~~~~~~~~~~\x1b[m\x1b[K\n'}
[1.388148] (eigen_checks) StderrLine: {'line': b'\x1b[01m\x1b[K/home/carbs/hdvio2.0/eigen_checks/include/eigen-checks/glog.h:42:7:\x1b[m\x1b[K \x1b[01;31m\x1b[Kerror: \x1b[m\x1b[Kexpected \xe2\x80\x98\x1b[01m\x1b[K)\x1b[m\x1b[K\xe2\x80\x99 before \xe2\x80\x98\x1b[01m\x1b[Kresult_50\x1b[m\x1b[K\xe2\x80\x99\n'}
[1.388227] (eigen_checks) StderrLine: {'line': b'   42 |       \x1b[01;31m\x1b[Kresult_\x1b[m\x1b[K, __LINE__) = (X);                                              \\\n'}
[1.388308] (eigen_checks) StderrLine: {'line': b'      |       \x1b[01;31m\x1b[K^~~~~~~\x1b[m\x1b[K\n'}
[1.388401] (eigen_checks) StderrLine: {'line': b'\x1b[01m\x1b[K/home/carbs/hdvio2.0/eigen_checks/test/test_glog-equal.cc:49:3:\x1b[m\x1b[K \x1b[01;36m\x1b[Knote: \x1b[m\x1b[Kin expansion of macro \xe2\x80\x98\x1b[01m\x1b[KGLOG_TEST_EXPECT_DEATH_DIFFERENT_DATA\x1b[m\x1b[K\xe2\x80\x99\n'}
[1.388488] (eigen_checks) StderrLine: {'line': b'   49 |   \x1b[01;36m\x1b[KGLOG_TEST_EXPECT_DEATH_DIFFERENT_DATA\x1b[m\x1b[K(\n'}
[1.388575] (eigen_checks) StderrLine: {'line': b'      |   \x1b[01;36m\x1b[K^~~~~~~~~~~~~~~~~~~~~~~~~~~~~~~~~~~~~\x1b[m\x1b[K\n'}
[1.388672] (eigen_checks) StderrLine: {'line': b'\x1b[01m\x1b[K/home/carbs/hdvio2.0/eigen_checks/include/eigen-checks/glog.h:38:3:\x1b[m\x1b[K \x1b[01;36m\x1b[Knote: \x1b[m\x1b[Kin expansion of macro \xe2\x80\x98\x1b[01m\x1b[KINTERNAL_EIGEN_CHECKS_LOCAL_UNIQUE_VAR\x1b[m\x1b[K\xe2\x80\x99\n'}
[1.388774] (eigen_checks) StderrLine: {'line': b'   38 |   \x1b[01;36m\x1b[KINTERNAL_EIGEN_CHECKS_LOCAL_UNIQUE_VAR\x1b[m\x1b[K(var, line)\n'}
[1.388861] (eigen_checks) StderrLine: {'line': b'      |   \x1b[01;36m\x1b[K^~~~~~~~~~~~~~~~~~~~~~~~~~~~~~~~~~~~~~\x1b[m\x1b[K\n'}
[1.388944] (eigen_checks) StderrLine: {'line': b'\x1b[01m\x1b[K/home/carbs/hdvio2.0/eigen_checks/include/eigen-checks/glog.h:41:30:\x1b[m\x1b[K \x1b[01;36m\x1b[Knote: \x1b[m\x1b[Kin expansion of macro \xe2\x80\x98\x1b[01m\x1b[KINTERNAL_EIGEN_CHECKS_MAKE_VAR\x1b[m\x1b[K\xe2\x80\x99\n'}
[1.389028] (eigen_checks) StderrLine: {'line': b'   41 |   ::testing::AssertionResult \x1b[01;36m\x1b[KINTERNAL_EIGEN_CHECKS_MAKE_VAR\x1b[m\x1b[K(                 \\\n'}
[1.389110] (eigen_checks) StderrLine: {'line': b'      |                              \x1b[01;36m\x1b[K^~~~~~~~~~~~~~~~~~~~~~~~~~~~~~\x1b[m\x1b[K\n'}
[1.389194] (eigen_checks) StderrLine: {'line': b'\x1b[01m\x1b[K/home/carbs/hdvio2.0/eigen_checks/include/eigen-checks/glog.h:47:3:\x1b[m\x1b[K \x1b[01;36m\x1b[Knote: \x1b[m\x1b[Kin expansion of macro \xe2\x80\x98\x1b[01m\x1b[KINTERNAL_EIGEN_CHECKS_MAKE_GLOG_CHECK\x1b[m\x1b[K\xe2\x80\x99\n'}
[1.389277] (eigen_checks) StderrLine: {'line': b'   47 |   \x1b[01;36m\x1b[KINTERNAL_EIGEN_CHECKS_MAKE_GLOG_CHECK\x1b[m\x1b[K(                                     \\\n'}
[1.389359] (eigen_checks) StderrLine: {'line': b'      |   \x1b[01;36m\x1b[K^~~~~~~~~~~~~~~~~~~~~~~~~~~~~~~~~~~~~\x1b[m\x1b[K\n'}
[1.389444] (eigen_checks) StderrLine: {'line': b'\x1b[01m\x1b[K/home/carbs/hdvio2.0/eigen_checks/test/test_glog-equal.cc:50:7:\x1b[m\x1b[K \x1b[01;36m\x1b[Knote: \x1b[m\x1b[Kin expansion of macro \xe2\x80\x98\x1b[01m\x1b[KCHECK_EIGEN_MATRIX_EQUAL\x1b[m\x1b[K\xe2\x80\x99\n'}
[1.389527] (eigen_checks) StderrLine: {'line': b'   50 |       \x1b[01;36m\x1b[KCHECK_EIGEN_MATRIX_EQUAL\x1b[m\x1b[K(this->ground_truth_matrix_54,\n'}
[1.389604] (eigen_checks) StderrLine: {'line': b'      |       \x1b[01;36m\x1b[K^~~~~~~~~~~~~~~~~~~~~~~~\x1b[m\x1b[K\n'}
[1.389692] (eigen_checks) StderrLine: {'line': b'\x1b[01m\x1b[K/home/carbs/hdvio2.0/eigen_checks/test/test_helper.h:136:16:\x1b[m\x1b[K \x1b[01;36m\x1b[Knote: \x1b[m\x1b[Kto match this \xe2\x80\x98\x1b[01m\x1b[K(\x1b[m\x1b[K\xe2\x80\x99\n'}
[1.389778] (eigen_checks) StderrLine: {'line': b'  136 |   EXPECT_DEATH(\x1b[01;36m\x1b[K(\x1b[m\x1b[KX), "^")  // ^The matrices are different$\n'}
[1.389862] (eigen_checks) StderrLine: {'line': b'      |                \x1b[01;36m\x1b[K^\x1b[m\x1b[K\n'}
[1.389946] (eigen_checks) StderrLine: {'line': b'\x1b[01m\x1b[K/home/carbs/hdvio2.0/eigen_checks/test/test_glog-equal.cc:49:3:\x1b[m\x1b[K \x1b[01;36m\x1b[Knote: \x1b[m\x1b[Kin expansion of macro \xe2\x80\x98\x1b[01m\x1b[KGLOG_TEST_EXPECT_DEATH_DIFFERENT_DATA\x1b[m\x1b[K\xe2\x80\x99\n'}
[1.390025] (eigen_checks) StderrLine: {'line': b'   49 |   \x1b[01;36m\x1b[KGLOG_TEST_EXPECT_DEATH_DIFFERENT_DATA\x1b[m\x1b[K(\n'}
[1.390116] (eigen_checks) StderrLine: {'line': b'      |   \x1b[01;36m\x1b[K^~~~~~~~~~~~~~~~~~~~~~~~~~~~~~~~~~~~~\x1b[m\x1b[K\n'}
[1.390453] (eigen_checks) StderrLine: {'line': b'\x1b[01m\x1b[K/home/carbs/hdvio2.0/eigen_checks/include/eigen-checks/glog.h:43:58:\x1b[m\x1b[K \x1b[01;31m\x1b[Kerror: \x1b[m\x1b[K\xe2\x80\x98\x1b[01m\x1b[Kresult_50\x1b[m\x1b[K\xe2\x80\x99 was not declared in this scope\n'}
[1.390549] (eigen_checks) StderrLine: {'line': b'   43 |   CHECK(static_cast<bool>(INTERNAL_EIGEN_CHECKS_MAKE_VAR(\x1b[01;31m\x1b[Kresult_\x1b[m\x1b[K, __LINE__)))\\\n'}
[1.390624] (eigen_checks) StderrLine: {'line': b'      |                                                          \x1b[01;31m\x1b[K^~~~~~~\x1b[m\x1b[K\n'}
[1.390718] (eigen_checks) StderrLine: {'line': b'\x1b[01m\x1b[K/home/carbs/hdvio2.0/eigen_checks/test/test_glog-equal.cc:49:3:\x1b[m\x1b[K \x1b[01;36m\x1b[Knote: \x1b[m\x1b[Kin expansion of macro \xe2\x80\x98\x1b[01m\x1b[KGLOG_TEST_EXPECT_DEATH_DIFFERENT_DATA\x1b[m\x1b[K\xe2\x80\x99\n'}
[1.390804] (eigen_checks) StderrLine: {'line': b'   49 |   \x1b[01;36m\x1b[KGLOG_TEST_EXPECT_DEATH_DIFFERENT_DATA\x1b[m\x1b[K(\n'}
[1.390883] (eigen_checks) StderrLine: {'line': b'      |   \x1b[01;36m\x1b[K^~~~~~~~~~~~~~~~~~~~~~~~~~~~~~~~~~~~~\x1b[m\x1b[K\n'}
[1.390955] (eigen_checks) StderrLine: {'line': b'\x1b[01m\x1b[K/home/carbs/hdvio2.0/eigen_checks/include/eigen-checks/glog.h:38:3:\x1b[m\x1b[K \x1b[01;36m\x1b[Knote: \x1b[m\x1b[Kin expansion of macro \xe2\x80\x98\x1b[01m\x1b[KINTERNAL_EIGEN_CHECKS_LOCAL_UNIQUE_VAR\x1b[m\x1b[K\xe2\x80\x99\n'}
[1.391030] (eigen_checks) StderrLine: {'line': b'   38 |   \x1b[01;36m\x1b[KINTERNAL_EIGEN_CHECKS_LOCAL_UNIQUE_VAR\x1b[m\x1b[K(var, line)\n'}
[1.391111] (eigen_checks) StderrLine: {'line': b'      |   \x1b[01;36m\x1b[K^~~~~~~~~~~~~~~~~~~~~~~~~~~~~~~~~~~~~~\x1b[m\x1b[K\n'}
[1.391191] (eigen_checks) StderrLine: {'line': b'\x1b[01m\x1b[K/home/carbs/hdvio2.0/eigen_checks/include/eigen-checks/glog.h:43:27:\x1b[m\x1b[K \x1b[01;36m\x1b[Knote: \x1b[m\x1b[Kin expansion of macro \xe2\x80\x98\x1b[01m\x1b[KINTERNAL_EIGEN_CHECKS_MAKE_VAR\x1b[m\x1b[K\xe2\x80\x99\n'}
[1.391276] (eigen_checks) StderrLine: {'line': b'   43 |   CHECK(static_cast<bool>(\x1b[01;36m\x1b[KINTERNAL_EIGEN_CHECKS_MAKE_VAR\x1b[m\x1b[K(result_, __LINE__)))\\\n'}
[1.391358] (eigen_checks) StderrLine: {'line': b'      |                           \x1b[01;36m\x1b[K^~~~~~~~~~~~~~~~~~~~~~~~~~~~~~\x1b[m\x1b[K\n'}
[1.391439] (eigen_checks) StderrLine: {'line': b'\x1b[01m\x1b[K/home/carbs/hdvio2.0/eigen_checks/include/eigen-checks/glog.h:47:3:\x1b[m\x1b[K \x1b[01;36m\x1b[Knote: \x1b[m\x1b[Kin expansion of macro \xe2\x80\x98\x1b[01m\x1b[KINTERNAL_EIGEN_CHECKS_MAKE_GLOG_CHECK\x1b[m\x1b[K\xe2\x80\x99\n'}
[1.391522] (eigen_checks) StderrLine: {'line': b'   47 |   \x1b[01;36m\x1b[KINTERNAL_EIGEN_CHECKS_MAKE_GLOG_CHECK\x1b[m\x1b[K(                                     \\\n'}
[1.391845] (eigen_checks) StderrLine: {'line': b'      |   \x1b[01;36m\x1b[K^~~~~~~~~~~~~~~~~~~~~~~~~~~~~~~~~~~~~\x1b[m\x1b[K\n'}
[1.391935] (eigen_checks) StderrLine: {'line': b'\x1b[01m\x1b[K/home/carbs/hdvio2.0/eigen_checks/test/test_glog-equal.cc:50:7:\x1b[m\x1b[K \x1b[01;36m\x1b[Knote: \x1b[m\x1b[Kin expansion of macro \xe2\x80\x98\x1b[01m\x1b[KCHECK_EIGEN_MATRIX_EQUAL\x1b[m\x1b[K\xe2\x80\x99\n'}
[1.392034] (eigen_checks) StderrLine: {'line': b'   50 |       \x1b[01;36m\x1b[KCHECK_EIGEN_MATRIX_EQUAL\x1b[m\x1b[K(this->ground_truth_matrix_54,\n'}
[1.392117] (eigen_checks) StderrLine: {'line': b'      |       \x1b[01;36m\x1b[K^~~~~~~~~~~~~~~~~~~~~~~~\x1b[m\x1b[K\n'}
[1.392205] (eigen_checks) StderrLine: {'line': b'\x1b[01m\x1b[K/home/carbs/hdvio2.0/eigen_checks/test/test_glog-equal.cc:\x1b[m\x1b[K In member function \xe2\x80\x98\x1b[01m\x1b[Kvirtual void EigenChecks_EigenMatrixEqualGLog_Vector_NonEqualRandom_Test<gtest_TypeParam_>::TestBody()\x1b[m\x1b[K\xe2\x80\x99:\n'}
[1.392287] (eigen_checks) StderrLine: {'line': b'\x1b[01m\x1b[K/home/carbs/hdvio2.0/eigen_checks/include/eigen-checks/glog.h:42:7:\x1b[m\x1b[K \x1b[01;31m\x1b[Kerror: \x1b[m\x1b[Kexpected primary-expression before \xe2\x80\x98\x1b[01m\x1b[Kresult_62\x1b[m\x1b[K\xe2\x80\x99\n'}
[1.392363] (eigen_checks) StderrLine: {'line': b'   42 |       \x1b[01;31m\x1b[Kresult_\x1b[m\x1b[K, __LINE__) = (X);                                              \\\n'}
[1.392442] (eigen_checks) StderrLine: {'line': b'      |       \x1b[01;31m\x1b[K^~~~~~~\x1b[m\x1b[K\n'}
[1.392523] (eigen_checks) StderrLine: {'line': b'\x1b[01m\x1b[K/home/carbs/hdvio2.0/eigen_checks/test/test_glog-equal.cc:61:3:\x1b[m\x1b[K \x1b[01;36m\x1b[Knote: \x1b[m\x1b[Kin expansion of macro \xe2\x80\x98\x1b[01m\x1b[KGLOG_TEST_EXPECT_DEATH_DIFFERENT_DATA\x1b[m\x1b[K\xe2\x80\x99\n'}
[1.392614] (eigen_checks) StderrLine: {'line': b'   61 |   \x1b[01;36m\x1b[KGLOG_TEST_EXPECT_DEATH_DIFFERENT_DATA\x1b[m\x1b[K(\n'}
[1.392714] (eigen_checks) StderrLine: {'line': b'      |   \x1b[01;36m\x1b[K^~~~~~~~~~~~~~~~~~~~~~~~~~~~~~~~~~~~~\x1b[m\x1b[K\n'}
[1.392800] (eigen_checks) StderrLine: {'line': b'\x1b[01m\x1b[K/home/carbs/hdvio2.0/eigen_checks/include/eigen-checks/glog.h:38:3:\x1b[m\x1b[K \x1b[01;36m\x1b[Knote: \x1b[m\x1b[Kin expansion of macro \xe2\x80\x98\x1b[01m\x1b[KINTERNAL_EIGEN_CHECKS_LOCAL_UNIQUE_VAR\x1b[m\x1b[K\xe2\x80\x99\n'}
[1.392883] (eigen_checks) StderrLine: {'line': b'   38 |   \x1b[01;36m\x1b[KINTERNAL_EIGEN_CHECKS_LOCAL_UNIQUE_VAR\x1b[m\x1b[K(var, line)\n'}
[1.392957] (eigen_checks) StderrLine: {'line': b'      |   \x1b[01;36m\x1b[K^~~~~~~~~~~~~~~~~~~~~~~~~~~~~~~~~~~~~~\x1b[m\x1b[K\n'}
[1.393032] (eigen_checks) StderrLine: {'line': b'\x1b[01m\x1b[K/home/carbs/hdvio2.0/eigen_checks/include/eigen-checks/glog.h:41:30:\x1b[m\x1b[K \x1b[01;36m\x1b[Knote: \x1b[m\x1b[Kin expansion of macro \xe2\x80\x98\x1b[01m\x1b[KINTERNAL_EIGEN_CHECKS_MAKE_VAR\x1b[m\x1b[K\xe2\x80\x99\n'}
[1.393116] (eigen_checks) StderrLine: {'line': b'   41 |   ::testing::AssertionResult \x1b[01;36m\x1b[KINTERNAL_EIGEN_CHECKS_MAKE_VAR\x1b[m\x1b[K(                 \\\n'}
[1.393201] (eigen_checks) StderrLine: {'line': b'      |                              \x1b[01;36m\x1b[K^~~~~~~~~~~~~~~~~~~~~~~~~~~~~~\x1b[m\x1b[K\n'}
[1.393284] (eigen_checks) StderrLine: {'line': b'\x1b[01m\x1b[K/home/carbs/hdvio2.0/eigen_checks/include/eigen-checks/glog.h:47:3:\x1b[m\x1b[K \x1b[01;36m\x1b[Knote: \x1b[m\x1b[Kin expansion of macro \xe2\x80\x98\x1b[01m\x1b[KINTERNAL_EIGEN_CHECKS_MAKE_GLOG_CHECK\x1b[m\x1b[K\xe2\x80\x99\n'}
[1.393369] (eigen_checks) StderrLine: {'line': b'   47 |   \x1b[01;36m\x1b[KINTERNAL_EIGEN_CHECKS_MAKE_GLOG_CHECK\x1b[m\x1b[K(                                     \\\n'}
[1.393452] (eigen_checks) StderrLine: {'line': b'      |   \x1b[01;36m\x1b[K^~~~~~~~~~~~~~~~~~~~~~~~~~~~~~~~~~~~~\x1b[m\x1b[K\n'}
[1.393535] (eigen_checks) StderrLine: {'line': b'\x1b[01m\x1b[K/home/carbs/hdvio2.0/eigen_checks/test/test_glog-equal.cc:62:7:\x1b[m\x1b[K \x1b[01;36m\x1b[Knote: \x1b[m\x1b[Kin expansion of macro \xe2\x80\x98\x1b[01m\x1b[KCHECK_EIGEN_MATRIX_EQUAL\x1b[m\x1b[K\xe2\x80\x99\n'}
[1.393625] (eigen_checks) StderrLine: {'line': b'   62 |       \x1b[01;36m\x1b[KCHECK_EIGEN_MATRIX_EQUAL\x1b[m\x1b[K(this->ground_truth_vector_5,\n'}
[1.393723] (eigen_checks) StderrLine: {'line': b'      |       \x1b[01;36m\x1b[K^~~~~~~~~~~~~~~~~~~~~~~~\x1b[m\x1b[K\n'}
[1.393807] (eigen_checks) StderrLine: {'line': b'\x1b[01m\x1b[K/home/carbs/hdvio2.0/eigen_checks/include/eigen-checks/glog.h:42:7:\x1b[m\x1b[K \x1b[01;31m\x1b[Kerror: \x1b[m\x1b[Kexpected \xe2\x80\x98\x1b[01m\x1b[K)\x1b[m\x1b[K\xe2\x80\x99 before \xe2\x80\x98\x1b[01m\x1b[Kresult_62\x1b[m\x1b[K\xe2\x80\x99\n'}
[1.393890] (eigen_checks) StderrLine: {'line': b'   42 |       \x1b[01;31m\x1b[Kresult_\x1b[m\x1b[K, __LINE__) = (X);                                              \\\n'}
[1.393972] (eigen_checks) StderrLine: {'line': b'      |       \x1b[01;31m\x1b[K^~~~~~~\x1b[m\x1b[K\n'}
[1.394052] (eigen_checks) StderrLine: {'line': b'\x1b[01m\x1b[K/home/carbs/hdvio2.0/eigen_checks/test/test_glog-equal.cc:61:3:\x1b[m\x1b[K \x1b[01;36m\x1b[Knote: \x1b[m\x1b[Kin expansion of macro \xe2\x80\x98\x1b[01m\x1b[KGLOG_TEST_EXPECT_DEATH_DIFFERENT_DATA\x1b[m\x1b[K\xe2\x80\x99\n'}
[1.394135] (eigen_checks) StderrLine: {'line': b'   61 |   \x1b[01;36m\x1b[KGLOG_TEST_EXPECT_DEATH_DIFFERENT_DATA\x1b[m\x1b[K(\n'}
[1.394218] (eigen_checks) StderrLine: {'line': b'      |   \x1b[01;36m\x1b[K^~~~~~~~~~~~~~~~~~~~~~~~~~~~~~~~~~~~~\x1b[m\x1b[K\n'}
[1.394299] (eigen_checks) StderrLine: {'line': b'\x1b[01m\x1b[K/home/carbs/hdvio2.0/eigen_checks/include/eigen-checks/glog.h:38:3:\x1b[m\x1b[K \x1b[01;36m\x1b[Knote: \x1b[m\x1b[Kin expansion of macro \xe2\x80\x98\x1b[01m\x1b[KINTERNAL_EIGEN_CHECKS_LOCAL_UNIQUE_VAR\x1b[m\x1b[K\xe2\x80\x99\n'}
[1.394388] (eigen_checks) StderrLine: {'line': b'   38 |   \x1b[01;36m\x1b[KINTERNAL_EIGEN_CHECKS_LOCAL_UNIQUE_VAR\x1b[m\x1b[K(var, line)\n'}
[1.394470] (eigen_checks) StderrLine: {'line': b'      |   \x1b[01;36m\x1b[K^~~~~~~~~~~~~~~~~~~~~~~~~~~~~~~~~~~~~~\x1b[m\x1b[K\n'}
[1.394551] (eigen_checks) StderrLine: {'line': b'\x1b[01m\x1b[K/home/carbs/hdvio2.0/eigen_checks/include/eigen-checks/glog.h:41:30:\x1b[m\x1b[K \x1b[01;36m\x1b[Knote: \x1b[m\x1b[Kin expansion of macro \xe2\x80\x98\x1b[01m\x1b[KINTERNAL_EIGEN_CHECKS_MAKE_VAR\x1b[m\x1b[K\xe2\x80\x99\n'}
[1.394633] (eigen_checks) StderrLine: {'line': b'   41 |   ::testing::AssertionResult \x1b[01;36m\x1b[KINTERNAL_EIGEN_CHECKS_MAKE_VAR\x1b[m\x1b[K(                 \\\n'}
[1.394727] (eigen_checks) StderrLine: {'line': b'      |                              \x1b[01;36m\x1b[K^~~~~~~~~~~~~~~~~~~~~~~~~~~~~~\x1b[m\x1b[K\n'}
[1.394811] (eigen_checks) StderrLine: {'line': b'\x1b[01m\x1b[K/home/carbs/hdvio2.0/eigen_checks/include/eigen-checks/glog.h:47:3:\x1b[m\x1b[K \x1b[01;36m\x1b[Knote: \x1b[m\x1b[Kin expansion of macro \xe2\x80\x98\x1b[01m\x1b[KINTERNAL_EIGEN_CHECKS_MAKE_GLOG_CHECK\x1b[m\x1b[K\xe2\x80\x99\n'}
[1.394907] (eigen_checks) StderrLine: {'line': b'   47 |   \x1b[01;36m\x1b[KINTERNAL_EIGEN_CHECKS_MAKE_GLOG_CHECK\x1b[m\x1b[K(                                     \\\n'}
[1.394990] (eigen_checks) StderrLine: {'line': b'      |   \x1b[01;36m\x1b[K^~~~~~~~~~~~~~~~~~~~~~~~~~~~~~~~~~~~~\x1b[m\x1b[K\n'}
[1.395072] (eigen_checks) StderrLine: {'line': b'\x1b[01m\x1b[K/home/carbs/hdvio2.0/eigen_checks/test/test_glog-equal.cc:62:7:\x1b[m\x1b[K \x1b[01;36m\x1b[Knote: \x1b[m\x1b[Kin expansion of macro \xe2\x80\x98\x1b[01m\x1b[KCHECK_EIGEN_MATRIX_EQUAL\x1b[m\x1b[K\xe2\x80\x99\n'}
[1.395160] (eigen_checks) StderrLine: {'line': b'   62 |       \x1b[01;36m\x1b[KCHECK_EIGEN_MATRIX_EQUAL\x1b[m\x1b[K(this->ground_truth_vector_5,\n'}
[1.395245] (eigen_checks) StderrLine: {'line': b'      |       \x1b[01;36m\x1b[K^~~~~~~~~~~~~~~~~~~~~~~~\x1b[m\x1b[K\n'}
[1.395331] (eigen_checks) StderrLine: {'line': b'\x1b[01m\x1b[K/home/carbs/hdvio2.0/eigen_checks/test/test_helper.h:136:16:\x1b[m\x1b[K \x1b[01;36m\x1b[Knote: \x1b[m\x1b[Kto match this \xe2\x80\x98\x1b[01m\x1b[K(\x1b[m\x1b[K\xe2\x80\x99\n'}
[1.395414] (eigen_checks) StderrLine: {'line': b'  136 |   EXPECT_DEATH(\x1b[01;36m\x1b[K(\x1b[m\x1b[KX), "^")  // ^The matrices are different$\n'}
[1.395489] (eigen_checks) StderrLine: {'line': b'      |                \x1b[01;36m\x1b[K^\x1b[m\x1b[K\n'}
[1.395570] (eigen_checks) StderrLine: {'line': b'\x1b[01m\x1b[K/home/carbs/hdvio2.0/eigen_checks/test/test_glog-equal.cc:61:3:\x1b[m\x1b[K \x1b[01;36m\x1b[Knote: \x1b[m\x1b[Kin expansion of macro \xe2\x80\x98\x1b[01m\x1b[KGLOG_TEST_EXPECT_DEATH_DIFFERENT_DATA\x1b[m\x1b[K\xe2\x80\x99\n'}
[1.395662] (eigen_checks) StderrLine: {'line': b'   61 |   \x1b[01;36m\x1b[KGLOG_TEST_EXPECT_DEATH_DIFFERENT_DATA\x1b[m\x1b[K(\n'}
[1.395761] (eigen_checks) StderrLine: {'line': b'      |   \x1b[01;36m\x1b[K^~~~~~~~~~~~~~~~~~~~~~~~~~~~~~~~~~~~~\x1b[m\x1b[K\n'}
[1.396781] (eigen_checks) StderrLine: {'line': b'\x1b[01m\x1b[K/home/carbs/hdvio2.0/eigen_checks/include/eigen-checks/glog.h:43:58:\x1b[m\x1b[K \x1b[01;31m\x1b[Kerror: \x1b[m\x1b[K\xe2\x80\x98\x1b[01m\x1b[Kresult_62\x1b[m\x1b[K\xe2\x80\x99 was not declared in this scope\n'}
[1.396896] (eigen_checks) StderrLine: {'line': b'   43 |   CHECK(static_cast<bool>(INTERNAL_EIGEN_CHECKS_MAKE_VAR(\x1b[01;31m\x1b[Kresult_\x1b[m\x1b[K, __LINE__)))\\\n'}
[1.396986] (eigen_checks) StderrLine: {'line': b'      |                                                          \x1b[01;31m\x1b[K^~~~~~~\x1b[m\x1b[K\n'}
[1.397064] (eigen_checks) StderrLine: {'line': b'\x1b[01m\x1b[K/home/carbs/hdvio2.0/eigen_checks/test/test_glog-equal.cc:61:3:\x1b[m\x1b[K \x1b[01;36m\x1b[Knote: \x1b[m\x1b[Kin expansion of macro \xe2\x80\x98\x1b[01m\x1b[KGLOG_TEST_EXPECT_DEATH_DIFFERENT_DATA\x1b[m\x1b[K\xe2\x80\x99\n'}
[1.397138] (eigen_checks) StderrLine: {'line': b'   61 |   \x1b[01;36m\x1b[KGLOG_TEST_EXPECT_DEATH_DIFFERENT_DATA\x1b[m\x1b[K(\n'}
[1.397223] (eigen_checks) StderrLine: {'line': b'      |   \x1b[01;36m\x1b[K^~~~~~~~~~~~~~~~~~~~~~~~~~~~~~~~~~~~~\x1b[m\x1b[K\n'}
[1.397298] (eigen_checks) StderrLine: {'line': b'\x1b[01m\x1b[K/home/carbs/hdvio2.0/eigen_checks/include/eigen-checks/glog.h:38:3:\x1b[m\x1b[K \x1b[01;36m\x1b[Knote: \x1b[m\x1b[Kin expansion of macro \xe2\x80\x98\x1b[01m\x1b[KINTERNAL_EIGEN_CHECKS_LOCAL_UNIQUE_VAR\x1b[m\x1b[K\xe2\x80\x99\n'}
[1.397382] (eigen_checks) StderrLine: {'line': b'   38 |   \x1b[01;36m\x1b[KINTERNAL_EIGEN_CHECKS_LOCAL_UNIQUE_VAR\x1b[m\x1b[K(var, line)\n'}
[1.397572] (eigen_checks) StderrLine: {'line': b'      |   \x1b[01;36m\x1b[K^~~~~~~~~~~~~~~~~~~~~~~~~~~~~~~~~~~~~~\x1b[m\x1b[K\n'}
[1.397775] (eigen_checks) StderrLine: {'line': b'\x1b[01m\x1b[K/home/carbs/hdvio2.0/eigen_checks/include/eigen-checks/glog.h:43:27:\x1b[m\x1b[K \x1b[01;36m\x1b[Knote: \x1b[m\x1b[Kin expansion of macro \xe2\x80\x98\x1b[01m\x1b[KINTERNAL_EIGEN_CHECKS_MAKE_VAR\x1b[m\x1b[K\xe2\x80\x99\n'}
[1.397881] (eigen_checks) StderrLine: {'line': b'   43 |   CHECK(static_cast<bool>(\x1b[01;36m\x1b[KINTERNAL_EIGEN_CHECKS_MAKE_VAR\x1b[m\x1b[K(result_, __LINE__)))\\\n'}
[1.397980] (eigen_checks) StderrLine: {'line': b'      |                           \x1b[01;36m\x1b[K^~~~~~~~~~~~~~~~~~~~~~~~~~~~~~\x1b[m\x1b[K\n'}
[1.398065] (eigen_checks) StderrLine: {'line': b'\x1b[01m\x1b[K/home/carbs/hdvio2.0/eigen_checks/include/eigen-checks/glog.h:47:3:\x1b[m\x1b[K \x1b[01;36m\x1b[Knote: \x1b[m\x1b[Kin expansion of macro \xe2\x80\x98\x1b[01m\x1b[KINTERNAL_EIGEN_CHECKS_MAKE_GLOG_CHECK\x1b[m\x1b[K\xe2\x80\x99\n'}
[1.398153] (eigen_checks) StderrLine: {'line': b'   47 |   \x1b[01;36m\x1b[KINTERNAL_EIGEN_CHECKS_MAKE_GLOG_CHECK\x1b[m\x1b[K(                                     \\\n'}
[1.398240] (eigen_checks) StderrLine: {'line': b'      |   \x1b[01;36m\x1b[K^~~~~~~~~~~~~~~~~~~~~~~~~~~~~~~~~~~~~\x1b[m\x1b[K\n'}
[1.398324] (eigen_checks) StderrLine: {'line': b'\x1b[01m\x1b[K/home/carbs/hdvio2.0/eigen_checks/test/test_glog-equal.cc:62:7:\x1b[m\x1b[K \x1b[01;36m\x1b[Knote: \x1b[m\x1b[Kin expansion of macro \xe2\x80\x98\x1b[01m\x1b[KCHECK_EIGEN_MATRIX_EQUAL\x1b[m\x1b[K\xe2\x80\x99\n'}
[1.398413] (eigen_checks) StderrLine: {'line': b'   62 |       \x1b[01;36m\x1b[KCHECK_EIGEN_MATRIX_EQUAL\x1b[m\x1b[K(this->ground_truth_vector_5,\n'}
[1.398496] (eigen_checks) StderrLine: {'line': b'      |       \x1b[01;36m\x1b[K^~~~~~~~~~~~~~~~~~~~~~~~\x1b[m\x1b[K\n'}
[1.398578] (eigen_checks) StderrLine: {'line': b'\x1b[01m\x1b[K/home/carbs/hdvio2.0/eigen_checks/test/test_glog-equal.cc:\x1b[m\x1b[K In member function \xe2\x80\x98\x1b[01m\x1b[Kvirtual void EigenChecks_EigenMatrixEqualGLog_Vector_OtherSize_Test<gtest_TypeParam_>::TestBody()\x1b[m\x1b[K\xe2\x80\x99:\n'}
[1.398675] (eigen_checks) StderrLine: {'line': b'\x1b[01m\x1b[K/home/carbs/hdvio2.0/eigen_checks/include/eigen-checks/glog.h:42:7:\x1b[m\x1b[K \x1b[01;31m\x1b[Kerror: \x1b[m\x1b[Kexpected primary-expression before \xe2\x80\x98\x1b[01m\x1b[Kresult_68\x1b[m\x1b[K\xe2\x80\x99\n'}
[1.398768] (eigen_checks) StderrLine: {'line': b'   42 |       \x1b[01;31m\x1b[Kresult_\x1b[m\x1b[K, __LINE__) = (X);                                              \\\n'}
[1.398853] (eigen_checks) StderrLine: {'line': b'      |       \x1b[01;31m\x1b[K^~~~~~~\x1b[m\x1b[K\n'}
[1.398941] (eigen_checks) StderrLine: {'line': b'\x1b[01m\x1b[K/home/carbs/hdvio2.0/eigen_checks/test/test_glog-equal.cc:67:3:\x1b[m\x1b[K \x1b[01;36m\x1b[Knote: \x1b[m\x1b[Kin expansion of macro \xe2\x80\x98\x1b[01m\x1b[KGLOG_TEST_EXPECT_DEATH_DIFFERENT_DATA\x1b[m\x1b[K\xe2\x80\x99\n'}
[1.399035] (eigen_checks) StderrLine: {'line': b'   67 |   \x1b[01;36m\x1b[KGLOG_TEST_EXPECT_DEATH_DIFFERENT_DATA\x1b[m\x1b[K(\n'}
[1.399122] (eigen_checks) StderrLine: {'line': b'      |   \x1b[01;36m\x1b[K^~~~~~~~~~~~~~~~~~~~~~~~~~~~~~~~~~~~~\x1b[m\x1b[K\n'}
[1.399208] (eigen_checks) StderrLine: {'line': b'\x1b[01m\x1b[K/home/carbs/hdvio2.0/eigen_checks/include/eigen-checks/glog.h:38:3:\x1b[m\x1b[K \x1b[01;36m\x1b[Knote: \x1b[m\x1b[Kin expansion of macro \xe2\x80\x98\x1b[01m\x1b[KINTERNAL_EIGEN_CHECKS_LOCAL_UNIQUE_VAR\x1b[m\x1b[K\xe2\x80\x99\n'}
[1.399301] (eigen_checks) StderrLine: {'line': b'   38 |   \x1b[01;36m\x1b[KINTERNAL_EIGEN_CHECKS_LOCAL_UNIQUE_VAR\x1b[m\x1b[K(var, line)\n'}
[1.399387] (eigen_checks) StderrLine: {'line': b'      |   \x1b[01;36m\x1b[K^~~~~~~~~~~~~~~~~~~~~~~~~~~~~~~~~~~~~~\x1b[m\x1b[K\n'}
[1.399469] (eigen_checks) StderrLine: {'line': b'\x1b[01m\x1b[K/home/carbs/hdvio2.0/eigen_checks/include/eigen-checks/glog.h:41:30:\x1b[m\x1b[K \x1b[01;36m\x1b[Knote: \x1b[m\x1b[Kin expansion of macro \xe2\x80\x98\x1b[01m\x1b[KINTERNAL_EIGEN_CHECKS_MAKE_VAR\x1b[m\x1b[K\xe2\x80\x99\n'}
[1.399561] (eigen_checks) StderrLine: {'line': b'   41 |   ::testing::AssertionResult \x1b[01;36m\x1b[KINTERNAL_EIGEN_CHECKS_MAKE_VAR\x1b[m\x1b[K(                 \\\n'}
[1.399654] (eigen_checks) StderrLine: {'line': b'      |                              \x1b[01;36m\x1b[K^~~~~~~~~~~~~~~~~~~~~~~~~~~~~~\x1b[m\x1b[K\n'}
[1.399749] (eigen_checks) StderrLine: {'line': b'\x1b[01m\x1b[K/home/carbs/hdvio2.0/eigen_checks/include/eigen-checks/glog.h:47:3:\x1b[m\x1b[K \x1b[01;36m\x1b[Knote: \x1b[m\x1b[Kin expansion of macro \xe2\x80\x98\x1b[01m\x1b[KINTERNAL_EIGEN_CHECKS_MAKE_GLOG_CHECK\x1b[m\x1b[K\xe2\x80\x99\n'}
[1.399836] (eigen_checks) StderrLine: {'line': b'   47 |   \x1b[01;36m\x1b[KINTERNAL_EIGEN_CHECKS_MAKE_GLOG_CHECK\x1b[m\x1b[K(                                     \\\n'}
[1.399919] (eigen_checks) StderrLine: {'line': b'      |   \x1b[01;36m\x1b[K^~~~~~~~~~~~~~~~~~~~~~~~~~~~~~~~~~~~~\x1b[m\x1b[K\n'}
[1.400005] (eigen_checks) StderrLine: {'line': b'\x1b[01m\x1b[K/home/carbs/hdvio2.0/eigen_checks/test/test_glog-equal.cc:68:7:\x1b[m\x1b[K \x1b[01;36m\x1b[Knote: \x1b[m\x1b[Kin expansion of macro \xe2\x80\x98\x1b[01m\x1b[KCHECK_EIGEN_MATRIX_EQUAL\x1b[m\x1b[K\xe2\x80\x99\n'}
[1.400089] (eigen_checks) StderrLine: {'line': b'   68 |       \x1b[01;36m\x1b[KCHECK_EIGEN_MATRIX_EQUAL\x1b[m\x1b[K(this->ground_truth_vector_5,\n'}
[1.400181] (eigen_checks) StderrLine: {'line': b'      |       \x1b[01;36m\x1b[K^~~~~~~~~~~~~~~~~~~~~~~~\x1b[m\x1b[K\n'}
[1.400263] (eigen_checks) StderrLine: {'line': b'\x1b[01m\x1b[K/home/carbs/hdvio2.0/eigen_checks/include/eigen-checks/glog.h:42:7:\x1b[m\x1b[K \x1b[01;31m\x1b[Kerror: \x1b[m\x1b[Kexpected \xe2\x80\x98\x1b[01m\x1b[K)\x1b[m\x1b[K\xe2\x80\x99 before \xe2\x80\x98\x1b[01m\x1b[Kresult_68\x1b[m\x1b[K\xe2\x80\x99\n'}
[1.400348] (eigen_checks) StderrLine: {'line': b'   42 |       \x1b[01;31m\x1b[Kresult_\x1b[m\x1b[K, __LINE__) = (X);                                              \\\n'}
[1.400434] (eigen_checks) StderrLine: {'line': b'      |       \x1b[01;31m\x1b[K^~~~~~~\x1b[m\x1b[K\n'}
[1.400515] (eigen_checks) StderrLine: {'line': b'\x1b[01m\x1b[K/home/carbs/hdvio2.0/eigen_checks/test/test_glog-equal.cc:67:3:\x1b[m\x1b[K \x1b[01;36m\x1b[Knote: \x1b[m\x1b[Kin expansion of macro \xe2\x80\x98\x1b[01m\x1b[KGLOG_TEST_EXPECT_DEATH_DIFFERENT_DATA\x1b[m\x1b[K\xe2\x80\x99\n'}
[1.400590] (eigen_checks) StderrLine: {'line': b'   67 |   \x1b[01;36m\x1b[KGLOG_TEST_EXPECT_DEATH_DIFFERENT_DATA\x1b[m\x1b[K(\n'}
[1.400689] (eigen_checks) StderrLine: {'line': b'      |   \x1b[01;36m\x1b[K^~~~~~~~~~~~~~~~~~~~~~~~~~~~~~~~~~~~~\x1b[m\x1b[K\n'}
[1.400779] (eigen_checks) StderrLine: {'line': b'\x1b[01m\x1b[K/home/carbs/hdvio2.0/eigen_checks/include/eigen-checks/glog.h:38:3:\x1b[m\x1b[K \x1b[01;36m\x1b[Knote: \x1b[m\x1b[Kin expansion of macro \xe2\x80\x98\x1b[01m\x1b[KINTERNAL_EIGEN_CHECKS_LOCAL_UNIQUE_VAR\x1b[m\x1b[K\xe2\x80\x99\n'}
[1.400864] (eigen_checks) StderrLine: {'line': b'   38 |   \x1b[01;36m\x1b[KINTERNAL_EIGEN_CHECKS_LOCAL_UNIQUE_VAR\x1b[m\x1b[K(var, line)\n'}
[1.400947] (eigen_checks) StderrLine: {'line': b'      |   \x1b[01;36m\x1b[K^~~~~~~~~~~~~~~~~~~~~~~~~~~~~~~~~~~~~~\x1b[m\x1b[K\n'}
[1.401027] (eigen_checks) StderrLine: {'line': b'\x1b[01m\x1b[K/home/carbs/hdvio2.0/eigen_checks/include/eigen-checks/glog.h:41:30:\x1b[m\x1b[K \x1b[01;36m\x1b[Knote: \x1b[m\x1b[Kin expansion of macro \xe2\x80\x98\x1b[01m\x1b[KINTERNAL_EIGEN_CHECKS_MAKE_VAR\x1b[m\x1b[K\xe2\x80\x99\n'}
[1.401113] (eigen_checks) StderrLine: {'line': b'   41 |   ::testing::AssertionResult \x1b[01;36m\x1b[KINTERNAL_EIGEN_CHECKS_MAKE_VAR\x1b[m\x1b[K(                 \\\n'}
[1.401225] (eigen_checks) StderrLine: {'line': b'      |                              \x1b[01;36m\x1b[K^~~~~~~~~~~~~~~~~~~~~~~~~~~~~~\x1b[m\x1b[K\n'}
[1.401304] (eigen_checks) StderrLine: {'line': b'\x1b[01m\x1b[K/home/carbs/hdvio2.0/eigen_checks/include/eigen-checks/glog.h:47:3:\x1b[m\x1b[K \x1b[01;36m\x1b[Knote: \x1b[m\x1b[Kin expansion of macro \xe2\x80\x98\x1b[01m\x1b[KINTERNAL_EIGEN_CHECKS_MAKE_GLOG_CHECK\x1b[m\x1b[K\xe2\x80\x99\n'}
[1.401389] (eigen_checks) StderrLine: {'line': b'   47 |   \x1b[01;36m\x1b[KINTERNAL_EIGEN_CHECKS_MAKE_GLOG_CHECK\x1b[m\x1b[K(                                     \\\n'}
[1.401475] (eigen_checks) StderrLine: {'line': b'      |   \x1b[01;36m\x1b[K^~~~~~~~~~~~~~~~~~~~~~~~~~~~~~~~~~~~~\x1b[m\x1b[K\n'}
[1.401558] (eigen_checks) StderrLine: {'line': b'\x1b[01m\x1b[K/home/carbs/hdvio2.0/eigen_checks/test/test_glog-equal.cc:68:7:\x1b[m\x1b[K \x1b[01;36m\x1b[Knote: \x1b[m\x1b[Kin expansion of macro \xe2\x80\x98\x1b[01m\x1b[KCHECK_EIGEN_MATRIX_EQUAL\x1b[m\x1b[K\xe2\x80\x99\n'}
[1.401637] (eigen_checks) StderrLine: {'line': b'   68 |       \x1b[01;36m\x1b[KCHECK_EIGEN_MATRIX_EQUAL\x1b[m\x1b[K(this->ground_truth_vector_5,\n'}
[1.401744] (eigen_checks) StderrLine: {'line': b'      |       \x1b[01;36m\x1b[K^~~~~~~~~~~~~~~~~~~~~~~~\x1b[m\x1b[K\n'}
[1.401830] (eigen_checks) StderrLine: {'line': b'\x1b[01m\x1b[K/home/carbs/hdvio2.0/eigen_checks/test/test_helper.h:136:16:\x1b[m\x1b[K \x1b[01;36m\x1b[Knote: \x1b[m\x1b[Kto match this \xe2\x80\x98\x1b[01m\x1b[K(\x1b[m\x1b[K\xe2\x80\x99\n'}
[1.401911] (eigen_checks) StderrLine: {'line': b'  136 |   EXPECT_DEATH(\x1b[01;36m\x1b[K(\x1b[m\x1b[KX), "^")  // ^The matrices are different$\n'}
[1.402000] (eigen_checks) StderrLine: {'line': b'      |                \x1b[01;36m\x1b[K^\x1b[m\x1b[K\n'}
[1.402093] (eigen_checks) StderrLine: {'line': b'\x1b[01m\x1b[K/home/carbs/hdvio2.0/eigen_checks/test/test_glog-equal.cc:67:3:\x1b[m\x1b[K \x1b[01;36m\x1b[Knote: \x1b[m\x1b[Kin expansion of macro \xe2\x80\x98\x1b[01m\x1b[KGLOG_TEST_EXPECT_DEATH_DIFFERENT_DATA\x1b[m\x1b[K\xe2\x80\x99\n'}
[1.402182] (eigen_checks) StderrLine: {'line': b'   67 |   \x1b[01;36m\x1b[KGLOG_TEST_EXPECT_DEATH_DIFFERENT_DATA\x1b[m\x1b[K(\n'}
[1.402265] (eigen_checks) StderrLine: {'line': b'      |   \x1b[01;36m\x1b[K^~~~~~~~~~~~~~~~~~~~~~~~~~~~~~~~~~~~~\x1b[m\x1b[K\n'}
[1.402674] (eigen_checks) StderrLine: {'line': b'\x1b[01m\x1b[K/home/carbs/hdvio2.0/eigen_checks/include/eigen-checks/glog.h:43:58:\x1b[m\x1b[K \x1b[01;31m\x1b[Kerror: \x1b[m\x1b[K\xe2\x80\x98\x1b[01m\x1b[Kresult_68\x1b[m\x1b[K\xe2\x80\x99 was not declared in this scope\n'}
[1.402787] (eigen_checks) StderrLine: {'line': b'   43 |   CHECK(static_cast<bool>(INTERNAL_EIGEN_CHECKS_MAKE_VAR(\x1b[01;31m\x1b[Kresult_\x1b[m\x1b[K, __LINE__)))\\\n'}
[1.402871] (eigen_checks) StderrLine: {'line': b'      |                                                          \x1b[01;31m\x1b[K^~~~~~~\x1b[m\x1b[K\n'}
[1.402955] (eigen_checks) StderrLine: {'line': b'\x1b[01m\x1b[K/home/carbs/hdvio2.0/eigen_checks/test/test_glog-equal.cc:67:3:\x1b[m\x1b[K \x1b[01;36m\x1b[Knote: \x1b[m\x1b[Kin expansion of macro \xe2\x80\x98\x1b[01m\x1b[KGLOG_TEST_EXPECT_DEATH_DIFFERENT_DATA\x1b[m\x1b[K\xe2\x80\x99\n'}
[1.403051] (eigen_checks) StderrLine: {'line': b'   67 |   \x1b[01;36m\x1b[KGLOG_TEST_EXPECT_DEATH_DIFFERENT_DATA\x1b[m\x1b[K(\n'}
[1.403135] (eigen_checks) StderrLine: {'line': b'      |   \x1b[01;36m\x1b[K^~~~~~~~~~~~~~~~~~~~~~~~~~~~~~~~~~~~~\x1b[m\x1b[K\n'}
[1.403221] (eigen_checks) StderrLine: {'line': b'\x1b[01m\x1b[K/home/carbs/hdvio2.0/eigen_checks/include/eigen-checks/glog.h:38:3:\x1b[m\x1b[K \x1b[01;36m\x1b[Knote: \x1b[m\x1b[Kin expansion of macro \xe2\x80\x98\x1b[01m\x1b[KINTERNAL_EIGEN_CHECKS_LOCAL_UNIQUE_VAR\x1b[m\x1b[K\xe2\x80\x99\n'}
[1.403531] (eigen_checks) StderrLine: {'line': b'   38 |   \x1b[01;36m\x1b[KINTERNAL_EIGEN_CHECKS_LOCAL_UNIQUE_VAR\x1b[m\x1b[K(var, line)\n'}
[1.403616] (eigen_checks) StderrLine: {'line': b'      |   \x1b[01;36m\x1b[K^~~~~~~~~~~~~~~~~~~~~~~~~~~~~~~~~~~~~~\x1b[m\x1b[K\n'}
[1.403724] (-) TimerEvent: {}
[1.403833] (eigen_checks) StderrLine: {'line': b'\x1b[01m\x1b[K/home/carbs/hdvio2.0/eigen_checks/include/eigen-checks/glog.h:43:27:\x1b[m\x1b[K \x1b[01;36m\x1b[Knote: \x1b[m\x1b[Kin expansion of macro \xe2\x80\x98\x1b[01m\x1b[KINTERNAL_EIGEN_CHECKS_MAKE_VAR\x1b[m\x1b[K\xe2\x80\x99\n'}
[1.403923] (eigen_checks) StderrLine: {'line': b'   43 |   CHECK(static_cast<bool>(\x1b[01;36m\x1b[KINTERNAL_EIGEN_CHECKS_MAKE_VAR\x1b[m\x1b[K(result_, __LINE__)))\\\n'}
[1.404004] (eigen_checks) StderrLine: {'line': b'      |                           \x1b[01;36m\x1b[K^~~~~~~~~~~~~~~~~~~~~~~~~~~~~~\x1b[m\x1b[K\n'}
[1.404086] (eigen_checks) StderrLine: {'line': b'\x1b[01m\x1b[K/home/carbs/hdvio2.0/eigen_checks/include/eigen-checks/glog.h:47:3:\x1b[m\x1b[K \x1b[01;36m\x1b[Knote: \x1b[m\x1b[Kin expansion of macro \xe2\x80\x98\x1b[01m\x1b[KINTERNAL_EIGEN_CHECKS_MAKE_GLOG_CHECK\x1b[m\x1b[K\xe2\x80\x99\n'}
[1.404174] (eigen_checks) StderrLine: {'line': b'   47 |   \x1b[01;36m\x1b[KINTERNAL_EIGEN_CHECKS_MAKE_GLOG_CHECK\x1b[m\x1b[K(                                     \\\n'}
[1.404254] (eigen_checks) StderrLine: {'line': b'      |   \x1b[01;36m\x1b[K^~~~~~~~~~~~~~~~~~~~~~~~~~~~~~~~~~~~~\x1b[m\x1b[K\n'}
[1.404330] (eigen_checks) StderrLine: {'line': b'\x1b[01m\x1b[K/home/carbs/hdvio2.0/eigen_checks/test/test_glog-equal.cc:68:7:\x1b[m\x1b[K \x1b[01;36m\x1b[Knote: \x1b[m\x1b[Kin expansion of macro \xe2\x80\x98\x1b[01m\x1b[KCHECK_EIGEN_MATRIX_EQUAL\x1b[m\x1b[K\xe2\x80\x99\n'}
[1.404405] (eigen_checks) StderrLine: {'line': b'   68 |       \x1b[01;36m\x1b[KCHECK_EIGEN_MATRIX_EQUAL\x1b[m\x1b[K(this->ground_truth_vector_5,\n'}
[1.404488] (eigen_checks) StderrLine: {'line': b'      |       \x1b[01;36m\x1b[K^~~~~~~~~~~~~~~~~~~~~~~~\x1b[m\x1b[K\n'}
[1.404576] (eigen_checks) StderrLine: {'line': b'\x1b[01m\x1b[K/home/carbs/hdvio2.0/eigen_checks/test/test_glog-equal.cc:\x1b[m\x1b[K In member function \xe2\x80\x98\x1b[01m\x1b[Kvirtual void EigenChecks_EigenMatrixEqualGLog_Vector_Near5_Test<gtest_TypeParam_>::TestBody()\x1b[m\x1b[K\xe2\x80\x99:\n'}
[1.404688] (eigen_checks) StderrLine: {'line': b'\x1b[01m\x1b[K/home/carbs/hdvio2.0/eigen_checks/include/eigen-checks/glog.h:42:7:\x1b[m\x1b[K \x1b[01;31m\x1b[Kerror: \x1b[m\x1b[Kexpected primary-expression before \xe2\x80\x98\x1b[01m\x1b[Kresult_74\x1b[m\x1b[K\xe2\x80\x99\n'}
[1.404783] (eigen_checks) StderrLine: {'line': b'   42 |       \x1b[01;31m\x1b[Kresult_\x1b[m\x1b[K, __LINE__) = (X);                                              \\\n'}
[1.404869] (eigen_checks) StderrLine: {'line': b'      |       \x1b[01;31m\x1b[K^~~~~~~\x1b[m\x1b[K\n'}
[1.404954] (eigen_checks) StderrLine: {'line': b'\x1b[01m\x1b[K/home/carbs/hdvio2.0/eigen_checks/test/test_glog-equal.cc:73:3:\x1b[m\x1b[K \x1b[01;36m\x1b[Knote: \x1b[m\x1b[Kin expansion of macro \xe2\x80\x98\x1b[01m\x1b[KGLOG_TEST_EXPECT_DEATH_DIFFERENT_DATA\x1b[m\x1b[K\xe2\x80\x99\n'}
[1.405043] (eigen_checks) StderrLine: {'line': b'   73 |   \x1b[01;36m\x1b[KGLOG_TEST_EXPECT_DEATH_DIFFERENT_DATA\x1b[m\x1b[K(\n'}
[1.405124] (eigen_checks) StderrLine: {'line': b'      |   \x1b[01;36m\x1b[K^~~~~~~~~~~~~~~~~~~~~~~~~~~~~~~~~~~~~\x1b[m\x1b[K\n'}
[1.405210] (eigen_checks) StderrLine: {'line': b'\x1b[01m\x1b[K/home/carbs/hdvio2.0/eigen_checks/include/eigen-checks/glog.h:38:3:\x1b[m\x1b[K \x1b[01;36m\x1b[Knote: \x1b[m\x1b[Kin expansion of macro \xe2\x80\x98\x1b[01m\x1b[KINTERNAL_EIGEN_CHECKS_LOCAL_UNIQUE_VAR\x1b[m\x1b[K\xe2\x80\x99\n'}
[1.405294] (eigen_checks) StderrLine: {'line': b'   38 |   \x1b[01;36m\x1b[KINTERNAL_EIGEN_CHECKS_LOCAL_UNIQUE_VAR\x1b[m\x1b[K(var, line)\n'}
[1.405376] (eigen_checks) StderrLine: {'line': b'      |   \x1b[01;36m\x1b[K^~~~~~~~~~~~~~~~~~~~~~~~~~~~~~~~~~~~~~\x1b[m\x1b[K\n'}
[1.405457] (eigen_checks) StderrLine: {'line': b'\x1b[01m\x1b[K/home/carbs/hdvio2.0/eigen_checks/include/eigen-checks/glog.h:41:30:\x1b[m\x1b[K \x1b[01;36m\x1b[Knote: \x1b[m\x1b[Kin expansion of macro \xe2\x80\x98\x1b[01m\x1b[KINTERNAL_EIGEN_CHECKS_MAKE_VAR\x1b[m\x1b[K\xe2\x80\x99\n'}
[1.405548] (eigen_checks) StderrLine: {'line': b'   41 |   ::testing::AssertionResult \x1b[01;36m\x1b[KINTERNAL_EIGEN_CHECKS_MAKE_VAR\x1b[m\x1b[K(                 \\\n'}
[1.405652] (eigen_checks) StderrLine: {'line': b'      |                              \x1b[01;36m\x1b[K^~~~~~~~~~~~~~~~~~~~~~~~~~~~~~\x1b[m\x1b[K\n'}
[1.405742] (eigen_checks) StderrLine: {'line': b'\x1b[01m\x1b[K/home/carbs/hdvio2.0/eigen_checks/include/eigen-checks/glog.h:47:3:\x1b[m\x1b[K \x1b[01;36m\x1b[Knote: \x1b[m\x1b[Kin expansion of macro \xe2\x80\x98\x1b[01m\x1b[KINTERNAL_EIGEN_CHECKS_MAKE_GLOG_CHECK\x1b[m\x1b[K\xe2\x80\x99\n'}
[1.405816] (eigen_checks) StderrLine: {'line': b'   47 |   \x1b[01;36m\x1b[KINTERNAL_EIGEN_CHECKS_MAKE_GLOG_CHECK\x1b[m\x1b[K(                                     \\\n'}
[1.405895] (eigen_checks) StderrLine: {'line': b'      |   \x1b[01;36m\x1b[K^~~~~~~~~~~~~~~~~~~~~~~~~~~~~~~~~~~~~\x1b[m\x1b[K\n'}
[1.405978] (eigen_checks) StderrLine: {'line': b'\x1b[01m\x1b[K/home/carbs/hdvio2.0/eigen_checks/test/test_glog-equal.cc:74:7:\x1b[m\x1b[K \x1b[01;36m\x1b[Knote: \x1b[m\x1b[Kin expansion of macro \xe2\x80\x98\x1b[01m\x1b[KCHECK_EIGEN_MATRIX_EQUAL\x1b[m\x1b[K\xe2\x80\x99\n'}
[1.406062] (eigen_checks) StderrLine: {'line': b'   74 |       \x1b[01;36m\x1b[KCHECK_EIGEN_MATRIX_EQUAL\x1b[m\x1b[K(this->ground_truth_vector_5,\n'}
[1.406148] (eigen_checks) StderrLine: {'line': b'      |       \x1b[01;36m\x1b[K^~~~~~~~~~~~~~~~~~~~~~~~\x1b[m\x1b[K\n'}
[1.406234] (eigen_checks) StderrLine: {'line': b'\x1b[01m\x1b[K/home/carbs/hdvio2.0/eigen_checks/include/eigen-checks/glog.h:42:7:\x1b[m\x1b[K \x1b[01;31m\x1b[Kerror: \x1b[m\x1b[Kexpected \xe2\x80\x98\x1b[01m\x1b[K)\x1b[m\x1b[K\xe2\x80\x99 before \xe2\x80\x98\x1b[01m\x1b[Kresult_74\x1b[m\x1b[K\xe2\x80\x99\n'}
[1.406315] (eigen_checks) StderrLine: {'line': b'   42 |       \x1b[01;31m\x1b[Kresult_\x1b[m\x1b[K, __LINE__) = (X);                                              \\\n'}
[1.406390] (eigen_checks) StderrLine: {'line': b'      |       \x1b[01;31m\x1b[K^~~~~~~\x1b[m\x1b[K\n'}
[1.406465] (eigen_checks) StderrLine: {'line': b'\x1b[01m\x1b[K/home/carbs/hdvio2.0/eigen_checks/test/test_glog-equal.cc:73:3:\x1b[m\x1b[K \x1b[01;36m\x1b[Knote: \x1b[m\x1b[Kin expansion of macro \xe2\x80\x98\x1b[01m\x1b[KGLOG_TEST_EXPECT_DEATH_DIFFERENT_DATA\x1b[m\x1b[K\xe2\x80\x99\n'}
[1.406566] (eigen_checks) StderrLine: {'line': b'   73 |   \x1b[01;36m\x1b[KGLOG_TEST_EXPECT_DEATH_DIFFERENT_DATA\x1b[m\x1b[K(\n'}
[1.406653] (eigen_checks) StderrLine: {'line': b'      |   \x1b[01;36m\x1b[K^~~~~~~~~~~~~~~~~~~~~~~~~~~~~~~~~~~~~\x1b[m\x1b[K\n'}
[1.406747] (eigen_checks) StderrLine: {'line': b'\x1b[01m\x1b[K/home/carbs/hdvio2.0/eigen_checks/include/eigen-checks/glog.h:38:3:\x1b[m\x1b[K \x1b[01;36m\x1b[Knote: \x1b[m\x1b[Kin expansion of macro \xe2\x80\x98\x1b[01m\x1b[KINTERNAL_EIGEN_CHECKS_LOCAL_UNIQUE_VAR\x1b[m\x1b[K\xe2\x80\x99\n'}
[1.406834] (eigen_checks) StderrLine: {'line': b'   38 |   \x1b[01;36m\x1b[KINTERNAL_EIGEN_CHECKS_LOCAL_UNIQUE_VAR\x1b[m\x1b[K(var, line)\n'}
[1.406919] (eigen_checks) StderrLine: {'line': b'      |   \x1b[01;36m\x1b[K^~~~~~~~~~~~~~~~~~~~~~~~~~~~~~~~~~~~~~\x1b[m\x1b[K\n'}
[1.407004] (eigen_checks) StderrLine: {'line': b'\x1b[01m\x1b[K/home/carbs/hdvio2.0/eigen_checks/include/eigen-checks/glog.h:41:30:\x1b[m\x1b[K \x1b[01;36m\x1b[Knote: \x1b[m\x1b[Kin expansion of macro \xe2\x80\x98\x1b[01m\x1b[KINTERNAL_EIGEN_CHECKS_MAKE_VAR\x1b[m\x1b[K\xe2\x80\x99\n'}
[1.407090] (eigen_checks) StderrLine: {'line': b'   41 |   ::testing::AssertionResult \x1b[01;36m\x1b[KINTERNAL_EIGEN_CHECKS_MAKE_VAR\x1b[m\x1b[K(                 \\\n'}
[1.407175] (eigen_checks) StderrLine: {'line': b'      |                              \x1b[01;36m\x1b[K^~~~~~~~~~~~~~~~~~~~~~~~~~~~~~\x1b[m\x1b[K\n'}
[1.407260] (eigen_checks) StderrLine: {'line': b'\x1b[01m\x1b[K/home/carbs/hdvio2.0/eigen_checks/include/eigen-checks/glog.h:47:3:\x1b[m\x1b[K \x1b[01;36m\x1b[Knote: \x1b[m\x1b[Kin expansion of macro \xe2\x80\x98\x1b[01m\x1b[KINTERNAL_EIGEN_CHECKS_MAKE_GLOG_CHECK\x1b[m\x1b[K\xe2\x80\x99\n'}
[1.407325] (eigen_checks) StderrLine: {'line': b'   47 |   \x1b[01;36m\x1b[KINTERNAL_EIGEN_CHECKS_MAKE_GLOG_CHECK\x1b[m\x1b[K(                                     \\\n'}
[1.407416] (eigen_checks) StderrLine: {'line': b'      |   \x1b[01;36m\x1b[K^~~~~~~~~~~~~~~~~~~~~~~~~~~~~~~~~~~~~\x1b[m\x1b[K\n'}
[1.407498] (eigen_checks) StderrLine: {'line': b'\x1b[01m\x1b[K/home/carbs/hdvio2.0/eigen_checks/test/test_glog-equal.cc:74:7:\x1b[m\x1b[K \x1b[01;36m\x1b[Knote: \x1b[m\x1b[Kin expansion of macro \xe2\x80\x98\x1b[01m\x1b[KCHECK_EIGEN_MATRIX_EQUAL\x1b[m\x1b[K\xe2\x80\x99\n'}
[1.407577] (eigen_checks) StderrLine: {'line': b'   74 |       \x1b[01;36m\x1b[KCHECK_EIGEN_MATRIX_EQUAL\x1b[m\x1b[K(this->ground_truth_vector_5,\n'}
[1.407666] (eigen_checks) StderrLine: {'line': b'      |       \x1b[01;36m\x1b[K^~~~~~~~~~~~~~~~~~~~~~~~\x1b[m\x1b[K\n'}
[1.407757] (eigen_checks) StderrLine: {'line': b'\x1b[01m\x1b[K/home/carbs/hdvio2.0/eigen_checks/test/test_helper.h:136:16:\x1b[m\x1b[K \x1b[01;36m\x1b[Knote: \x1b[m\x1b[Kto match this \xe2\x80\x98\x1b[01m\x1b[K(\x1b[m\x1b[K\xe2\x80\x99\n'}
[1.407842] (eigen_checks) StderrLine: {'line': b'  136 |   EXPECT_DEATH(\x1b[01;36m\x1b[K(\x1b[m\x1b[KX), "^")  // ^The matrices are different$\n'}
[1.407926] (eigen_checks) StderrLine: {'line': b'      |                \x1b[01;36m\x1b[K^\x1b[m\x1b[K\n'}
[1.408010] (eigen_checks) StderrLine: {'line': b'\x1b[01m\x1b[K/home/carbs/hdvio2.0/eigen_checks/test/test_glog-equal.cc:73:3:\x1b[m\x1b[K \x1b[01;36m\x1b[Knote: \x1b[m\x1b[Kin expansion of macro \xe2\x80\x98\x1b[01m\x1b[KGLOG_TEST_EXPECT_DEATH_DIFFERENT_DATA\x1b[m\x1b[K\xe2\x80\x99\n'}
[1.408091] (eigen_checks) StderrLine: {'line': b'   73 |   \x1b[01;36m\x1b[KGLOG_TEST_EXPECT_DEATH_DIFFERENT_DATA\x1b[m\x1b[K(\n'}
[1.408173] (eigen_checks) StderrLine: {'line': b'      |   \x1b[01;36m\x1b[K^~~~~~~~~~~~~~~~~~~~~~~~~~~~~~~~~~~~~\x1b[m\x1b[K\n'}
[1.408455] (eigen_checks) StderrLine: {'line': b'\x1b[01m\x1b[K/home/carbs/hdvio2.0/eigen_checks/include/eigen-checks/glog.h:43:58:\x1b[m\x1b[K \x1b[01;31m\x1b[Kerror: \x1b[m\x1b[K\xe2\x80\x98\x1b[01m\x1b[Kresult_74\x1b[m\x1b[K\xe2\x80\x99 was not declared in this scope\n'}
[1.408550] (eigen_checks) StderrLine: {'line': b'   43 |   CHECK(static_cast<bool>(INTERNAL_EIGEN_CHECKS_MAKE_VAR(\x1b[01;31m\x1b[Kresult_\x1b[m\x1b[K, __LINE__)))\\\n'}
[1.408637] (eigen_checks) StderrLine: {'line': b'      |                                                          \x1b[01;31m\x1b[K^~~~~~~\x1b[m\x1b[K\n'}
[1.408743] (eigen_checks) StderrLine: {'line': b'\x1b[01m\x1b[K/home/carbs/hdvio2.0/eigen_checks/test/test_glog-equal.cc:73:3:\x1b[m\x1b[K \x1b[01;36m\x1b[Knote: \x1b[m\x1b[Kin expansion of macro \xe2\x80\x98\x1b[01m\x1b[KGLOG_TEST_EXPECT_DEATH_DIFFERENT_DATA\x1b[m\x1b[K\xe2\x80\x99\n'}
[1.408834] (eigen_checks) StderrLine: {'line': b'   73 |   \x1b[01;36m\x1b[KGLOG_TEST_EXPECT_DEATH_DIFFERENT_DATA\x1b[m\x1b[K(\n'}
[1.408919] (eigen_checks) StderrLine: {'line': b'      |   \x1b[01;36m\x1b[K^~~~~~~~~~~~~~~~~~~~~~~~~~~~~~~~~~~~~\x1b[m\x1b[K\n'}
[1.409004] (eigen_checks) StderrLine: {'line': b'\x1b[01m\x1b[K/home/carbs/hdvio2.0/eigen_checks/include/eigen-checks/glog.h:38:3:\x1b[m\x1b[K \x1b[01;36m\x1b[Knote: \x1b[m\x1b[Kin expansion of macro \xe2\x80\x98\x1b[01m\x1b[KINTERNAL_EIGEN_CHECKS_LOCAL_UNIQUE_VAR\x1b[m\x1b[K\xe2\x80\x99\n'}
[1.409090] (eigen_checks) StderrLine: {'line': b'   38 |   \x1b[01;36m\x1b[KINTERNAL_EIGEN_CHECKS_LOCAL_UNIQUE_VAR\x1b[m\x1b[K(var, line)\n'}
[1.409170] (eigen_checks) StderrLine: {'line': b'      |   \x1b[01;36m\x1b[K^~~~~~~~~~~~~~~~~~~~~~~~~~~~~~~~~~~~~~\x1b[m\x1b[K\n'}
[1.409252] (eigen_checks) StderrLine: {'line': b'\x1b[01m\x1b[K/home/carbs/hdvio2.0/eigen_checks/include/eigen-checks/glog.h:43:27:\x1b[m\x1b[K \x1b[01;36m\x1b[Knote: \x1b[m\x1b[Kin expansion of macro \xe2\x80\x98\x1b[01m\x1b[KINTERNAL_EIGEN_CHECKS_MAKE_VAR\x1b[m\x1b[K\xe2\x80\x99\n'}
[1.409339] (eigen_checks) StderrLine: {'line': b'   43 |   CHECK(static_cast<bool>(\x1b[01;36m\x1b[KINTERNAL_EIGEN_CHECKS_MAKE_VAR\x1b[m\x1b[K(result_, __LINE__)))\\\n'}
[1.409423] (eigen_checks) StderrLine: {'line': b'      |                           \x1b[01;36m\x1b[K^~~~~~~~~~~~~~~~~~~~~~~~~~~~~~\x1b[m\x1b[K\n'}
[1.409522] (eigen_checks) StderrLine: {'line': b'\x1b[01m\x1b[K/home/carbs/hdvio2.0/eigen_checks/include/eigen-checks/glog.h:47:3:\x1b[m\x1b[K \x1b[01;36m\x1b[Knote: \x1b[m\x1b[Kin expansion of macro \xe2\x80\x98\x1b[01m\x1b[KINTERNAL_EIGEN_CHECKS_MAKE_GLOG_CHECK\x1b[m\x1b[K\xe2\x80\x99\n'}
[1.409604] (eigen_checks) StderrLine: {'line': b'   47 |   \x1b[01;36m\x1b[KINTERNAL_EIGEN_CHECKS_MAKE_GLOG_CHECK\x1b[m\x1b[K(                                     \\\n'}
[1.409701] (eigen_checks) StderrLine: {'line': b'      |   \x1b[01;36m\x1b[K^~~~~~~~~~~~~~~~~~~~~~~~~~~~~~~~~~~~~\x1b[m\x1b[K\n'}
[1.409791] (eigen_checks) StderrLine: {'line': b'\x1b[01m\x1b[K/home/carbs/hdvio2.0/eigen_checks/test/test_glog-equal.cc:74:7:\x1b[m\x1b[K \x1b[01;36m\x1b[Knote: \x1b[m\x1b[Kin expansion of macro \xe2\x80\x98\x1b[01m\x1b[KCHECK_EIGEN_MATRIX_EQUAL\x1b[m\x1b[K\xe2\x80\x99\n'}
[1.409879] (eigen_checks) StderrLine: {'line': b'   74 |       \x1b[01;36m\x1b[KCHECK_EIGEN_MATRIX_EQUAL\x1b[m\x1b[K(this->ground_truth_vector_5,\n'}
[1.409969] (eigen_checks) StderrLine: {'line': b'      |       \x1b[01;36m\x1b[K^~~~~~~~~~~~~~~~~~~~~~~~\x1b[m\x1b[K\n'}
[1.420513] (eigen_checks) StderrLine: {'line': b'In file included from \x1b[01m\x1b[K/opt/ros/humble/src/gtest_vendor/include/gtest/gtest.h:62\x1b[m\x1b[K,\n'}
[1.420839] (eigen_checks) StderrLine: {'line': b'                 from \x1b[01m\x1b[K/home/carbs/hdvio2.0/eigen_checks/include/eigen-checks/entrypoint.h:29\x1b[m\x1b[K,\n'}
[1.420935] (eigen_checks) StderrLine: {'line': b'                 from \x1b[01m\x1b[K/home/carbs/hdvio2.0/eigen_checks/test/test_glog-near.cc:25\x1b[m\x1b[K:\n'}
[1.421021] (eigen_checks) StderrLine: {'line': b'\x1b[01m\x1b[K/home/carbs/hdvio2.0/eigen_checks/test/test_glog-near.cc:\x1b[m\x1b[K In member function \xe2\x80\x98\x1b[01m\x1b[Kvirtual void EigenChecks_EigenMatrixNearGLog_Matrix_NonEqualRandom_Test<gtest_TypeParam_>::TestBody()\x1b[m\x1b[K\xe2\x80\x99:\n'}
[1.421107] (eigen_checks) StderrLine: {'line': b'\x1b[01m\x1b[K/home/carbs/hdvio2.0/eigen_checks/include/eigen-checks/glog.h:42:7:\x1b[m\x1b[K \x1b[01;31m\x1b[Kerror: \x1b[m\x1b[Kexpected primary-expression before \xe2\x80\x98\x1b[01m\x1b[Kresult_43\x1b[m\x1b[K\xe2\x80\x99\n'}
[1.421195] (eigen_checks) StderrLine: {'line': b'   42 |       \x1b[01;31m\x1b[Kresult_\x1b[m\x1b[K, __LINE__) = (X);                                              \\\n'}
[1.421289] (eigen_checks) StderrLine: {'line': b'      |       \x1b[01;31m\x1b[K^~~~~~~\x1b[m\x1b[K\n'}
[1.421375] (eigen_checks) StderrLine: {'line': b'\x1b[01m\x1b[K/home/carbs/hdvio2.0/eigen_checks/test/test_glog-near.cc:43:3:\x1b[m\x1b[K \x1b[01;36m\x1b[Knote: \x1b[m\x1b[Kin expansion of macro \xe2\x80\x98\x1b[01m\x1b[KGLOG_TEST_EXPECT_DEATH_DIFFERENT_DATA\x1b[m\x1b[K\xe2\x80\x99\n'}
[1.421462] (eigen_checks) StderrLine: {'line': b'   43 |   \x1b[01;36m\x1b[KGLOG_TEST_EXPECT_DEATH_DIFFERENT_DATA\x1b[m\x1b[K(CHECK_EIGEN_MATRIX_NEAR(\n'}
[1.421549] (eigen_checks) StderrLine: {'line': b'      |   \x1b[01;36m\x1b[K^~~~~~~~~~~~~~~~~~~~~~~~~~~~~~~~~~~~~\x1b[m\x1b[K\n'}
[1.421635] (eigen_checks) StderrLine: {'line': b'\x1b[01m\x1b[K/home/carbs/hdvio2.0/eigen_checks/include/eigen-checks/glog.h:38:3:\x1b[m\x1b[K \x1b[01;36m\x1b[Knote: \x1b[m\x1b[Kin expansion of macro \xe2\x80\x98\x1b[01m\x1b[KINTERNAL_EIGEN_CHECKS_LOCAL_UNIQUE_VAR\x1b[m\x1b[K\xe2\x80\x99\n'}
[1.421737] (eigen_checks) StderrLine: {'line': b'   38 |   \x1b[01;36m\x1b[KINTERNAL_EIGEN_CHECKS_LOCAL_UNIQUE_VAR\x1b[m\x1b[K(var, line)\n'}
[1.421824] (eigen_checks) StderrLine: {'line': b'      |   \x1b[01;36m\x1b[K^~~~~~~~~~~~~~~~~~~~~~~~~~~~~~~~~~~~~~\x1b[m\x1b[K\n'}
[1.421904] (eigen_checks) StderrLine: {'line': b'\x1b[01m\x1b[K/home/carbs/hdvio2.0/eigen_checks/include/eigen-checks/glog.h:41:30:\x1b[m\x1b[K \x1b[01;36m\x1b[Knote: \x1b[m\x1b[Kin expansion of macro \xe2\x80\x98\x1b[01m\x1b[KINTERNAL_EIGEN_CHECKS_MAKE_VAR\x1b[m\x1b[K\xe2\x80\x99\n'}
[1.421982] (eigen_checks) StderrLine: {'line': b'   41 |   ::testing::AssertionResult \x1b[01;36m\x1b[KINTERNAL_EIGEN_CHECKS_MAKE_VAR\x1b[m\x1b[K(                 \\\n'}
[1.422067] (eigen_checks) StderrLine: {'line': b'      |                              \x1b[01;36m\x1b[K^~~~~~~~~~~~~~~~~~~~~~~~~~~~~~\x1b[m\x1b[K\n'}
[1.422141] (eigen_checks) StderrLine: {'line': b'\x1b[01m\x1b[K/home/carbs/hdvio2.0/eigen_checks/include/eigen-checks/glog.h:63:3:\x1b[m\x1b[K \x1b[01;36m\x1b[Knote: \x1b[m\x1b[Kin expansion of macro \xe2\x80\x98\x1b[01m\x1b[KINTERNAL_EIGEN_CHECKS_MAKE_GLOG_CHECK\x1b[m\x1b[K\xe2\x80\x99\n'}
[1.422216] (eigen_checks) StderrLine: {'line': b'   63 |   \x1b[01;36m\x1b[KINTERNAL_EIGEN_CHECKS_MAKE_GLOG_CHECK\x1b[m\x1b[K(                                     \\\n'}
[1.422295] (eigen_checks) StderrLine: {'line': b'      |   \x1b[01;36m\x1b[K^~~~~~~~~~~~~~~~~~~~~~~~~~~~~~~~~~~~~\x1b[m\x1b[K\n'}
[1.422371] (eigen_checks) StderrLine: {'line': b'\x1b[01m\x1b[K/home/carbs/hdvio2.0/eigen_checks/test/test_glog-near.cc:43:41:\x1b[m\x1b[K \x1b[01;36m\x1b[Knote: \x1b[m\x1b[Kin expansion of macro \xe2\x80\x98\x1b[01m\x1b[KCHECK_EIGEN_MATRIX_NEAR\x1b[m\x1b[K\xe2\x80\x99\n'}
[1.422453] (eigen_checks) StderrLine: {'line': b'   43 |   GLOG_TEST_EXPECT_DEATH_DIFFERENT_DATA(\x1b[01;36m\x1b[KCHECK_EIGEN_MATRIX_NEAR\x1b[m\x1b[K(\n'}
[1.422530] (eigen_checks) StderrLine: {'line': b'      |                                         \x1b[01;36m\x1b[K^~~~~~~~~~~~~~~~~~~~~~~\x1b[m\x1b[K\n'}
[1.422609] (eigen_checks) StderrLine: {'line': b'\x1b[01m\x1b[K/home/carbs/hdvio2.0/eigen_checks/include/eigen-checks/glog.h:42:7:\x1b[m\x1b[K \x1b[01;31m\x1b[Kerror: \x1b[m\x1b[Kexpected \xe2\x80\x98\x1b[01m\x1b[K)\x1b[m\x1b[K\xe2\x80\x99 before \xe2\x80\x98\x1b[01m\x1b[Kresult_43\x1b[m\x1b[K\xe2\x80\x99\n'}
[1.422704] (eigen_checks) StderrLine: {'line': b'   42 |       \x1b[01;31m\x1b[Kresult_\x1b[m\x1b[K, __LINE__) = (X);                                              \\\n'}
[1.422787] (eigen_checks) StderrLine: {'line': b'      |       \x1b[01;31m\x1b[K^~~~~~~\x1b[m\x1b[K\n'}
[1.422867] (eigen_checks) StderrLine: {'line': b'\x1b[01m\x1b[K/home/carbs/hdvio2.0/eigen_checks/test/test_glog-near.cc:43:3:\x1b[m\x1b[K \x1b[01;36m\x1b[Knote: \x1b[m\x1b[Kin expansion of macro \xe2\x80\x98\x1b[01m\x1b[KGLOG_TEST_EXPECT_DEATH_DIFFERENT_DATA\x1b[m\x1b[K\xe2\x80\x99\n'}
[1.422947] (eigen_checks) StderrLine: {'line': b'   43 |   \x1b[01;36m\x1b[KGLOG_TEST_EXPECT_DEATH_DIFFERENT_DATA\x1b[m\x1b[K(CHECK_EIGEN_MATRIX_NEAR(\n'}
[1.423031] (eigen_checks) StderrLine: {'line': b'      |   \x1b[01;36m\x1b[K^~~~~~~~~~~~~~~~~~~~~~~~~~~~~~~~~~~~~\x1b[m\x1b[K\n'}
[1.423113] (eigen_checks) StderrLine: {'line': b'\x1b[01m\x1b[K/home/carbs/hdvio2.0/eigen_checks/include/eigen-checks/glog.h:38:3:\x1b[m\x1b[K \x1b[01;36m\x1b[Knote: \x1b[m\x1b[Kin expansion of macro \xe2\x80\x98\x1b[01m\x1b[KINTERNAL_EIGEN_CHECKS_LOCAL_UNIQUE_VAR\x1b[m\x1b[K\xe2\x80\x99\n'}
[1.423197] (eigen_checks) StderrLine: {'line': b'   38 |   \x1b[01;36m\x1b[KINTERNAL_EIGEN_CHECKS_LOCAL_UNIQUE_VAR\x1b[m\x1b[K(var, line)\n'}
[1.423288] (eigen_checks) StderrLine: {'line': b'      |   \x1b[01;36m\x1b[K^~~~~~~~~~~~~~~~~~~~~~~~~~~~~~~~~~~~~~\x1b[m\x1b[K\n'}
[1.423372] (eigen_checks) StderrLine: {'line': b'\x1b[01m\x1b[K/home/carbs/hdvio2.0/eigen_checks/include/eigen-checks/glog.h:41:30:\x1b[m\x1b[K \x1b[01;36m\x1b[Knote: \x1b[m\x1b[Kin expansion of macro \xe2\x80\x98\x1b[01m\x1b[KINTERNAL_EIGEN_CHECKS_MAKE_VAR\x1b[m\x1b[K\xe2\x80\x99\n'}
[1.423462] (eigen_checks) StderrLine: {'line': b'   41 |   ::testing::AssertionResult \x1b[01;36m\x1b[KINTERNAL_EIGEN_CHECKS_MAKE_VAR\x1b[m\x1b[K(                 \\\n'}
[1.423548] (eigen_checks) StderrLine: {'line': b'      |                              \x1b[01;36m\x1b[K^~~~~~~~~~~~~~~~~~~~~~~~~~~~~~\x1b[m\x1b[K\n'}
[1.423632] (eigen_checks) StderrLine: {'line': b'\x1b[01m\x1b[K/home/carbs/hdvio2.0/eigen_checks/include/eigen-checks/glog.h:63:3:\x1b[m\x1b[K \x1b[01;36m\x1b[Knote: \x1b[m\x1b[Kin expansion of macro \xe2\x80\x98\x1b[01m\x1b[KINTERNAL_EIGEN_CHECKS_MAKE_GLOG_CHECK\x1b[m\x1b[K\xe2\x80\x99\n'}
[1.423743] (eigen_checks) StderrLine: {'line': b'   63 |   \x1b[01;36m\x1b[KINTERNAL_EIGEN_CHECKS_MAKE_GLOG_CHECK\x1b[m\x1b[K(                                     \\\n'}
[1.423836] (eigen_checks) StderrLine: {'line': b'      |   \x1b[01;36m\x1b[K^~~~~~~~~~~~~~~~~~~~~~~~~~~~~~~~~~~~~\x1b[m\x1b[K\n'}
[1.423913] (eigen_checks) StderrLine: {'line': b'\x1b[01m\x1b[K/home/carbs/hdvio2.0/eigen_checks/test/test_glog-near.cc:43:41:\x1b[m\x1b[K \x1b[01;36m\x1b[Knote: \x1b[m\x1b[Kin expansion of macro \xe2\x80\x98\x1b[01m\x1b[KCHECK_EIGEN_MATRIX_NEAR\x1b[m\x1b[K\xe2\x80\x99\n'}
[1.423978] (eigen_checks) StderrLine: {'line': b'   43 |   GLOG_TEST_EXPECT_DEATH_DIFFERENT_DATA(\x1b[01;36m\x1b[KCHECK_EIGEN_MATRIX_NEAR\x1b[m\x1b[K(\n'}
[1.424061] (eigen_checks) StderrLine: {'line': b'      |                                         \x1b[01;36m\x1b[K^~~~~~~~~~~~~~~~~~~~~~~\x1b[m\x1b[K\n'}
[1.424146] (eigen_checks) StderrLine: {'line': b'\x1b[01m\x1b[K/home/carbs/hdvio2.0/eigen_checks/test/test_helper.h:136:16:\x1b[m\x1b[K \x1b[01;36m\x1b[Knote: \x1b[m\x1b[Kto match this \xe2\x80\x98\x1b[01m\x1b[K(\x1b[m\x1b[K\xe2\x80\x99\n'}
[1.424236] (eigen_checks) StderrLine: {'line': b'  136 |   EXPECT_DEATH(\x1b[01;36m\x1b[K(\x1b[m\x1b[KX), "^")  // ^The matrices are different$\n'}
[1.424321] (eigen_checks) StderrLine: {'line': b'      |                \x1b[01;36m\x1b[K^\x1b[m\x1b[K\n'}
[1.424402] (eigen_checks) StderrLine: {'line': b'\x1b[01m\x1b[K/home/carbs/hdvio2.0/eigen_checks/test/test_glog-near.cc:43:3:\x1b[m\x1b[K \x1b[01;36m\x1b[Knote: \x1b[m\x1b[Kin expansion of macro \xe2\x80\x98\x1b[01m\x1b[KGLOG_TEST_EXPECT_DEATH_DIFFERENT_DATA\x1b[m\x1b[K\xe2\x80\x99\n'}
[1.424491] (eigen_checks) StderrLine: {'line': b'   43 |   \x1b[01;36m\x1b[KGLOG_TEST_EXPECT_DEATH_DIFFERENT_DATA\x1b[m\x1b[K(CHECK_EIGEN_MATRIX_NEAR(\n'}
[1.424577] (eigen_checks) StderrLine: {'line': b'      |   \x1b[01;36m\x1b[K^~~~~~~~~~~~~~~~~~~~~~~~~~~~~~~~~~~~~\x1b[m\x1b[K\n'}
[1.426266] (eigen_checks) StderrLine: {'line': b'\x1b[01m\x1b[K/home/carbs/hdvio2.0/eigen_checks/include/eigen-checks/glog.h:43:58:\x1b[m\x1b[K \x1b[01;31m\x1b[Kerror: \x1b[m\x1b[K\xe2\x80\x98\x1b[01m\x1b[Kresult_43\x1b[m\x1b[K\xe2\x80\x99 was not declared in this scope\n'}
[1.426402] (eigen_checks) StderrLine: {'line': b'   43 |   CHECK(static_cast<bool>(INTERNAL_EIGEN_CHECKS_MAKE_VAR(\x1b[01;31m\x1b[Kresult_\x1b[m\x1b[K, __LINE__)))\\\n'}
[1.426495] (eigen_checks) StderrLine: {'line': b'      |                                                          \x1b[01;31m\x1b[K^~~~~~~\x1b[m\x1b[K\n'}
[1.426585] (eigen_checks) StderrLine: {'line': b'\x1b[01m\x1b[K/home/carbs/hdvio2.0/eigen_checks/test/test_glog-near.cc:43:3:\x1b[m\x1b[K \x1b[01;36m\x1b[Knote: \x1b[m\x1b[Kin expansion of macro \xe2\x80\x98\x1b[01m\x1b[KGLOG_TEST_EXPECT_DEATH_DIFFERENT_DATA\x1b[m\x1b[K\xe2\x80\x99\n'}
[1.426683] (eigen_checks) StderrLine: {'line': b'   43 |   \x1b[01;36m\x1b[KGLOG_TEST_EXPECT_DEATH_DIFFERENT_DATA\x1b[m\x1b[K(CHECK_EIGEN_MATRIX_NEAR(\n'}
[1.426779] (eigen_checks) StderrLine: {'line': b'      |   \x1b[01;36m\x1b[K^~~~~~~~~~~~~~~~~~~~~~~~~~~~~~~~~~~~~\x1b[m\x1b[K\n'}
[1.426864] (eigen_checks) StderrLine: {'line': b'\x1b[01m\x1b[K/home/carbs/hdvio2.0/eigen_checks/include/eigen-checks/glog.h:38:3:\x1b[m\x1b[K \x1b[01;36m\x1b[Knote: \x1b[m\x1b[Kin expansion of macro \xe2\x80\x98\x1b[01m\x1b[KINTERNAL_EIGEN_CHECKS_LOCAL_UNIQUE_VAR\x1b[m\x1b[K\xe2\x80\x99\n'}
[1.426962] (eigen_checks) StderrLine: {'line': b'   38 |   \x1b[01;36m\x1b[KINTERNAL_EIGEN_CHECKS_LOCAL_UNIQUE_VAR\x1b[m\x1b[K(var, line)\n'}
[1.427056] (eigen_checks) StderrLine: {'line': b'      |   \x1b[01;36m\x1b[K^~~~~~~~~~~~~~~~~~~~~~~~~~~~~~~~~~~~~~\x1b[m\x1b[K\n'}
[1.427149] (eigen_checks) StderrLine: {'line': b'\x1b[01m\x1b[K/home/carbs/hdvio2.0/eigen_checks/include/eigen-checks/glog.h:43:27:\x1b[m\x1b[K \x1b[01;36m\x1b[Knote: \x1b[m\x1b[Kin expansion of macro \xe2\x80\x98\x1b[01m\x1b[KINTERNAL_EIGEN_CHECKS_MAKE_VAR\x1b[m\x1b[K\xe2\x80\x99\n'}
[1.427435] (eigen_checks) StderrLine: {'line': b'   43 |   CHECK(static_cast<bool>(\x1b[01;36m\x1b[KINTERNAL_EIGEN_CHECKS_MAKE_VAR\x1b[m\x1b[K(result_, __LINE__)))\\\n'}
[1.427531] (eigen_checks) StderrLine: {'line': b'      |                           \x1b[01;36m\x1b[K^~~~~~~~~~~~~~~~~~~~~~~~~~~~~~\x1b[m\x1b[K\n'}
[1.427624] (eigen_checks) StderrLine: {'line': b'\x1b[01m\x1b[K/home/carbs/hdvio2.0/eigen_checks/include/eigen-checks/glog.h:63:3:\x1b[m\x1b[K \x1b[01;36m\x1b[Knote: \x1b[m\x1b[Kin expansion of macro \xe2\x80\x98\x1b[01m\x1b[KINTERNAL_EIGEN_CHECKS_MAKE_GLOG_CHECK\x1b[m\x1b[K\xe2\x80\x99\n'}
[1.427726] (eigen_checks) StderrLine: {'line': b'   63 |   \x1b[01;36m\x1b[KINTERNAL_EIGEN_CHECKS_MAKE_GLOG_CHECK\x1b[m\x1b[K(                                     \\\n'}
[1.427815] (eigen_checks) StderrLine: {'line': b'      |   \x1b[01;36m\x1b[K^~~~~~~~~~~~~~~~~~~~~~~~~~~~~~~~~~~~~\x1b[m\x1b[K\n'}
[1.427900] (eigen_checks) StderrLine: {'line': b'\x1b[01m\x1b[K/home/carbs/hdvio2.0/eigen_checks/test/test_glog-near.cc:43:41:\x1b[m\x1b[K \x1b[01;36m\x1b[Knote: \x1b[m\x1b[Kin expansion of macro \xe2\x80\x98\x1b[01m\x1b[KCHECK_EIGEN_MATRIX_NEAR\x1b[m\x1b[K\xe2\x80\x99\n'}
[1.427991] (eigen_checks) StderrLine: {'line': b'   43 |   GLOG_TEST_EXPECT_DEATH_DIFFERENT_DATA(\x1b[01;36m\x1b[KCHECK_EIGEN_MATRIX_NEAR\x1b[m\x1b[K(\n'}
[1.428080] (eigen_checks) StderrLine: {'line': b'      |                                         \x1b[01;36m\x1b[K^~~~~~~~~~~~~~~~~~~~~~~\x1b[m\x1b[K\n'}
[1.428163] (eigen_checks) StderrLine: {'line': b'\x1b[01m\x1b[K/home/carbs/hdvio2.0/eigen_checks/test/test_glog-near.cc:\x1b[m\x1b[K In member function \xe2\x80\x98\x1b[01m\x1b[Kvirtual void EigenChecks_EigenMatrixNearGLog_Matrix_OtherSize_Test<gtest_TypeParam_>::TestBody()\x1b[m\x1b[K\xe2\x80\x99:\n'}
[1.428249] (eigen_checks) StderrLine: {'line': b'\x1b[01m\x1b[K/home/carbs/hdvio2.0/eigen_checks/include/eigen-checks/glog.h:42:7:\x1b[m\x1b[K \x1b[01;31m\x1b[Kerror: \x1b[m\x1b[Kexpected primary-expression before \xe2\x80\x98\x1b[01m\x1b[Kresult_49\x1b[m\x1b[K\xe2\x80\x99\n'}
[1.428337] (eigen_checks) StderrLine: {'line': b'   42 |       \x1b[01;31m\x1b[Kresult_\x1b[m\x1b[K, __LINE__) = (X);                                              \\\n'}
[1.428424] (eigen_checks) StderrLine: {'line': b'      |       \x1b[01;31m\x1b[K^~~~~~~\x1b[m\x1b[K\n'}
[1.428763] (eigen_checks) StderrLine: {'line': b'\x1b[01m\x1b[K/home/carbs/hdvio2.0/eigen_checks/test/test_glog-near.cc:48:3:\x1b[m\x1b[K \x1b[01;36m\x1b[Knote: \x1b[m\x1b[Kin expansion of macro \xe2\x80\x98\x1b[01m\x1b[KGLOG_TEST_EXPECT_DEATH_DIFFERENT_SIZE\x1b[m\x1b[K\xe2\x80\x99\n'}
[1.428863] (eigen_checks) StderrLine: {'line': b'   48 |   \x1b[01;36m\x1b[KGLOG_TEST_EXPECT_DEATH_DIFFERENT_SIZE\x1b[m\x1b[K(\n'}
[1.428953] (eigen_checks) StderrLine: {'line': b'      |   \x1b[01;36m\x1b[K^~~~~~~~~~~~~~~~~~~~~~~~~~~~~~~~~~~~~\x1b[m\x1b[K\n'}
[1.429050] (eigen_checks) StderrLine: {'line': b'\x1b[01m\x1b[K/home/carbs/hdvio2.0/eigen_checks/include/eigen-checks/glog.h:38:3:\x1b[m\x1b[K \x1b[01;36m\x1b[Knote: \x1b[m\x1b[Kin expansion of macro \xe2\x80\x98\x1b[01m\x1b[KINTERNAL_EIGEN_CHECKS_LOCAL_UNIQUE_VAR\x1b[m\x1b[K\xe2\x80\x99\n'}
[1.429138] (eigen_checks) StderrLine: {'line': b'   38 |   \x1b[01;36m\x1b[KINTERNAL_EIGEN_CHECKS_LOCAL_UNIQUE_VAR\x1b[m\x1b[K(var, line)\n'}
[1.429224] (eigen_checks) StderrLine: {'line': b'      |   \x1b[01;36m\x1b[K^~~~~~~~~~~~~~~~~~~~~~~~~~~~~~~~~~~~~~\x1b[m\x1b[K\n'}
[1.429319] (eigen_checks) StderrLine: {'line': b'\x1b[01m\x1b[K/home/carbs/hdvio2.0/eigen_checks/include/eigen-checks/glog.h:41:30:\x1b[m\x1b[K \x1b[01;36m\x1b[Knote: \x1b[m\x1b[Kin expansion of macro \xe2\x80\x98\x1b[01m\x1b[KINTERNAL_EIGEN_CHECKS_MAKE_VAR\x1b[m\x1b[K\xe2\x80\x99\n'}
[1.429409] (eigen_checks) StderrLine: {'line': b'   41 |   ::testing::AssertionResult \x1b[01;36m\x1b[KINTERNAL_EIGEN_CHECKS_MAKE_VAR\x1b[m\x1b[K(                 \\\n'}
[1.429497] (eigen_checks) StderrLine: {'line': b'      |                              \x1b[01;36m\x1b[K^~~~~~~~~~~~~~~~~~~~~~~~~~~~~~\x1b[m\x1b[K\n'}
[1.429587] (eigen_checks) StderrLine: {'line': b'\x1b[01m\x1b[K/home/carbs/hdvio2.0/eigen_checks/include/eigen-checks/glog.h:63:3:\x1b[m\x1b[K \x1b[01;36m\x1b[Knote: \x1b[m\x1b[Kin expansion of macro \xe2\x80\x98\x1b[01m\x1b[KINTERNAL_EIGEN_CHECKS_MAKE_GLOG_CHECK\x1b[m\x1b[K\xe2\x80\x99\n'}
[1.429701] (eigen_checks) StderrLine: {'line': b'   63 |   \x1b[01;36m\x1b[KINTERNAL_EIGEN_CHECKS_MAKE_GLOG_CHECK\x1b[m\x1b[K(                                     \\\n'}
[1.429795] (eigen_checks) StderrLine: {'line': b'      |   \x1b[01;36m\x1b[K^~~~~~~~~~~~~~~~~~~~~~~~~~~~~~~~~~~~~\x1b[m\x1b[K\n'}
[1.429885] (eigen_checks) StderrLine: {'line': b'\x1b[01m\x1b[K/home/carbs/hdvio2.0/eigen_checks/test/test_glog-near.cc:49:7:\x1b[m\x1b[K \x1b[01;36m\x1b[Knote: \x1b[m\x1b[Kin expansion of macro \xe2\x80\x98\x1b[01m\x1b[KCHECK_EIGEN_MATRIX_NEAR\x1b[m\x1b[K\xe2\x80\x99\n'}
[1.429974] (eigen_checks) StderrLine: {'line': b'   49 |       \x1b[01;36m\x1b[KCHECK_EIGEN_MATRIX_NEAR\x1b[m\x1b[K(this->ground_truth_matrix_54,\n'}
[1.430049] (eigen_checks) StderrLine: {'line': b'      |       \x1b[01;36m\x1b[K^~~~~~~~~~~~~~~~~~~~~~~\x1b[m\x1b[K\n'}
[1.430116] (eigen_checks) StderrLine: {'line': b'\x1b[01m\x1b[K/home/carbs/hdvio2.0/eigen_checks/include/eigen-checks/glog.h:42:7:\x1b[m\x1b[K \x1b[01;31m\x1b[Kerror: \x1b[m\x1b[Kexpected \xe2\x80\x98\x1b[01m\x1b[K)\x1b[m\x1b[K\xe2\x80\x99 before \xe2\x80\x98\x1b[01m\x1b[Kresult_49\x1b[m\x1b[K\xe2\x80\x99\n'}
[1.430201] (eigen_checks) StderrLine: {'line': b'   42 |       \x1b[01;31m\x1b[Kresult_\x1b[m\x1b[K, __LINE__) = (X);                                              \\\n'}
[1.430291] (eigen_checks) StderrLine: {'line': b'      |       \x1b[01;31m\x1b[K^~~~~~~\x1b[m\x1b[K\n'}
[1.430379] (eigen_checks) StderrLine: {'line': b'\x1b[01m\x1b[K/home/carbs/hdvio2.0/eigen_checks/test/test_glog-near.cc:48:3:\x1b[m\x1b[K \x1b[01;36m\x1b[Knote: \x1b[m\x1b[Kin expansion of macro \xe2\x80\x98\x1b[01m\x1b[KGLOG_TEST_EXPECT_DEATH_DIFFERENT_SIZE\x1b[m\x1b[K\xe2\x80\x99\n'}
[1.430474] (eigen_checks) StderrLine: {'line': b'   48 |   \x1b[01;36m\x1b[KGLOG_TEST_EXPECT_DEATH_DIFFERENT_SIZE\x1b[m\x1b[K(\n'}
[1.430563] (eigen_checks) StderrLine: {'line': b'      |   \x1b[01;36m\x1b[K^~~~~~~~~~~~~~~~~~~~~~~~~~~~~~~~~~~~~\x1b[m\x1b[K\n'}
[1.430655] (eigen_checks) StderrLine: {'line': b'\x1b[01m\x1b[K/home/carbs/hdvio2.0/eigen_checks/include/eigen-checks/glog.h:38:3:\x1b[m\x1b[K \x1b[01;36m\x1b[Knote: \x1b[m\x1b[Kin expansion of macro \xe2\x80\x98\x1b[01m\x1b[KINTERNAL_EIGEN_CHECKS_LOCAL_UNIQUE_VAR\x1b[m\x1b[K\xe2\x80\x99\n'}
[1.430763] (eigen_checks) StderrLine: {'line': b'   38 |   \x1b[01;36m\x1b[KINTERNAL_EIGEN_CHECKS_LOCAL_UNIQUE_VAR\x1b[m\x1b[K(var, line)\n'}
[1.430852] (eigen_checks) StderrLine: {'line': b'      |   \x1b[01;36m\x1b[K^~~~~~~~~~~~~~~~~~~~~~~~~~~~~~~~~~~~~~\x1b[m\x1b[K\n'}
[1.430942] (eigen_checks) StderrLine: {'line': b'\x1b[01m\x1b[K/home/carbs/hdvio2.0/eigen_checks/include/eigen-checks/glog.h:41:30:\x1b[m\x1b[K \x1b[01;36m\x1b[Knote: \x1b[m\x1b[Kin expansion of macro \xe2\x80\x98\x1b[01m\x1b[KINTERNAL_EIGEN_CHECKS_MAKE_VAR\x1b[m\x1b[K\xe2\x80\x99\n'}
[1.431035] (eigen_checks) StderrLine: {'line': b'   41 |   ::testing::AssertionResult \x1b[01;36m\x1b[KINTERNAL_EIGEN_CHECKS_MAKE_VAR\x1b[m\x1b[K(                 \\\n'}
[1.431118] (eigen_checks) StderrLine: {'line': b'      |                              \x1b[01;36m\x1b[K^~~~~~~~~~~~~~~~~~~~~~~~~~~~~~\x1b[m\x1b[K\n'}
[1.431199] (eigen_checks) StderrLine: {'line': b'\x1b[01m\x1b[K/home/carbs/hdvio2.0/eigen_checks/include/eigen-checks/glog.h:63:3:\x1b[m\x1b[K \x1b[01;36m\x1b[Knote: \x1b[m\x1b[Kin expansion of macro \xe2\x80\x98\x1b[01m\x1b[KINTERNAL_EIGEN_CHECKS_MAKE_GLOG_CHECK\x1b[m\x1b[K\xe2\x80\x99\n'}
[1.431286] (eigen_checks) StderrLine: {'line': b'   63 |   \x1b[01;36m\x1b[KINTERNAL_EIGEN_CHECKS_MAKE_GLOG_CHECK\x1b[m\x1b[K(                                     \\\n'}
[1.431371] (eigen_checks) StderrLine: {'line': b'      |   \x1b[01;36m\x1b[K^~~~~~~~~~~~~~~~~~~~~~~~~~~~~~~~~~~~~\x1b[m\x1b[K\n'}
[1.431458] (eigen_checks) StderrLine: {'line': b'\x1b[01m\x1b[K/home/carbs/hdvio2.0/eigen_checks/test/test_glog-near.cc:49:7:\x1b[m\x1b[K \x1b[01;36m\x1b[Knote: \x1b[m\x1b[Kin expansion of macro \xe2\x80\x98\x1b[01m\x1b[KCHECK_EIGEN_MATRIX_NEAR\x1b[m\x1b[K\xe2\x80\x99\n'}
[1.431543] (eigen_checks) StderrLine: {'line': b'   49 |       \x1b[01;36m\x1b[KCHECK_EIGEN_MATRIX_NEAR\x1b[m\x1b[K(this->ground_truth_matrix_54,\n'}
[1.431621] (eigen_checks) StderrLine: {'line': b'      |       \x1b[01;36m\x1b[K^~~~~~~~~~~~~~~~~~~~~~~\x1b[m\x1b[K\n'}
[1.431712] (eigen_checks) StderrLine: {'line': b'\x1b[01m\x1b[K/home/carbs/hdvio2.0/eigen_checks/test/test_helper.h:133:16:\x1b[m\x1b[K \x1b[01;36m\x1b[Knote: \x1b[m\x1b[Kto match this \xe2\x80\x98\x1b[01m\x1b[K(\x1b[m\x1b[K\xe2\x80\x99\n'}
[1.431785] (eigen_checks) StderrLine: {'line': b'  133 |   EXPECT_DEATH(\x1b[01;36m\x1b[K(\x1b[m\x1b[KX), "^")  // ^The matrices have a different$\n'}
[1.431865] (eigen_checks) StderrLine: {'line': b'      |                \x1b[01;36m\x1b[K^\x1b[m\x1b[K\n'}
[1.431949] (eigen_checks) StderrLine: {'line': b'\x1b[01m\x1b[K/home/carbs/hdvio2.0/eigen_checks/test/test_glog-near.cc:48:3:\x1b[m\x1b[K \x1b[01;36m\x1b[Knote: \x1b[m\x1b[Kin expansion of macro \xe2\x80\x98\x1b[01m\x1b[KGLOG_TEST_EXPECT_DEATH_DIFFERENT_SIZE\x1b[m\x1b[K\xe2\x80\x99\n'}
[1.432032] (eigen_checks) StderrLine: {'line': b'   48 |   \x1b[01;36m\x1b[KGLOG_TEST_EXPECT_DEATH_DIFFERENT_SIZE\x1b[m\x1b[K(\n'}
[1.432117] (eigen_checks) StderrLine: {'line': b'      |   \x1b[01;36m\x1b[K^~~~~~~~~~~~~~~~~~~~~~~~~~~~~~~~~~~~~\x1b[m\x1b[K\n'}
[1.432195] (eigen_checks) StderrLine: {'line': b'In file included from \x1b[01m\x1b[K/opt/ros/humble/src/gtest_vendor/include/gtest/gtest.h:62\x1b[m\x1b[K,\n'}
[1.432279] (eigen_checks) StderrLine: {'line': b'                 from \x1b[01m\x1b[K/home/carbs/hdvio2.0/eigen_checks/include/eigen-checks/entrypoint.h:29\x1b[m\x1b[K,\n'}
[1.432368] (eigen_checks) StderrLine: {'line': b'                 from \x1b[01m\x1b[K/home/carbs/hdvio2.0/eigen_checks/test/test_glog-zero.cc:25\x1b[m\x1b[K:\n'}
[1.432456] (eigen_checks) StderrLine: {'line': b'\x1b[01m\x1b[K/home/carbs/hdvio2.0/eigen_checks/test/test_glog-zero.cc:\x1b[m\x1b[K In member function \xe2\x80\x98\x1b[01m\x1b[Kvirtual void EigenChecks_EigenMatrixZeroGLog_Matrix_NonEqualRandom_Test<gtest_TypeParam_>::TestBody()\x1b[m\x1b[K\xe2\x80\x99:\n'}
[1.432542] (eigen_checks) StderrLine: {'line': b'\x1b[01m\x1b[K/home/carbs/hdvio2.0/eigen_checks/include/eigen-checks/glog.h:42:7:\x1b[m\x1b[K \x1b[01;31m\x1b[Kerror: \x1b[m\x1b[Kexpected primary-expression before \xe2\x80\x98\x1b[01m\x1b[Kresult_37\x1b[m\x1b[K\xe2\x80\x99\n'}
[1.432633] (eigen_checks) StderrLine: {'line': b'   42 |       \x1b[01;31m\x1b[Kresult_\x1b[m\x1b[K, __LINE__) = (X);                                              \\\n'}
[1.432736] (eigen_checks) StderrLine: {'line': b'      |       \x1b[01;31m\x1b[K^~~~~~~\x1b[m\x1b[K\n'}
[1.432821] (eigen_checks) StderrLine: {'line': b'\x1b[01m\x1b[K/home/carbs/hdvio2.0/eigen_checks/test/test_glog-zero.cc:36:3:\x1b[m\x1b[K \x1b[01;36m\x1b[Knote: \x1b[m\x1b[Kin expansion of macro \xe2\x80\x98\x1b[01m\x1b[KGLOG_TEST_EXPECT_DEATH_DIFFERENT_DATA\x1b[m\x1b[K\xe2\x80\x99\n'}
[1.432903] (eigen_checks) StderrLine: {'line': b'   36 |   \x1b[01;36m\x1b[KGLOG_TEST_EXPECT_DEATH_DIFFERENT_DATA\x1b[m\x1b[K(\n'}
[1.433136] (eigen_checks) StderrLine: {'line': b'      |   \x1b[01;36m\x1b[K^~~~~~~~~~~~~~~~~~~~~~~~~~~~~~~~~~~~~\x1b[m\x1b[K\n'}
[1.433237] (eigen_checks) StderrLine: {'line': b'\x1b[01m\x1b[K/home/carbs/hdvio2.0/eigen_checks/include/eigen-checks/glog.h:38:3:\x1b[m\x1b[K \x1b[01;36m\x1b[Knote: \x1b[m\x1b[Kin expansion of macro \xe2\x80\x98\x1b[01m\x1b[KINTERNAL_EIGEN_CHECKS_LOCAL_UNIQUE_VAR\x1b[m\x1b[K\xe2\x80\x99\n'}
[1.433328] (eigen_checks) StderrLine: {'line': b'   38 |   \x1b[01;36m\x1b[KINTERNAL_EIGEN_CHECKS_LOCAL_UNIQUE_VAR\x1b[m\x1b[K(var, line)\n'}
[1.433416] (eigen_checks) StderrLine: {'line': b'      |   \x1b[01;36m\x1b[K^~~~~~~~~~~~~~~~~~~~~~~~~~~~~~~~~~~~~~\x1b[m\x1b[K\n'}
[1.433504] (eigen_checks) StderrLine: {'line': b'\x1b[01m\x1b[K/home/carbs/hdvio2.0/eigen_checks/include/eigen-checks/glog.h:41:30:\x1b[m\x1b[K \x1b[01;36m\x1b[Knote: \x1b[m\x1b[Kin expansion of macro \xe2\x80\x98\x1b[01m\x1b[KINTERNAL_EIGEN_CHECKS_MAKE_VAR\x1b[m\x1b[K\xe2\x80\x99\n'}
[1.433601] (eigen_checks) StderrLine: {'line': b'   41 |   ::testing::AssertionResult \x1b[01;36m\x1b[KINTERNAL_EIGEN_CHECKS_MAKE_VAR\x1b[m\x1b[K(                 \\\n'}
[1.433710] (eigen_checks) StderrLine: {'line': b'      |                              \x1b[01;36m\x1b[K^~~~~~~~~~~~~~~~~~~~~~~~~~~~~~\x1b[m\x1b[K\n'}
[1.433798] (eigen_checks) StderrLine: {'line': b'\x1b[01m\x1b[K/home/carbs/hdvio2.0/eigen_checks/include/eigen-checks/glog.h:68:3:\x1b[m\x1b[K \x1b[01;36m\x1b[Knote: \x1b[m\x1b[Kin expansion of macro \xe2\x80\x98\x1b[01m\x1b[KINTERNAL_EIGEN_CHECKS_MAKE_GLOG_CHECK\x1b[m\x1b[K\xe2\x80\x99\n'}
[1.433886] (eigen_checks) StderrLine: {'line': b'   68 |   \x1b[01;36m\x1b[KINTERNAL_EIGEN_CHECKS_MAKE_GLOG_CHECK\x1b[m\x1b[K(                                     \\\n'}
[1.433973] (eigen_checks) StderrLine: {'line': b'      |   \x1b[01;36m\x1b[K^~~~~~~~~~~~~~~~~~~~~~~~~~~~~~~~~~~~~\x1b[m\x1b[K\n'}
[1.434162] (eigen_checks) StderrLine: {'line': b'\x1b[01m\x1b[K/home/carbs/hdvio2.0/eigen_checks/test/test_glog-zero.cc:37:7:\x1b[m\x1b[K \x1b[01;36m\x1b[Knote: \x1b[m\x1b[Kin expansion of macro \xe2\x80\x98\x1b[01m\x1b[KCHECK_EIGEN_MATRIX_ZERO\x1b[m\x1b[K\xe2\x80\x99\n'}
[1.434263] (eigen_checks) StderrLine: {'line': b'   37 |       \x1b[01;36m\x1b[KCHECK_EIGEN_MATRIX_ZERO\x1b[m\x1b[K(this->test_matrix_54_random, 1e-5));\n'}
[1.434349] (eigen_checks) StderrLine: {'line': b'      |       \x1b[01;36m\x1b[K^~~~~~~~~~~~~~~~~~~~~~~\x1b[m\x1b[K\n'}
[1.434436] (eigen_checks) StderrLine: {'line': b'\x1b[01m\x1b[K/home/carbs/hdvio2.0/eigen_checks/include/eigen-checks/glog.h:42:7:\x1b[m\x1b[K \x1b[01;31m\x1b[Kerror: \x1b[m\x1b[Kexpected \xe2\x80\x98\x1b[01m\x1b[K)\x1b[m\x1b[K\xe2\x80\x99 before \xe2\x80\x98\x1b[01m\x1b[Kresult_37\x1b[m\x1b[K\xe2\x80\x99\n'}
[1.434526] (eigen_checks) StderrLine: {'line': b'   42 |       \x1b[01;31m\x1b[Kresult_\x1b[m\x1b[K, __LINE__) = (X);                                              \\\n'}
[1.434611] (eigen_checks) StderrLine: {'line': b'      |       \x1b[01;31m\x1b[K^~~~~~~\x1b[m\x1b[K\n'}
[1.434712] (eigen_checks) StderrLine: {'line': b'\x1b[01m\x1b[K/home/carbs/hdvio2.0/eigen_checks/test/test_glog-zero.cc:36:3:\x1b[m\x1b[K \x1b[01;36m\x1b[Knote: \x1b[m\x1b[Kin expansion of macro \xe2\x80\x98\x1b[01m\x1b[KGLOG_TEST_EXPECT_DEATH_DIFFERENT_DATA\x1b[m\x1b[K\xe2\x80\x99\n'}
[1.434803] (eigen_checks) StderrLine: {'line': b'   36 |   \x1b[01;36m\x1b[KGLOG_TEST_EXPECT_DEATH_DIFFERENT_DATA\x1b[m\x1b[K(\n'}
[1.435108] (eigen_checks) StderrLine: {'line': b'      |   \x1b[01;36m\x1b[K^~~~~~~~~~~~~~~~~~~~~~~~~~~~~~~~~~~~~\x1b[m\x1b[K\n'}
[1.435199] (eigen_checks) StderrLine: {'line': b'\x1b[01m\x1b[K/home/carbs/hdvio2.0/eigen_checks/include/eigen-checks/glog.h:38:3:\x1b[m\x1b[K \x1b[01;36m\x1b[Knote: \x1b[m\x1b[Kin expansion of macro \xe2\x80\x98\x1b[01m\x1b[KINTERNAL_EIGEN_CHECKS_LOCAL_UNIQUE_VAR\x1b[m\x1b[K\xe2\x80\x99\n'}
[1.435501] (eigen_checks) StderrLine: {'line': b'   38 |   \x1b[01;36m\x1b[KINTERNAL_EIGEN_CHECKS_LOCAL_UNIQUE_VAR\x1b[m\x1b[K(var, line)\n'}
[1.435595] (eigen_checks) StderrLine: {'line': b'      |   \x1b[01;36m\x1b[K^~~~~~~~~~~~~~~~~~~~~~~~~~~~~~~~~~~~~~\x1b[m\x1b[K\n'}
[1.435699] (eigen_checks) StderrLine: {'line': b'\x1b[01m\x1b[K/home/carbs/hdvio2.0/eigen_checks/include/eigen-checks/glog.h:41:30:\x1b[m\x1b[K \x1b[01;36m\x1b[Knote: \x1b[m\x1b[Kin expansion of macro \xe2\x80\x98\x1b[01m\x1b[KINTERNAL_EIGEN_CHECKS_MAKE_VAR\x1b[m\x1b[K\xe2\x80\x99\n'}
[1.435800] (eigen_checks) StderrLine: {'line': b'   41 |   ::testing::AssertionResult \x1b[01;36m\x1b[KINTERNAL_EIGEN_CHECKS_MAKE_VAR\x1b[m\x1b[K(                 \\\n'}
[1.435887] (eigen_checks) StderrLine: {'line': b'      |                              \x1b[01;36m\x1b[K^~~~~~~~~~~~~~~~~~~~~~~~~~~~~~\x1b[m\x1b[K\n'}
[1.435972] (eigen_checks) StderrLine: {'line': b'\x1b[01m\x1b[K/home/carbs/hdvio2.0/eigen_checks/include/eigen-checks/glog.h:68:3:\x1b[m\x1b[K \x1b[01;36m\x1b[Knote: \x1b[m\x1b[Kin expansion of macro \xe2\x80\x98\x1b[01m\x1b[KINTERNAL_EIGEN_CHECKS_MAKE_GLOG_CHECK\x1b[m\x1b[K\xe2\x80\x99\n'}
[1.436060] (eigen_checks) StderrLine: {'line': b'   68 |   \x1b[01;36m\x1b[KINTERNAL_EIGEN_CHECKS_MAKE_GLOG_CHECK\x1b[m\x1b[K(                                     \\\n'}
[1.436156] (eigen_checks) StderrLine: {'line': b'      |   \x1b[01;36m\x1b[K^~~~~~~~~~~~~~~~~~~~~~~~~~~~~~~~~~~~~\x1b[m\x1b[K\n'}
[1.436243] (eigen_checks) StderrLine: {'line': b'\x1b[01m\x1b[K/home/carbs/hdvio2.0/eigen_checks/test/test_glog-zero.cc:37:7:\x1b[m\x1b[K \x1b[01;36m\x1b[Knote: \x1b[m\x1b[Kin expansion of macro \xe2\x80\x98\x1b[01m\x1b[KCHECK_EIGEN_MATRIX_ZERO\x1b[m\x1b[K\xe2\x80\x99\n'}
[1.436345] (eigen_checks) StderrLine: {'line': b'   37 |       \x1b[01;36m\x1b[KCHECK_EIGEN_MATRIX_ZERO\x1b[m\x1b[K(this->test_matrix_54_random, 1e-5));\n'}
[1.436434] (eigen_checks) StderrLine: {'line': b'      |       \x1b[01;36m\x1b[K^~~~~~~~~~~~~~~~~~~~~~~\x1b[m\x1b[K\n'}
[1.436527] (eigen_checks) StderrLine: {'line': b'\x1b[01m\x1b[K/home/carbs/hdvio2.0/eigen_checks/test/test_helper.h:136:16:\x1b[m\x1b[K \x1b[01;36m\x1b[Knote: \x1b[m\x1b[Kto match this \xe2\x80\x98\x1b[01m\x1b[K(\x1b[m\x1b[K\xe2\x80\x99\n'}
[1.436614] (eigen_checks) StderrLine: {'line': b'  136 |   EXPECT_DEATH(\x1b[01;36m\x1b[K(\x1b[m\x1b[KX), "^")  // ^The matrices are different$\n'}
[1.436967] (eigen_checks) StderrLine: {'line': b'      |                \x1b[01;36m\x1b[K^\x1b[m\x1b[K\n'}
[1.437069] (eigen_checks) StderrLine: {'line': b'\x1b[01m\x1b[K/home/carbs/hdvio2.0/eigen_checks/test/test_glog-zero.cc:36:3:\x1b[m\x1b[K \x1b[01;36m\x1b[Knote: \x1b[m\x1b[Kin expansion of macro \xe2\x80\x98\x1b[01m\x1b[KGLOG_TEST_EXPECT_DEATH_DIFFERENT_DATA\x1b[m\x1b[K\xe2\x80\x99\n'}
[1.437157] (eigen_checks) StderrLine: {'line': b'   36 |   \x1b[01;36m\x1b[KGLOG_TEST_EXPECT_DEATH_DIFFERENT_DATA\x1b[m\x1b[K(\n'}
[1.437240] (eigen_checks) StderrLine: {'line': b'      |   \x1b[01;36m\x1b[K^~~~~~~~~~~~~~~~~~~~~~~~~~~~~~~~~~~~~\x1b[m\x1b[K\n'}
[1.437321] (eigen_checks) StderrLine: {'line': b'\x1b[01m\x1b[K/home/carbs/hdvio2.0/eigen_checks/include/eigen-checks/glog.h:43:58:\x1b[m\x1b[K \x1b[01;31m\x1b[Kerror: \x1b[m\x1b[K\xe2\x80\x98\x1b[01m\x1b[Kresult_49\x1b[m\x1b[K\xe2\x80\x99 was not declared in this scope\n'}
[1.437404] (eigen_checks) StderrLine: {'line': b'   43 |   CHECK(static_cast<bool>(INTERNAL_EIGEN_CHECKS_MAKE_VAR(\x1b[01;31m\x1b[Kresult_\x1b[m\x1b[K, __LINE__)))\\\n'}
[1.437495] (eigen_checks) StderrLine: {'line': b'      |                                                          \x1b[01;31m\x1b[K^~~~~~~\x1b[m\x1b[K\n'}
[1.437588] (eigen_checks) StderrLine: {'line': b'\x1b[01m\x1b[K/home/carbs/hdvio2.0/eigen_checks/test/test_glog-near.cc:48:3:\x1b[m\x1b[K \x1b[01;36m\x1b[Knote: \x1b[m\x1b[Kin expansion of macro \xe2\x80\x98\x1b[01m\x1b[KGLOG_TEST_EXPECT_DEATH_DIFFERENT_SIZE\x1b[m\x1b[K\xe2\x80\x99\n'}
[1.437689] (eigen_checks) StderrLine: {'line': b'   48 |   \x1b[01;36m\x1b[KGLOG_TEST_EXPECT_DEATH_DIFFERENT_SIZE\x1b[m\x1b[K(\n'}
[1.437784] (eigen_checks) StderrLine: {'line': b'      |   \x1b[01;36m\x1b[K^~~~~~~~~~~~~~~~~~~~~~~~~~~~~~~~~~~~~\x1b[m\x1b[K\n'}
[1.437874] (eigen_checks) StderrLine: {'line': b'\x1b[01m\x1b[K/home/carbs/hdvio2.0/eigen_checks/include/eigen-checks/glog.h:38:3:\x1b[m\x1b[K \x1b[01;36m\x1b[Knote: \x1b[m\x1b[Kin expansion of macro \xe2\x80\x98\x1b[01m\x1b[KINTERNAL_EIGEN_CHECKS_LOCAL_UNIQUE_VAR\x1b[m\x1b[K\xe2\x80\x99\n'}
[1.437965] (eigen_checks) StderrLine: {'line': b'   38 |   \x1b[01;36m\x1b[KINTERNAL_EIGEN_CHECKS_LOCAL_UNIQUE_VAR\x1b[m\x1b[K(var, line)\n'}
[1.438054] (eigen_checks) StderrLine: {'line': b'      |   \x1b[01;36m\x1b[K^~~~~~~~~~~~~~~~~~~~~~~~~~~~~~~~~~~~~~\x1b[m\x1b[K\n'}
[1.438139] (eigen_checks) StderrLine: {'line': b'\x1b[01m\x1b[K/home/carbs/hdvio2.0/eigen_checks/include/eigen-checks/glog.h:43:27:\x1b[m\x1b[K \x1b[01;36m\x1b[Knote: \x1b[m\x1b[Kin expansion of macro \xe2\x80\x98\x1b[01m\x1b[KINTERNAL_EIGEN_CHECKS_MAKE_VAR\x1b[m\x1b[K\xe2\x80\x99\n'}
[1.438232] (eigen_checks) StderrLine: {'line': b'   43 |   CHECK(static_cast<bool>(\x1b[01;36m\x1b[KINTERNAL_EIGEN_CHECKS_MAKE_VAR\x1b[m\x1b[K(result_, __LINE__)))\\\n'}
[1.438319] (eigen_checks) StderrLine: {'line': b'      |                           \x1b[01;36m\x1b[K^~~~~~~~~~~~~~~~~~~~~~~~~~~~~~\x1b[m\x1b[K\n'}
[1.438415] (eigen_checks) StderrLine: {'line': b'\x1b[01m\x1b[K/home/carbs/hdvio2.0/eigen_checks/include/eigen-checks/glog.h:63:3:\x1b[m\x1b[K \x1b[01;36m\x1b[Knote: \x1b[m\x1b[Kin expansion of macro \xe2\x80\x98\x1b[01m\x1b[KINTERNAL_EIGEN_CHECKS_MAKE_GLOG_CHECK\x1b[m\x1b[K\xe2\x80\x99\n'}
[1.438502] (eigen_checks) StderrLine: {'line': b'   63 |   \x1b[01;36m\x1b[KINTERNAL_EIGEN_CHECKS_MAKE_GLOG_CHECK\x1b[m\x1b[K(                                     \\\n'}
[1.438587] (eigen_checks) StderrLine: {'line': b'      |   \x1b[01;36m\x1b[K^~~~~~~~~~~~~~~~~~~~~~~~~~~~~~~~~~~~~\x1b[m\x1b[K\n'}
[1.438685] (eigen_checks) StderrLine: {'line': b'\x1b[01m\x1b[K/home/carbs/hdvio2.0/eigen_checks/test/test_glog-near.cc:49:7:\x1b[m\x1b[K \x1b[01;36m\x1b[Knote: \x1b[m\x1b[Kin expansion of macro \xe2\x80\x98\x1b[01m\x1b[KCHECK_EIGEN_MATRIX_NEAR\x1b[m\x1b[K\xe2\x80\x99\n'}
[1.438781] (eigen_checks) StderrLine: {'line': b'   49 |       \x1b[01;36m\x1b[KCHECK_EIGEN_MATRIX_NEAR\x1b[m\x1b[K(this->ground_truth_matrix_54,\n'}
[1.438868] (eigen_checks) StderrLine: {'line': b'      |       \x1b[01;36m\x1b[K^~~~~~~~~~~~~~~~~~~~~~~\x1b[m\x1b[K\n'}
[1.438963] (eigen_checks) StderrLine: {'line': b'\x1b[01m\x1b[K/home/carbs/hdvio2.0/eigen_checks/include/eigen-checks/glog.h:43:58:\x1b[m\x1b[K \x1b[01;31m\x1b[Kerror: \x1b[m\x1b[K\xe2\x80\x98\x1b[01m\x1b[Kresult_37\x1b[m\x1b[K\xe2\x80\x99 was not declared in this scope\n'}
[1.439053] (eigen_checks) StderrLine: {'line': b'   43 |   CHECK(static_cast<bool>(INTERNAL_EIGEN_CHECKS_MAKE_VAR(\x1b[01;31m\x1b[Kresult_\x1b[m\x1b[K, __LINE__)))\\\n'}
[1.439139] (eigen_checks) StderrLine: {'line': b'      |                                                          \x1b[01;31m\x1b[K^~~~~~~\x1b[m\x1b[K\n'}
[1.439225] (eigen_checks) StderrLine: {'line': b'\x1b[01m\x1b[K/home/carbs/hdvio2.0/eigen_checks/test/test_glog-zero.cc:36:3:\x1b[m\x1b[K \x1b[01;36m\x1b[Knote: \x1b[m\x1b[Kin expansion of macro \xe2\x80\x98\x1b[01m\x1b[KGLOG_TEST_EXPECT_DEATH_DIFFERENT_DATA\x1b[m\x1b[K\xe2\x80\x99\n'}
[1.439304] (eigen_checks) StderrLine: {'line': b'   36 |   \x1b[01;36m\x1b[KGLOG_TEST_EXPECT_DEATH_DIFFERENT_DATA\x1b[m\x1b[K(\n'}
[1.439389] (eigen_checks) StderrLine: {'line': b'      |   \x1b[01;36m\x1b[K^~~~~~~~~~~~~~~~~~~~~~~~~~~~~~~~~~~~~\x1b[m\x1b[K\n'}
[1.439478] (eigen_checks) StderrLine: {'line': b'\x1b[01m\x1b[K/home/carbs/hdvio2.0/eigen_checks/include/eigen-checks/glog.h:38:3:\x1b[m\x1b[K \x1b[01;36m\x1b[Knote: \x1b[m\x1b[Kin expansion of macro \xe2\x80\x98\x1b[01m\x1b[KINTERNAL_EIGEN_CHECKS_LOCAL_UNIQUE_VAR\x1b[m\x1b[K\xe2\x80\x99\n'}
[1.439564] (eigen_checks) StderrLine: {'line': b'   38 |   \x1b[01;36m\x1b[KINTERNAL_EIGEN_CHECKS_LOCAL_UNIQUE_VAR\x1b[m\x1b[K(var, line)\n'}
[1.439662] (eigen_checks) StderrLine: {'line': b'      |   \x1b[01;36m\x1b[K^~~~~~~~~~~~~~~~~~~~~~~~~~~~~~~~~~~~~~\x1b[m\x1b[K\n'}
[1.439759] (eigen_checks) StderrLine: {'line': b'\x1b[01m\x1b[K/home/carbs/hdvio2.0/eigen_checks/include/eigen-checks/glog.h:43:27:\x1b[m\x1b[K \x1b[01;36m\x1b[Knote: \x1b[m\x1b[Kin expansion of macro \xe2\x80\x98\x1b[01m\x1b[KINTERNAL_EIGEN_CHECKS_MAKE_VAR\x1b[m\x1b[K\xe2\x80\x99\n'}
[1.439845] (eigen_checks) StderrLine: {'line': b'   43 |   CHECK(static_cast<bool>(\x1b[01;36m\x1b[KINTERNAL_EIGEN_CHECKS_MAKE_VAR\x1b[m\x1b[K(result_, __LINE__)))\\\n'}
[1.439938] (eigen_checks) StderrLine: {'line': b'      |                           \x1b[01;36m\x1b[K^~~~~~~~~~~~~~~~~~~~~~~~~~~~~~\x1b[m\x1b[K\n'}
[1.440024] (eigen_checks) StderrLine: {'line': b'\x1b[01m\x1b[K/home/carbs/hdvio2.0/eigen_checks/include/eigen-checks/glog.h:68:3:\x1b[m\x1b[K \x1b[01;36m\x1b[Knote: \x1b[m\x1b[Kin expansion of macro \xe2\x80\x98\x1b[01m\x1b[KINTERNAL_EIGEN_CHECKS_MAKE_GLOG_CHECK\x1b[m\x1b[K\xe2\x80\x99\n'}
[1.440119] (eigen_checks) StderrLine: {'line': b'   68 |   \x1b[01;36m\x1b[KINTERNAL_EIGEN_CHECKS_MAKE_GLOG_CHECK\x1b[m\x1b[K(                                     \\\n'}
[1.440211] (eigen_checks) StderrLine: {'line': b'      |   \x1b[01;36m\x1b[K^~~~~~~~~~~~~~~~~~~~~~~~~~~~~~~~~~~~~\x1b[m\x1b[K\n'}
[1.440607] (eigen_checks) StderrLine: {'line': b'\x1b[01m\x1b[K/home/carbs/hdvio2.0/eigen_checks/test/test_glog-zero.cc:37:7:\x1b[m\x1b[K \x1b[01;36m\x1b[Knote: \x1b[m\x1b[Kin expansion of macro \xe2\x80\x98\x1b[01m\x1b[KCHECK_EIGEN_MATRIX_ZERO\x1b[m\x1b[K\xe2\x80\x99\n'}
[1.453570] (eigen_checks) StderrLine: {'line': b'   37 |       \x1b[01;36m\x1b[KCHECK_EIGEN_MATRIX_ZERO\x1b[m\x1b[K(this->test_matrix_54_random, 1e-5));\n'}
[1.454234] (eigen_checks) StderrLine: {'line': b'      |       \x1b[01;36m\x1b[K^~~~~~~~~~~~~~~~~~~~~~~\x1b[m\x1b[K\n'}
[1.454497] (eigen_checks) StderrLine: {'line': b'\x1b[01m\x1b[K/home/carbs/hdvio2.0/eigen_checks/test/test_glog-zero.cc:\x1b[m\x1b[K In member function \xe2\x80\x98\x1b[01m\x1b[Kvirtual void EigenChecks_EigenMatrixZeroGLog_Matrix_OtherSize_Test<gtest_TypeParam_>::TestBody()\x1b[m\x1b[K\xe2\x80\x99:\n'}
[1.454599] (eigen_checks) StderrLine: {'line': b'\x1b[01m\x1b[K/home/carbs/hdvio2.0/eigen_checks/include/eigen-checks/glog.h:42:7:\x1b[m\x1b[K \x1b[01;31m\x1b[Kerror: \x1b[m\x1b[Kexpected primary-expression before \xe2\x80\x98\x1b[01m\x1b[Kresult_42\x1b[m\x1b[K\xe2\x80\x99\n'}
[1.454704] (eigen_checks) StderrLine: {'line': b'   42 |       \x1b[01;31m\x1b[Kresult_\x1b[m\x1b[K, __LINE__) = (X);                                              \\\n'}
[1.454798] (eigen_checks) StderrLine: {'line': b'      |       \x1b[01;31m\x1b[K^~~~~~~\x1b[m\x1b[K\n'}
[1.454882] (eigen_checks) StderrLine: {'line': b'\x1b[01m\x1b[K/home/carbs/hdvio2.0/eigen_checks/test/test_glog-zero.cc:41:3:\x1b[m\x1b[K \x1b[01;36m\x1b[Knote: \x1b[m\x1b[Kin expansion of macro \xe2\x80\x98\x1b[01m\x1b[KGLOG_TEST_EXPECT_DEATH_DIFFERENT_SIZE\x1b[m\x1b[K\xe2\x80\x99\n'}
[1.454970] (eigen_checks) StderrLine: {'line': b'   41 |   \x1b[01;36m\x1b[KGLOG_TEST_EXPECT_DEATH_DIFFERENT_SIZE\x1b[m\x1b[K(\n'}
[1.455230] (eigen_checks) StderrLine: {'line': b'      |   \x1b[01;36m\x1b[K^~~~~~~~~~~~~~~~~~~~~~~~~~~~~~~~~~~~~\x1b[m\x1b[K\n'}
[1.455306] (eigen_checks) StderrLine: {'line': b'\x1b[01m\x1b[K/home/carbs/hdvio2.0/eigen_checks/include/eigen-checks/glog.h:38:3:\x1b[m\x1b[K \x1b[01;36m\x1b[Knote: \x1b[m\x1b[Kin expansion of macro \xe2\x80\x98\x1b[01m\x1b[KINTERNAL_EIGEN_CHECKS_LOCAL_UNIQUE_VAR\x1b[m\x1b[K\xe2\x80\x99\n'}
[1.455380] (eigen_checks) StderrLine: {'line': b'   38 |   \x1b[01;36m\x1b[KINTERNAL_EIGEN_CHECKS_LOCAL_UNIQUE_VAR\x1b[m\x1b[K(var, line)\n'}
[1.455463] (eigen_checks) StderrLine: {'line': b'      |   \x1b[01;36m\x1b[K^~~~~~~~~~~~~~~~~~~~~~~~~~~~~~~~~~~~~~\x1b[m\x1b[K\n'}
[1.455545] (eigen_checks) StderrLine: {'line': b'\x1b[01m\x1b[K/home/carbs/hdvio2.0/eigen_checks/include/eigen-checks/glog.h:41:30:\x1b[m\x1b[K \x1b[01;36m\x1b[Knote: \x1b[m\x1b[Kin expansion of macro \xe2\x80\x98\x1b[01m\x1b[KINTERNAL_EIGEN_CHECKS_MAKE_VAR\x1b[m\x1b[K\xe2\x80\x99\n'}
[1.455632] (eigen_checks) StderrLine: {'line': b'   41 |   ::testing::AssertionResult \x1b[01;36m\x1b[KINTERNAL_EIGEN_CHECKS_MAKE_VAR\x1b[m\x1b[K(                 \\\n'}
[1.455741] (eigen_checks) StderrLine: {'line': b'      |                              \x1b[01;36m\x1b[K^~~~~~~~~~~~~~~~~~~~~~~~~~~~~~\x1b[m\x1b[K\n'}
[1.455828] (eigen_checks) StderrLine: {'line': b'\x1b[01m\x1b[K/home/carbs/hdvio2.0/eigen_checks/include/eigen-checks/glog.h:68:3:\x1b[m\x1b[K \x1b[01;36m\x1b[Knote: \x1b[m\x1b[Kin expansion of macro \xe2\x80\x98\x1b[01m\x1b[KINTERNAL_EIGEN_CHECKS_MAKE_GLOG_CHECK\x1b[m\x1b[K\xe2\x80\x99\n'}
[1.455910] (eigen_checks) StderrLine: {'line': b'   68 |   \x1b[01;36m\x1b[KINTERNAL_EIGEN_CHECKS_MAKE_GLOG_CHECK\x1b[m\x1b[K(                                     \\\n'}
[1.455993] (eigen_checks) StderrLine: {'line': b'      |   \x1b[01;36m\x1b[K^~~~~~~~~~~~~~~~~~~~~~~~~~~~~~~~~~~~~\x1b[m\x1b[K\n'}
[1.456075] (eigen_checks) StderrLine: {'line': b'\x1b[01m\x1b[K/home/carbs/hdvio2.0/eigen_checks/test/test_glog-zero.cc:42:7:\x1b[m\x1b[K \x1b[01;36m\x1b[Knote: \x1b[m\x1b[Kin expansion of macro \xe2\x80\x98\x1b[01m\x1b[KCHECK_EIGEN_MATRIX_ZERO\x1b[m\x1b[K\xe2\x80\x99\n'}
[1.456156] (eigen_checks) StderrLine: {'line': b'   42 |       \x1b[01;36m\x1b[KCHECK_EIGEN_MATRIX_ZERO\x1b[m\x1b[K(this->test_matrix_D4, 1e-5));\n'}
[1.456248] (eigen_checks) StderrLine: {'line': b'      |       \x1b[01;36m\x1b[K^~~~~~~~~~~~~~~~~~~~~~~\x1b[m\x1b[K\n'}
[1.456330] (eigen_checks) StderrLine: {'line': b'\x1b[01m\x1b[K/home/carbs/hdvio2.0/eigen_checks/include/eigen-checks/glog.h:42:7:\x1b[m\x1b[K \x1b[01;31m\x1b[Kerror: \x1b[m\x1b[Kexpected \xe2\x80\x98\x1b[01m\x1b[K)\x1b[m\x1b[K\xe2\x80\x99 before \xe2\x80\x98\x1b[01m\x1b[Kresult_42\x1b[m\x1b[K\xe2\x80\x99\n'}
[1.456410] (eigen_checks) StderrLine: {'line': b'   42 |       \x1b[01;31m\x1b[Kresult_\x1b[m\x1b[K, __LINE__) = (X);                                              \\\n'}
[1.456493] (eigen_checks) StderrLine: {'line': b'      |       \x1b[01;31m\x1b[K^~~~~~~\x1b[m\x1b[K\n'}
[1.456574] (eigen_checks) StderrLine: {'line': b'\x1b[01m\x1b[K/home/carbs/hdvio2.0/eigen_checks/test/test_glog-zero.cc:41:3:\x1b[m\x1b[K \x1b[01;36m\x1b[Knote: \x1b[m\x1b[Kin expansion of macro \xe2\x80\x98\x1b[01m\x1b[KGLOG_TEST_EXPECT_DEATH_DIFFERENT_SIZE\x1b[m\x1b[K\xe2\x80\x99\n'}
[1.456662] (eigen_checks) StderrLine: {'line': b'   41 |   \x1b[01;36m\x1b[KGLOG_TEST_EXPECT_DEATH_DIFFERENT_SIZE\x1b[m\x1b[K(\n'}
[1.456758] (eigen_checks) StderrLine: {'line': b'      |   \x1b[01;36m\x1b[K^~~~~~~~~~~~~~~~~~~~~~~~~~~~~~~~~~~~~\x1b[m\x1b[K\n'}
[1.456844] (eigen_checks) StderrLine: {'line': b'\x1b[01m\x1b[K/home/carbs/hdvio2.0/eigen_checks/include/eigen-checks/glog.h:38:3:\x1b[m\x1b[K \x1b[01;36m\x1b[Knote: \x1b[m\x1b[Kin expansion of macro \xe2\x80\x98\x1b[01m\x1b[KINTERNAL_EIGEN_CHECKS_LOCAL_UNIQUE_VAR\x1b[m\x1b[K\xe2\x80\x99\n'}
[1.456929] (eigen_checks) StderrLine: {'line': b'   38 |   \x1b[01;36m\x1b[KINTERNAL_EIGEN_CHECKS_LOCAL_UNIQUE_VAR\x1b[m\x1b[K(var, line)\n'}
[1.457015] (eigen_checks) StderrLine: {'line': b'      |   \x1b[01;36m\x1b[K^~~~~~~~~~~~~~~~~~~~~~~~~~~~~~~~~~~~~~\x1b[m\x1b[K\n'}
[1.457099] (eigen_checks) StderrLine: {'line': b'\x1b[01m\x1b[K/home/carbs/hdvio2.0/eigen_checks/include/eigen-checks/glog.h:41:30:\x1b[m\x1b[K \x1b[01;36m\x1b[Knote: \x1b[m\x1b[Kin expansion of macro \xe2\x80\x98\x1b[01m\x1b[KINTERNAL_EIGEN_CHECKS_MAKE_VAR\x1b[m\x1b[K\xe2\x80\x99\n'}
[1.457191] (eigen_checks) StderrLine: {'line': b'   41 |   ::testing::AssertionResult \x1b[01;36m\x1b[KINTERNAL_EIGEN_CHECKS_MAKE_VAR\x1b[m\x1b[K(                 \\\n'}
[1.457267] (eigen_checks) StderrLine: {'line': b'      |                              \x1b[01;36m\x1b[K^~~~~~~~~~~~~~~~~~~~~~~~~~~~~~\x1b[m\x1b[K\n'}
[1.457332] (eigen_checks) StderrLine: {'line': b'\x1b[01m\x1b[K/home/carbs/hdvio2.0/eigen_checks/include/eigen-checks/glog.h:68:3:\x1b[m\x1b[K \x1b[01;36m\x1b[Knote: \x1b[m\x1b[Kin expansion of macro \xe2\x80\x98\x1b[01m\x1b[KINTERNAL_EIGEN_CHECKS_MAKE_GLOG_CHECK\x1b[m\x1b[K\xe2\x80\x99\n'}
[1.457411] (eigen_checks) StderrLine: {'line': b'   68 |   \x1b[01;36m\x1b[KINTERNAL_EIGEN_CHECKS_MAKE_GLOG_CHECK\x1b[m\x1b[K(                                     \\\n'}
[1.457500] (eigen_checks) StderrLine: {'line': b'      |   \x1b[01;36m\x1b[K^~~~~~~~~~~~~~~~~~~~~~~~~~~~~~~~~~~~~\x1b[m\x1b[K\n'}
[1.457586] (eigen_checks) StderrLine: {'line': b'\x1b[01m\x1b[K/home/carbs/hdvio2.0/eigen_checks/test/test_glog-zero.cc:42:7:\x1b[m\x1b[K \x1b[01;36m\x1b[Knote: \x1b[m\x1b[Kin expansion of macro \xe2\x80\x98\x1b[01m\x1b[KCHECK_EIGEN_MATRIX_ZERO\x1b[m\x1b[K\xe2\x80\x99\n'}
[1.457688] (eigen_checks) StderrLine: {'line': b'   42 |       \x1b[01;36m\x1b[KCHECK_EIGEN_MATRIX_ZERO\x1b[m\x1b[K(this->test_matrix_D4, 1e-5));\n'}
[1.457779] (eigen_checks) StderrLine: {'line': b'      |       \x1b[01;36m\x1b[K^~~~~~~~~~~~~~~~~~~~~~~\x1b[m\x1b[K\n'}
[1.457867] (eigen_checks) StderrLine: {'line': b'\x1b[01m\x1b[K/home/carbs/hdvio2.0/eigen_checks/test/test_helper.h:133:16:\x1b[m\x1b[K \x1b[01;36m\x1b[Knote: \x1b[m\x1b[Kto match this \xe2\x80\x98\x1b[01m\x1b[K(\x1b[m\x1b[K\xe2\x80\x99\n'}
[1.457954] (eigen_checks) StderrLine: {'line': b'  133 |   EXPECT_DEATH(\x1b[01;36m\x1b[K(\x1b[m\x1b[KX), "^")  // ^The matrices have a different$\n'}
[1.458040] (eigen_checks) StderrLine: {'line': b'      |                \x1b[01;36m\x1b[K^\x1b[m\x1b[K\n'}
[1.458134] (eigen_checks) StderrLine: {'line': b'\x1b[01m\x1b[K/home/carbs/hdvio2.0/eigen_checks/test/test_glog-zero.cc:41:3:\x1b[m\x1b[K \x1b[01;36m\x1b[Knote: \x1b[m\x1b[Kin expansion of macro \xe2\x80\x98\x1b[01m\x1b[KGLOG_TEST_EXPECT_DEATH_DIFFERENT_SIZE\x1b[m\x1b[K\xe2\x80\x99\n'}
[1.458220] (eigen_checks) StderrLine: {'line': b'   41 |   \x1b[01;36m\x1b[KGLOG_TEST_EXPECT_DEATH_DIFFERENT_SIZE\x1b[m\x1b[K(\n'}
[1.458308] (eigen_checks) StderrLine: {'line': b'      |   \x1b[01;36m\x1b[K^~~~~~~~~~~~~~~~~~~~~~~~~~~~~~~~~~~~~\x1b[m\x1b[K\n'}
[1.458397] (eigen_checks) StderrLine: {'line': b'\x1b[01m\x1b[K/home/carbs/hdvio2.0/eigen_checks/test/test_glog-near.cc:\x1b[m\x1b[K In member function \xe2\x80\x98\x1b[01m\x1b[Kvirtual void EigenChecks_EigenMatrixNearGLog_Vector_NonEqualRandom_Test<gtest_TypeParam_>::TestBody()\x1b[m\x1b[K\xe2\x80\x99:\n'}
[1.458487] (eigen_checks) StderrLine: {'line': b'\x1b[01m\x1b[K/home/carbs/hdvio2.0/eigen_checks/include/eigen-checks/glog.h:42:7:\x1b[m\x1b[K \x1b[01;31m\x1b[Kerror: \x1b[m\x1b[Kexpected primary-expression before \xe2\x80\x98\x1b[01m\x1b[Kresult_71\x1b[m\x1b[K\xe2\x80\x99\n'}
[1.458577] (eigen_checks) StderrLine: {'line': b'   42 |       \x1b[01;31m\x1b[Kresult_\x1b[m\x1b[K, __LINE__) = (X);                                              \\\n'}
[1.458675] (eigen_checks) StderrLine: {'line': b'      |       \x1b[01;31m\x1b[K^~~~~~~\x1b[m\x1b[K\n'}
[1.458766] (eigen_checks) StderrLine: {'line': b'\x1b[01m\x1b[K/home/carbs/hdvio2.0/eigen_checks/test/test_glog-near.cc:71:3:\x1b[m\x1b[K \x1b[01;36m\x1b[Knote: \x1b[m\x1b[Kin expansion of macro \xe2\x80\x98\x1b[01m\x1b[KGLOG_TEST_EXPECT_DEATH_DIFFERENT_DATA\x1b[m\x1b[K\xe2\x80\x99\n'}
[1.458853] (eigen_checks) StderrLine: {'line': b'   71 |   \x1b[01;36m\x1b[KGLOG_TEST_EXPECT_DEATH_DIFFERENT_DATA\x1b[m\x1b[K(CHECK_EIGEN_MATRIX_NEAR(\n'}
[1.458947] (eigen_checks) StderrLine: {'line': b'      |   \x1b[01;36m\x1b[K^~~~~~~~~~~~~~~~~~~~~~~~~~~~~~~~~~~~~\x1b[m\x1b[K\n'}
[1.459030] (eigen_checks) StderrLine: {'line': b'\x1b[01m\x1b[K/home/carbs/hdvio2.0/eigen_checks/include/eigen-checks/glog.h:38:3:\x1b[m\x1b[K \x1b[01;36m\x1b[Knote: \x1b[m\x1b[Kin expansion of macro \xe2\x80\x98\x1b[01m\x1b[KINTERNAL_EIGEN_CHECKS_LOCAL_UNIQUE_VAR\x1b[m\x1b[K\xe2\x80\x99\n'}
[1.459118] (eigen_checks) StderrLine: {'line': b'   38 |   \x1b[01;36m\x1b[KINTERNAL_EIGEN_CHECKS_LOCAL_UNIQUE_VAR\x1b[m\x1b[K(var, line)\n'}
[1.459202] (eigen_checks) StderrLine: {'line': b'      |   \x1b[01;36m\x1b[K^~~~~~~~~~~~~~~~~~~~~~~~~~~~~~~~~~~~~~\x1b[m\x1b[K\n'}
[1.459376] (eigen_checks) StderrLine: {'line': b'\x1b[01m\x1b[K/home/carbs/hdvio2.0/eigen_checks/include/eigen-checks/glog.h:41:30:\x1b[m\x1b[K \x1b[01;36m\x1b[Knote: \x1b[m\x1b[Kin expansion of macro \xe2\x80\x98\x1b[01m\x1b[KINTERNAL_EIGEN_CHECKS_MAKE_VAR\x1b[m\x1b[K\xe2\x80\x99\n'}
[1.459471] (eigen_checks) StderrLine: {'line': b'   41 |   ::testing::AssertionResult \x1b[01;36m\x1b[KINTERNAL_EIGEN_CHECKS_MAKE_VAR\x1b[m\x1b[K(                 \\\n'}
[1.459555] (eigen_checks) StderrLine: {'line': b'      |                              \x1b[01;36m\x1b[K^~~~~~~~~~~~~~~~~~~~~~~~~~~~~~\x1b[m\x1b[K\n'}
[1.459649] (eigen_checks) StderrLine: {'line': b'\x1b[01m\x1b[K/home/carbs/hdvio2.0/eigen_checks/include/eigen-checks/glog.h:63:3:\x1b[m\x1b[K \x1b[01;36m\x1b[Knote: \x1b[m\x1b[Kin expansion of macro \xe2\x80\x98\x1b[01m\x1b[KINTERNAL_EIGEN_CHECKS_MAKE_GLOG_CHECK\x1b[m\x1b[K\xe2\x80\x99\n'}
[1.459749] (eigen_checks) StderrLine: {'line': b'   63 |   \x1b[01;36m\x1b[KINTERNAL_EIGEN_CHECKS_MAKE_GLOG_CHECK\x1b[m\x1b[K(                                     \\\n'}
[1.459835] (eigen_checks) StderrLine: {'line': b'      |   \x1b[01;36m\x1b[K^~~~~~~~~~~~~~~~~~~~~~~~~~~~~~~~~~~~~\x1b[m\x1b[K\n'}
[1.459921] (eigen_checks) StderrLine: {'line': b'\x1b[01m\x1b[K/home/carbs/hdvio2.0/eigen_checks/test/test_glog-near.cc:71:41:\x1b[m\x1b[K \x1b[01;36m\x1b[Knote: \x1b[m\x1b[Kin expansion of macro \xe2\x80\x98\x1b[01m\x1b[KCHECK_EIGEN_MATRIX_NEAR\x1b[m\x1b[K\xe2\x80\x99\n'}
[1.460013] (eigen_checks) StderrLine: {'line': b'   71 |   GLOG_TEST_EXPECT_DEATH_DIFFERENT_DATA(\x1b[01;36m\x1b[KCHECK_EIGEN_MATRIX_NEAR\x1b[m\x1b[K(\n'}
[1.460106] (eigen_checks) StderrLine: {'line': b'      |                                         \x1b[01;36m\x1b[K^~~~~~~~~~~~~~~~~~~~~~~\x1b[m\x1b[K\n'}
[1.460192] (eigen_checks) StderrLine: {'line': b'\x1b[01m\x1b[K/home/carbs/hdvio2.0/eigen_checks/include/eigen-checks/glog.h:42:7:\x1b[m\x1b[K \x1b[01;31m\x1b[Kerror: \x1b[m\x1b[Kexpected \xe2\x80\x98\x1b[01m\x1b[K)\x1b[m\x1b[K\xe2\x80\x99 before \xe2\x80\x98\x1b[01m\x1b[Kresult_71\x1b[m\x1b[K\xe2\x80\x99\n'}
[1.460370] (eigen_checks) StderrLine: {'line': b'   42 |       \x1b[01;31m\x1b[Kresult_\x1b[m\x1b[K, __LINE__) = (X);                                              \\\n'}
[1.460572] (eigen_checks) StderrLine: {'line': b'      |       \x1b[01;31m\x1b[K^~~~~~~\x1b[m\x1b[K\n'}
[1.460677] (eigen_checks) StderrLine: {'line': b'\x1b[01m\x1b[K/home/carbs/hdvio2.0/eigen_checks/test/test_glog-near.cc:71:3:\x1b[m\x1b[K \x1b[01;36m\x1b[Knote: \x1b[m\x1b[Kin expansion of macro \xe2\x80\x98\x1b[01m\x1b[KGLOG_TEST_EXPECT_DEATH_DIFFERENT_DATA\x1b[m\x1b[K\xe2\x80\x99\n'}
[1.460868] (eigen_checks) StderrLine: {'line': b'   71 |   \x1b[01;36m\x1b[KGLOG_TEST_EXPECT_DEATH_DIFFERENT_DATA\x1b[m\x1b[K(CHECK_EIGEN_MATRIX_NEAR(\n'}
[1.460967] (eigen_checks) StderrLine: {'line': b'      |   \x1b[01;36m\x1b[K^~~~~~~~~~~~~~~~~~~~~~~~~~~~~~~~~~~~~\x1b[m\x1b[K\n'}
[1.461056] (eigen_checks) StderrLine: {'line': b'\x1b[01m\x1b[K/home/carbs/hdvio2.0/eigen_checks/include/eigen-checks/glog.h:38:3:\x1b[m\x1b[K \x1b[01;36m\x1b[Knote: \x1b[m\x1b[Kin expansion of macro \xe2\x80\x98\x1b[01m\x1b[KINTERNAL_EIGEN_CHECKS_LOCAL_UNIQUE_VAR\x1b[m\x1b[K\xe2\x80\x99\n'}
[1.461149] (eigen_checks) StderrLine: {'line': b'   38 |   \x1b[01;36m\x1b[KINTERNAL_EIGEN_CHECKS_LOCAL_UNIQUE_VAR\x1b[m\x1b[K(var, line)\n'}
[1.461237] (eigen_checks) StderrLine: {'line': b'      |   \x1b[01;36m\x1b[K^~~~~~~~~~~~~~~~~~~~~~~~~~~~~~~~~~~~~~\x1b[m\x1b[K\n'}
[1.461325] (eigen_checks) StderrLine: {'line': b'\x1b[01m\x1b[K/home/carbs/hdvio2.0/eigen_checks/include/eigen-checks/glog.h:41:30:\x1b[m\x1b[K \x1b[01;36m\x1b[Knote: \x1b[m\x1b[Kin expansion of macro \xe2\x80\x98\x1b[01m\x1b[KINTERNAL_EIGEN_CHECKS_MAKE_VAR\x1b[m\x1b[K\xe2\x80\x99\n'}
[1.461415] (eigen_checks) StderrLine: {'line': b'   41 |   ::testing::AssertionResult \x1b[01;36m\x1b[KINTERNAL_EIGEN_CHECKS_MAKE_VAR\x1b[m\x1b[K(                 \\\n'}
[1.461504] (eigen_checks) StderrLine: {'line': b'      |                              \x1b[01;36m\x1b[K^~~~~~~~~~~~~~~~~~~~~~~~~~~~~~\x1b[m\x1b[K\n'}
[1.461791] (eigen_checks) StderrLine: {'line': b'\x1b[01m\x1b[K/home/carbs/hdvio2.0/eigen_checks/include/eigen-checks/glog.h:63:3:\x1b[m\x1b[K \x1b[01;36m\x1b[Knote: \x1b[m\x1b[Kin expansion of macro \xe2\x80\x98\x1b[01m\x1b[KINTERNAL_EIGEN_CHECKS_MAKE_GLOG_CHECK\x1b[m\x1b[K\xe2\x80\x99\n'}
[1.461893] (eigen_checks) StderrLine: {'line': b'   63 |   \x1b[01;36m\x1b[KINTERNAL_EIGEN_CHECKS_MAKE_GLOG_CHECK\x1b[m\x1b[K(                                     \\\n'}
[1.461984] (eigen_checks) StderrLine: {'line': b'      |   \x1b[01;36m\x1b[K^~~~~~~~~~~~~~~~~~~~~~~~~~~~~~~~~~~~~\x1b[m\x1b[K\n'}
[1.462073] (eigen_checks) StderrLine: {'line': b'\x1b[01m\x1b[K/home/carbs/hdvio2.0/eigen_checks/test/test_glog-near.cc:71:41:\x1b[m\x1b[K \x1b[01;36m\x1b[Knote: \x1b[m\x1b[Kin expansion of macro \xe2\x80\x98\x1b[01m\x1b[KCHECK_EIGEN_MATRIX_NEAR\x1b[m\x1b[K\xe2\x80\x99\n'}
[1.462163] (eigen_checks) StderrLine: {'line': b'   71 |   GLOG_TEST_EXPECT_DEATH_DIFFERENT_DATA(\x1b[01;36m\x1b[KCHECK_EIGEN_MATRIX_NEAR\x1b[m\x1b[K(\n'}
[1.462251] (eigen_checks) StderrLine: {'line': b'      |                                         \x1b[01;36m\x1b[K^~~~~~~~~~~~~~~~~~~~~~~\x1b[m\x1b[K\n'}
[1.462338] (eigen_checks) StderrLine: {'line': b'\x1b[01m\x1b[K/home/carbs/hdvio2.0/eigen_checks/test/test_helper.h:136:16:\x1b[m\x1b[K \x1b[01;36m\x1b[Knote: \x1b[m\x1b[Kto match this \xe2\x80\x98\x1b[01m\x1b[K(\x1b[m\x1b[K\xe2\x80\x99\n'}
[1.462426] (eigen_checks) StderrLine: {'line': b'  136 |   EXPECT_DEATH(\x1b[01;36m\x1b[K(\x1b[m\x1b[KX), "^")  // ^The matrices are different$\n'}
[1.462523] (eigen_checks) StderrLine: {'line': b'      |                \x1b[01;36m\x1b[K^\x1b[m\x1b[K\n'}
[1.462612] (eigen_checks) StderrLine: {'line': b'\x1b[01m\x1b[K/home/carbs/hdvio2.0/eigen_checks/test/test_glog-near.cc:71:3:\x1b[m\x1b[K \x1b[01;36m\x1b[Knote: \x1b[m\x1b[Kin expansion of macro \xe2\x80\x98\x1b[01m\x1b[KGLOG_TEST_EXPECT_DEATH_DIFFERENT_DATA\x1b[m\x1b[K\xe2\x80\x99\n'}
[1.462717] (eigen_checks) StderrLine: {'line': b'   71 |   \x1b[01;36m\x1b[KGLOG_TEST_EXPECT_DEATH_DIFFERENT_DATA\x1b[m\x1b[K(CHECK_EIGEN_MATRIX_NEAR(\n'}
[1.462820] (eigen_checks) StderrLine: {'line': b'      |   \x1b[01;36m\x1b[K^~~~~~~~~~~~~~~~~~~~~~~~~~~~~~~~~~~~~\x1b[m\x1b[K\n'}
[1.462913] (eigen_checks) StderrLine: {'line': b'In file included from \x1b[01m\x1b[K/opt/ros/humble/src/gtest_vendor/include/gtest/gtest.h:62\x1b[m\x1b[K,\n'}
[1.463000] (eigen_checks) StderrLine: {'line': b'                 from \x1b[01m\x1b[K/home/carbs/hdvio2.0/eigen_checks/include/eigen-checks/entrypoint.h:29\x1b[m\x1b[K,\n'}
[1.463091] (eigen_checks) StderrLine: {'line': b'                 from \x1b[01m\x1b[K/home/carbs/hdvio2.0/eigen_checks/test/test_glog-equal-double.cc:25\x1b[m\x1b[K:\n'}
[1.463178] (eigen_checks) StderrLine: {'line': b'\x1b[01m\x1b[K/home/carbs/hdvio2.0/eigen_checks/test/test_glog-equal-double.cc:\x1b[m\x1b[K In member function \xe2\x80\x98\x1b[01m\x1b[Kvirtual void EigenChecks_EigenMatrixEqualDoubleGLog_Matrix_NonEqualRandom_Test<gtest_TypeParam_>::TestBody()\x1b[m\x1b[K\xe2\x80\x99:\n'}
[1.463267] (eigen_checks) StderrLine: {'line': b'\x1b[01m\x1b[K/home/carbs/hdvio2.0/eigen_checks/include/eigen-checks/glog.h:42:7:\x1b[m\x1b[K \x1b[01;31m\x1b[Kerror: \x1b[m\x1b[Kexpected primary-expression before \xe2\x80\x98\x1b[01m\x1b[Kresult_38\x1b[m\x1b[K\xe2\x80\x99\n'}
[1.463360] (eigen_checks) StderrLine: {'line': b'   42 |       \x1b[01;31m\x1b[Kresult_\x1b[m\x1b[K, __LINE__) = (X);                                              \\\n'}
[1.463446] (eigen_checks) StderrLine: {'line': b'      |       \x1b[01;31m\x1b[K^~~~~~~\x1b[m\x1b[K\n'}
[1.463532] (eigen_checks) StderrLine: {'line': b'\x1b[01m\x1b[K/home/carbs/hdvio2.0/eigen_checks/test/test_glog-equal-double.cc:37:3:\x1b[m\x1b[K \x1b[01;36m\x1b[Knote: \x1b[m\x1b[Kin expansion of macro \xe2\x80\x98\x1b[01m\x1b[KGLOG_TEST_EXPECT_DEATH_DIFFERENT_DATA\x1b[m\x1b[K\xe2\x80\x99\n'}
[1.463625] (eigen_checks) StderrLine: {'line': b'   37 |   \x1b[01;36m\x1b[KGLOG_TEST_EXPECT_DEATH_DIFFERENT_DATA\x1b[m\x1b[K(\n'}
[1.463726] (eigen_checks) StderrLine: {'line': b'      |   \x1b[01;36m\x1b[K^~~~~~~~~~~~~~~~~~~~~~~~~~~~~~~~~~~~~\x1b[m\x1b[K\n'}
[1.463817] (eigen_checks) StderrLine: {'line': b'\x1b[01m\x1b[K/home/carbs/hdvio2.0/eigen_checks/include/eigen-checks/glog.h:38:3:\x1b[m\x1b[K \x1b[01;36m\x1b[Knote: \x1b[m\x1b[Kin expansion of macro \xe2\x80\x98\x1b[01m\x1b[KINTERNAL_EIGEN_CHECKS_LOCAL_UNIQUE_VAR\x1b[m\x1b[K\xe2\x80\x99\n'}
[1.463908] (eigen_checks) StderrLine: {'line': b'   38 |   \x1b[01;36m\x1b[KINTERNAL_EIGEN_CHECKS_LOCAL_UNIQUE_VAR\x1b[m\x1b[K(var, line)\n'}
[1.463999] (eigen_checks) StderrLine: {'line': b'      |   \x1b[01;36m\x1b[K^~~~~~~~~~~~~~~~~~~~~~~~~~~~~~~~~~~~~~\x1b[m\x1b[K\n'}
[1.464085] (eigen_checks) StderrLine: {'line': b'\x1b[01m\x1b[K/home/carbs/hdvio2.0/eigen_checks/include/eigen-checks/glog.h:41:30:\x1b[m\x1b[K \x1b[01;36m\x1b[Knote: \x1b[m\x1b[Kin expansion of macro \xe2\x80\x98\x1b[01m\x1b[KINTERNAL_EIGEN_CHECKS_MAKE_VAR\x1b[m\x1b[K\xe2\x80\x99\n'}
[1.464174] (eigen_checks) StderrLine: {'line': b'   41 |   ::testing::AssertionResult \x1b[01;36m\x1b[KINTERNAL_EIGEN_CHECKS_MAKE_VAR\x1b[m\x1b[K(                 \\\n'}
[1.464267] (eigen_checks) StderrLine: {'line': b'      |                              \x1b[01;36m\x1b[K^~~~~~~~~~~~~~~~~~~~~~~~~~~~~~\x1b[m\x1b[K\n'}
[1.464369] (eigen_checks) StderrLine: {'line': b'\x1b[01m\x1b[K/home/carbs/hdvio2.0/eigen_checks/include/eigen-checks/glog.h:54:3:\x1b[m\x1b[K \x1b[01;36m\x1b[Knote: \x1b[m\x1b[Kin expansion of macro \xe2\x80\x98\x1b[01m\x1b[KINTERNAL_EIGEN_CHECKS_MAKE_GLOG_CHECK\x1b[m\x1b[K\xe2\x80\x99\n'}
[1.464471] (eigen_checks) StderrLine: {'line': b'   54 |   \x1b[01;36m\x1b[KINTERNAL_EIGEN_CHECKS_MAKE_GLOG_CHECK\x1b[m\x1b[K(                                     \\\n'}
[1.464554] (eigen_checks) StderrLine: {'line': b'      |   \x1b[01;36m\x1b[K^~~~~~~~~~~~~~~~~~~~~~~~~~~~~~~~~~~~~\x1b[m\x1b[K\n'}
[1.464652] (eigen_checks) StderrLine: {'line': b'\x1b[01m\x1b[K/home/carbs/hdvio2.0/eigen_checks/test/test_glog-equal-double.cc:38:7:\x1b[m\x1b[K \x1b[01;36m\x1b[Knote: \x1b[m\x1b[Kin expansion of macro \xe2\x80\x98\x1b[01m\x1b[KCHECK_EIGEN_MATRIX_EQUAL_DOUBLE\x1b[m\x1b[K\xe2\x80\x99\n'}
[1.464755] (eigen_checks) StderrLine: {'line': b'   38 |       \x1b[01;36m\x1b[KCHECK_EIGEN_MATRIX_EQUAL_DOUBLE\x1b[m\x1b[K(this->ground_truth_matrix_54,\n'}
[1.464842] (eigen_checks) StderrLine: {'line': b'      |       \x1b[01;36m\x1b[K^~~~~~~~~~~~~~~~~~~~~~~~~~~~~~~\x1b[m\x1b[K\n'}
[1.464928] (eigen_checks) StderrLine: {'line': b'\x1b[01m\x1b[K/home/carbs/hdvio2.0/eigen_checks/include/eigen-checks/glog.h:42:7:\x1b[m\x1b[K \x1b[01;31m\x1b[Kerror: \x1b[m\x1b[Kexpected \xe2\x80\x98\x1b[01m\x1b[K)\x1b[m\x1b[K\xe2\x80\x99 before \xe2\x80\x98\x1b[01m\x1b[Kresult_38\x1b[m\x1b[K\xe2\x80\x99\n'}
[1.465015] (eigen_checks) StderrLine: {'line': b'   42 |       \x1b[01;31m\x1b[Kresult_\x1b[m\x1b[K, __LINE__) = (X);                                              \\\n'}
[1.465105] (eigen_checks) StderrLine: {'line': b'      |       \x1b[01;31m\x1b[K^~~~~~~\x1b[m\x1b[K\n'}
[1.465193] (eigen_checks) StderrLine: {'line': b'\x1b[01m\x1b[K/home/carbs/hdvio2.0/eigen_checks/test/test_glog-equal-double.cc:37:3:\x1b[m\x1b[K \x1b[01;36m\x1b[Knote: \x1b[m\x1b[Kin expansion of macro \xe2\x80\x98\x1b[01m\x1b[KGLOG_TEST_EXPECT_DEATH_DIFFERENT_DATA\x1b[m\x1b[K\xe2\x80\x99\n'}
[1.465283] (eigen_checks) StderrLine: {'line': b'   37 |   \x1b[01;36m\x1b[KGLOG_TEST_EXPECT_DEATH_DIFFERENT_DATA\x1b[m\x1b[K(\n'}
[1.465371] (eigen_checks) StderrLine: {'line': b'      |   \x1b[01;36m\x1b[K^~~~~~~~~~~~~~~~~~~~~~~~~~~~~~~~~~~~~\x1b[m\x1b[K\n'}
[1.465454] (eigen_checks) StderrLine: {'line': b'\x1b[01m\x1b[K/home/carbs/hdvio2.0/eigen_checks/include/eigen-checks/glog.h:38:3:\x1b[m\x1b[K \x1b[01;36m\x1b[Knote: \x1b[m\x1b[Kin expansion of macro \xe2\x80\x98\x1b[01m\x1b[KINTERNAL_EIGEN_CHECKS_LOCAL_UNIQUE_VAR\x1b[m\x1b[K\xe2\x80\x99\n'}
[1.465536] (eigen_checks) StderrLine: {'line': b'   38 |   \x1b[01;36m\x1b[KINTERNAL_EIGEN_CHECKS_LOCAL_UNIQUE_VAR\x1b[m\x1b[K(var, line)\n'}
[1.465626] (eigen_checks) StderrLine: {'line': b'      |   \x1b[01;36m\x1b[K^~~~~~~~~~~~~~~~~~~~~~~~~~~~~~~~~~~~~~\x1b[m\x1b[K\n'}
[1.465731] (eigen_checks) StderrLine: {'line': b'\x1b[01m\x1b[K/home/carbs/hdvio2.0/eigen_checks/include/eigen-checks/glog.h:41:30:\x1b[m\x1b[K \x1b[01;36m\x1b[Knote: \x1b[m\x1b[Kin expansion of macro \xe2\x80\x98\x1b[01m\x1b[KINTERNAL_EIGEN_CHECKS_MAKE_VAR\x1b[m\x1b[K\xe2\x80\x99\n'}
[1.465824] (eigen_checks) StderrLine: {'line': b'   41 |   ::testing::AssertionResult \x1b[01;36m\x1b[KINTERNAL_EIGEN_CHECKS_MAKE_VAR\x1b[m\x1b[K(                 \\\n'}
[1.465995] (eigen_checks) StderrLine: {'line': b'      |                              \x1b[01;36m\x1b[K^~~~~~~~~~~~~~~~~~~~~~~~~~~~~~\x1b[m\x1b[K\n'}
[1.466084] (eigen_checks) StderrLine: {'line': b'\x1b[01m\x1b[K/home/carbs/hdvio2.0/eigen_checks/include/eigen-checks/glog.h:54:3:\x1b[m\x1b[K \x1b[01;36m\x1b[Knote: \x1b[m\x1b[Kin expansion of macro \xe2\x80\x98\x1b[01m\x1b[KINTERNAL_EIGEN_CHECKS_MAKE_GLOG_CHECK\x1b[m\x1b[K\xe2\x80\x99\n'}
[1.466183] (eigen_checks) StderrLine: {'line': b'   54 |   \x1b[01;36m\x1b[KINTERNAL_EIGEN_CHECKS_MAKE_GLOG_CHECK\x1b[m\x1b[K(                                     \\\n'}
[1.466273] (eigen_checks) StderrLine: {'line': b'      |   \x1b[01;36m\x1b[K^~~~~~~~~~~~~~~~~~~~~~~~~~~~~~~~~~~~~\x1b[m\x1b[K\n'}
[1.466360] (eigen_checks) StderrLine: {'line': b'\x1b[01m\x1b[K/home/carbs/hdvio2.0/eigen_checks/test/test_glog-equal-double.cc:38:7:\x1b[m\x1b[K \x1b[01;36m\x1b[Knote: \x1b[m\x1b[Kin expansion of macro \xe2\x80\x98\x1b[01m\x1b[KCHECK_EIGEN_MATRIX_EQUAL_DOUBLE\x1b[m\x1b[K\xe2\x80\x99\n'}
[1.466450] (eigen_checks) StderrLine: {'line': b'   38 |       \x1b[01;36m\x1b[KCHECK_EIGEN_MATRIX_EQUAL_DOUBLE\x1b[m\x1b[K(this->ground_truth_matrix_54,\n'}
[1.466544] (eigen_checks) StderrLine: {'line': b'      |       \x1b[01;36m\x1b[K^~~~~~~~~~~~~~~~~~~~~~~~~~~~~~~\x1b[m\x1b[K\n'}
[1.466622] (eigen_checks) StderrLine: {'line': b'\x1b[01m\x1b[K/home/carbs/hdvio2.0/eigen_checks/test/test_helper.h:136:16:\x1b[m\x1b[K \x1b[01;36m\x1b[Knote: \x1b[m\x1b[Kto match this \xe2\x80\x98\x1b[01m\x1b[K(\x1b[m\x1b[K\xe2\x80\x99\n'}
[1.466814] (eigen_checks) StderrLine: {'line': b'  136 |   EXPECT_DEATH(\x1b[01;36m\x1b[K(\x1b[m\x1b[KX), "^")  // ^The matrices are different$\n'}
[1.466909] (eigen_checks) StderrLine: {'line': b'      |                \x1b[01;36m\x1b[K^\x1b[m\x1b[K\n'}
[1.466993] (eigen_checks) StderrLine: {'line': b'\x1b[01m\x1b[K/home/carbs/hdvio2.0/eigen_checks/test/test_glog-equal-double.cc:37:3:\x1b[m\x1b[K \x1b[01;36m\x1b[Knote: \x1b[m\x1b[Kin expansion of macro \xe2\x80\x98\x1b[01m\x1b[KGLOG_TEST_EXPECT_DEATH_DIFFERENT_DATA\x1b[m\x1b[K\xe2\x80\x99\n'}
[1.467076] (eigen_checks) StderrLine: {'line': b'   37 |   \x1b[01;36m\x1b[KGLOG_TEST_EXPECT_DEATH_DIFFERENT_DATA\x1b[m\x1b[K(\n'}
[1.467165] (eigen_checks) StderrLine: {'line': b'      |   \x1b[01;36m\x1b[K^~~~~~~~~~~~~~~~~~~~~~~~~~~~~~~~~~~~~\x1b[m\x1b[K\n'}
[1.467344] (eigen_checks) StderrLine: {'line': b'\x1b[01m\x1b[K/home/carbs/hdvio2.0/eigen_checks/include/eigen-checks/glog.h:43:58:\x1b[m\x1b[K \x1b[01;31m\x1b[Kerror: \x1b[m\x1b[K\xe2\x80\x98\x1b[01m\x1b[Kresult_42\x1b[m\x1b[K\xe2\x80\x99 was not declared in this scope\n'}
[1.467781] (eigen_checks) StderrLine: {'line': b'   43 |   CHECK(static_cast<bool>(INTERNAL_EIGEN_CHECKS_MAKE_VAR(\x1b[01;31m\x1b[Kresult_\x1b[m\x1b[K, __LINE__)))\\\n'}
[1.467886] (eigen_checks) StderrLine: {'line': b'      |                                                          \x1b[01;31m\x1b[K^~~~~~~\x1b[m\x1b[K\n'}
[1.467983] (eigen_checks) StderrLine: {'line': b'\x1b[01m\x1b[K/home/carbs/hdvio2.0/eigen_checks/test/test_glog-zero.cc:41:3:\x1b[m\x1b[K \x1b[01;36m\x1b[Knote: \x1b[m\x1b[Kin expansion of macro \xe2\x80\x98\x1b[01m\x1b[KGLOG_TEST_EXPECT_DEATH_DIFFERENT_SIZE\x1b[m\x1b[K\xe2\x80\x99\n'}
[1.468066] (eigen_checks) StderrLine: {'line': b'   41 |   \x1b[01;36m\x1b[KGLOG_TEST_EXPECT_DEATH_DIFFERENT_SIZE\x1b[m\x1b[K(\n'}
[1.468151] (eigen_checks) StderrLine: {'line': b'      |   \x1b[01;36m\x1b[K^~~~~~~~~~~~~~~~~~~~~~~~~~~~~~~~~~~~~\x1b[m\x1b[K\n'}
[1.468232] (eigen_checks) StderrLine: {'line': b'\x1b[01m\x1b[K/home/carbs/hdvio2.0/eigen_checks/include/eigen-checks/glog.h:38:3:\x1b[m\x1b[K \x1b[01;36m\x1b[Knote: \x1b[m\x1b[Kin expansion of macro \xe2\x80\x98\x1b[01m\x1b[KINTERNAL_EIGEN_CHECKS_LOCAL_UNIQUE_VAR\x1b[m\x1b[K\xe2\x80\x99\n'}
[1.468330] (eigen_checks) StderrLine: {'line': b'   38 |   \x1b[01;36m\x1b[KINTERNAL_EIGEN_CHECKS_LOCAL_UNIQUE_VAR\x1b[m\x1b[K(var, line)\n'}
[1.468422] (eigen_checks) StderrLine: {'line': b'      |   \x1b[01;36m\x1b[K^~~~~~~~~~~~~~~~~~~~~~~~~~~~~~~~~~~~~~\x1b[m\x1b[K\n'}
[1.468512] (eigen_checks) StderrLine: {'line': b'\x1b[01m\x1b[K/home/carbs/hdvio2.0/eigen_checks/include/eigen-checks/glog.h:43:27:\x1b[m\x1b[K \x1b[01;36m\x1b[Knote: \x1b[m\x1b[Kin expansion of macro \xe2\x80\x98\x1b[01m\x1b[KINTERNAL_EIGEN_CHECKS_MAKE_VAR\x1b[m\x1b[K\xe2\x80\x99\n'}
[1.468600] (eigen_checks) StderrLine: {'line': b'   43 |   CHECK(static_cast<bool>(\x1b[01;36m\x1b[KINTERNAL_EIGEN_CHECKS_MAKE_VAR\x1b[m\x1b[K(result_, __LINE__)))\\\n'}
[1.468696] (eigen_checks) StderrLine: {'line': b'      |                           \x1b[01;36m\x1b[K^~~~~~~~~~~~~~~~~~~~~~~~~~~~~~\x1b[m\x1b[K\n'}
[1.468779] (eigen_checks) StderrLine: {'line': b'\x1b[01m\x1b[K/home/carbs/hdvio2.0/eigen_checks/include/eigen-checks/glog.h:68:3:\x1b[m\x1b[K \x1b[01;36m\x1b[Knote: \x1b[m\x1b[Kin expansion of macro \xe2\x80\x98\x1b[01m\x1b[KINTERNAL_EIGEN_CHECKS_MAKE_GLOG_CHECK\x1b[m\x1b[K\xe2\x80\x99\n'}
[1.469083] (eigen_checks) StderrLine: {'line': b'   68 |   \x1b[01;36m\x1b[KINTERNAL_EIGEN_CHECKS_MAKE_GLOG_CHECK\x1b[m\x1b[K(                                     \\\n'}
[1.469183] (eigen_checks) StderrLine: {'line': b'      |   \x1b[01;36m\x1b[K^~~~~~~~~~~~~~~~~~~~~~~~~~~~~~~~~~~~~\x1b[m\x1b[K\n'}
[1.469268] (eigen_checks) StderrLine: {'line': b'\x1b[01m\x1b[K/home/carbs/hdvio2.0/eigen_checks/test/test_glog-zero.cc:42:7:\x1b[m\x1b[K \x1b[01;36m\x1b[Knote: \x1b[m\x1b[Kin expansion of macro \xe2\x80\x98\x1b[01m\x1b[KCHECK_EIGEN_MATRIX_ZERO\x1b[m\x1b[K\xe2\x80\x99\n'}
[1.469355] (eigen_checks) StderrLine: {'line': b'   42 |       \x1b[01;36m\x1b[KCHECK_EIGEN_MATRIX_ZERO\x1b[m\x1b[K(this->test_matrix_D4, 1e-5));\n'}
[1.469441] (eigen_checks) StderrLine: {'line': b'      |       \x1b[01;36m\x1b[K^~~~~~~~~~~~~~~~~~~~~~~\x1b[m\x1b[K\n'}
[1.469528] (eigen_checks) StderrLine: {'line': b'In file included from \x1b[01m\x1b[K/opt/ros/humble/src/gtest_vendor/include/gtest/gtest.h:62\x1b[m\x1b[K,\n'}
[1.469615] (eigen_checks) StderrLine: {'line': b'                 from \x1b[01m\x1b[K/home/carbs/hdvio2.0/eigen_checks/include/eigen-checks/entrypoint.h:29\x1b[m\x1b[K,\n'}
[1.469722] (eigen_checks) StderrLine: {'line': b'                 from \x1b[01m\x1b[K/home/carbs/hdvio2.0/eigen_checks/test/test_glog-zero-sized-types.cc:25\x1b[m\x1b[K:\n'}
[1.469814] (eigen_checks) StderrLine: {'line': b'\x1b[01m\x1b[K/home/carbs/hdvio2.0/eigen_checks/test/test_glog-zero-sized-types.cc:\x1b[m\x1b[K In member function \xe2\x80\x98\x1b[01m\x1b[Kvirtual void EigenChecks_EigenMatrixEqualGlog_Zero_Sized_Dynamic_Matrix_Test::TestBody()\x1b[m\x1b[K\xe2\x80\x99:\n'}
[1.469907] (eigen_checks) StderrLine: {'line': b'\x1b[01m\x1b[K/home/carbs/hdvio2.0/eigen_checks/include/eigen-checks/glog.h:42:7:\x1b[m\x1b[K \x1b[01;31m\x1b[Kerror: \x1b[m\x1b[Kexpected primary-expression before \xe2\x80\x98\x1b[01m\x1b[Kresult_34\x1b[m\x1b[K\xe2\x80\x99\n'}
[1.469996] (eigen_checks) StderrLine: {'line': b'   42 |       \x1b[01;31m\x1b[Kresult_\x1b[m\x1b[K, __LINE__) = (X);                                              \\\n'}
[1.470085] (eigen_checks) StderrLine: {'line': b'      |       \x1b[01;31m\x1b[K^~~~~~~\x1b[m\x1b[K\n'}
[1.470173] (eigen_checks) StderrLine: {'line': b'\x1b[01m\x1b[K/home/carbs/hdvio2.0/eigen_checks/test/test_glog-zero-sized-types.cc:34:3:\x1b[m\x1b[K \x1b[01;36m\x1b[Knote: \x1b[m\x1b[Kin expansion of macro \xe2\x80\x98\x1b[01m\x1b[KGLOG_TEST_EXPECT_DEATH_DIFFERENT_DATA\x1b[m\x1b[K\xe2\x80\x99\n'}
[1.470269] (eigen_checks) StderrLine: {'line': b'   34 |   \x1b[01;36m\x1b[KGLOG_TEST_EXPECT_DEATH_DIFFERENT_DATA\x1b[m\x1b[K(CHECK_EIGEN_MATRIX_NEAR(A, B, 0.01));\n'}
[1.470356] (eigen_checks) StderrLine: {'line': b'      |   \x1b[01;36m\x1b[K^~~~~~~~~~~~~~~~~~~~~~~~~~~~~~~~~~~~~\x1b[m\x1b[K\n'}
[1.470449] (eigen_checks) StderrLine: {'line': b'\x1b[01m\x1b[K/home/carbs/hdvio2.0/eigen_checks/include/eigen-checks/glog.h:38:3:\x1b[m\x1b[K \x1b[01;36m\x1b[Knote: \x1b[m\x1b[Kin expansion of macro \xe2\x80\x98\x1b[01m\x1b[KINTERNAL_EIGEN_CHECKS_LOCAL_UNIQUE_VAR\x1b[m\x1b[K\xe2\x80\x99\n'}
[1.470537] (eigen_checks) StderrLine: {'line': b'   38 |   \x1b[01;36m\x1b[KINTERNAL_EIGEN_CHECKS_LOCAL_UNIQUE_VAR\x1b[m\x1b[K(var, line)\n'}
[1.470621] (eigen_checks) StderrLine: {'line': b'      |   \x1b[01;36m\x1b[K^~~~~~~~~~~~~~~~~~~~~~~~~~~~~~~~~~~~~~\x1b[m\x1b[K\n'}
[1.470724] (eigen_checks) StderrLine: {'line': b'\x1b[01m\x1b[K/home/carbs/hdvio2.0/eigen_checks/include/eigen-checks/glog.h:41:30:\x1b[m\x1b[K \x1b[01;36m\x1b[Knote: \x1b[m\x1b[Kin expansion of macro \xe2\x80\x98\x1b[01m\x1b[KINTERNAL_EIGEN_CHECKS_MAKE_VAR\x1b[m\x1b[K\xe2\x80\x99\n'}
[1.470814] (eigen_checks) StderrLine: {'line': b'   41 |   ::testing::AssertionResult \x1b[01;36m\x1b[KINTERNAL_EIGEN_CHECKS_MAKE_VAR\x1b[m\x1b[K(                 \\\n'}
[1.470904] (eigen_checks) StderrLine: {'line': b'      |                              \x1b[01;36m\x1b[K^~~~~~~~~~~~~~~~~~~~~~~~~~~~~~\x1b[m\x1b[K\n'}
[1.470991] (eigen_checks) StderrLine: {'line': b'\x1b[01m\x1b[K/home/carbs/hdvio2.0/eigen_checks/include/eigen-checks/glog.h:63:3:\x1b[m\x1b[K \x1b[01;36m\x1b[Knote: \x1b[m\x1b[Kin expansion of macro \xe2\x80\x98\x1b[01m\x1b[KINTERNAL_EIGEN_CHECKS_MAKE_GLOG_CHECK\x1b[m\x1b[K\xe2\x80\x99\n'}
[1.471086] (eigen_checks) StderrLine: {'line': b'   63 |   \x1b[01;36m\x1b[KINTERNAL_EIGEN_CHECKS_MAKE_GLOG_CHECK\x1b[m\x1b[K(                                     \\\n'}
[1.471180] (eigen_checks) StderrLine: {'line': b'      |   \x1b[01;36m\x1b[K^~~~~~~~~~~~~~~~~~~~~~~~~~~~~~~~~~~~~\x1b[m\x1b[K\n'}
[1.471271] (eigen_checks) StderrLine: {'line': b'\x1b[01m\x1b[K/home/carbs/hdvio2.0/eigen_checks/test/test_glog-zero-sized-types.cc:34:41:\x1b[m\x1b[K \x1b[01;36m\x1b[Knote: \x1b[m\x1b[Kin expansion of macro \xe2\x80\x98\x1b[01m\x1b[KCHECK_EIGEN_MATRIX_NEAR\x1b[m\x1b[K\xe2\x80\x99\n'}
[1.471368] (eigen_checks) StderrLine: {'line': b'   34 |   GLOG_TEST_EXPECT_DEATH_DIFFERENT_DATA(\x1b[01;36m\x1b[KCHECK_EIGEN_MATRIX_NEAR\x1b[m\x1b[K(A, B, 0.01));\n'}
[1.471460] (eigen_checks) StderrLine: {'line': b'      |                                         \x1b[01;36m\x1b[K^~~~~~~~~~~~~~~~~~~~~~~\x1b[m\x1b[K\n'}
[1.471549] (eigen_checks) StderrLine: {'line': b'\x1b[01m\x1b[K/home/carbs/hdvio2.0/eigen_checks/include/eigen-checks/glog.h:42:7:\x1b[m\x1b[K \x1b[01;31m\x1b[Kerror: \x1b[m\x1b[Kexpected \xe2\x80\x98\x1b[01m\x1b[K)\x1b[m\x1b[K\xe2\x80\x99 before \xe2\x80\x98\x1b[01m\x1b[Kresult_34\x1b[m\x1b[K\xe2\x80\x99\n'}
[1.471630] (eigen_checks) StderrLine: {'line': b'   42 |       \x1b[01;31m\x1b[Kresult_\x1b[m\x1b[K, __LINE__) = (X);                                              \\\n'}
[1.471738] (eigen_checks) StderrLine: {'line': b'      |       \x1b[01;31m\x1b[K^~~~~~~\x1b[m\x1b[K\n'}
[1.471828] (eigen_checks) StderrLine: {'line': b'\x1b[01m\x1b[K/home/carbs/hdvio2.0/eigen_checks/test/test_glog-zero-sized-types.cc:34:3:\x1b[m\x1b[K \x1b[01;36m\x1b[Knote: \x1b[m\x1b[Kin expansion of macro \xe2\x80\x98\x1b[01m\x1b[KGLOG_TEST_EXPECT_DEATH_DIFFERENT_DATA\x1b[m\x1b[K\xe2\x80\x99\n'}
[1.471921] (eigen_checks) StderrLine: {'line': b'   34 |   \x1b[01;36m\x1b[KGLOG_TEST_EXPECT_DEATH_DIFFERENT_DATA\x1b[m\x1b[K(CHECK_EIGEN_MATRIX_NEAR(A, B, 0.01));\n'}
[1.472013] (eigen_checks) StderrLine: {'line': b'      |   \x1b[01;36m\x1b[K^~~~~~~~~~~~~~~~~~~~~~~~~~~~~~~~~~~~~\x1b[m\x1b[K\n'}
[1.472104] (eigen_checks) StderrLine: {'line': b'\x1b[01m\x1b[K/home/carbs/hdvio2.0/eigen_checks/include/eigen-checks/glog.h:38:3:\x1b[m\x1b[K \x1b[01;36m\x1b[Knote: \x1b[m\x1b[Kin expansion of macro \xe2\x80\x98\x1b[01m\x1b[KINTERNAL_EIGEN_CHECKS_LOCAL_UNIQUE_VAR\x1b[m\x1b[K\xe2\x80\x99\n'}
[1.472196] (eigen_checks) StderrLine: {'line': b'   38 |   \x1b[01;36m\x1b[KINTERNAL_EIGEN_CHECKS_LOCAL_UNIQUE_VAR\x1b[m\x1b[K(var, line)\n'}
[1.472279] (eigen_checks) StderrLine: {'line': b'      |   \x1b[01;36m\x1b[K^~~~~~~~~~~~~~~~~~~~~~~~~~~~~~~~~~~~~~\x1b[m\x1b[K\n'}
[1.472364] (eigen_checks) StderrLine: {'line': b'\x1b[01m\x1b[K/home/carbs/hdvio2.0/eigen_checks/include/eigen-checks/glog.h:41:30:\x1b[m\x1b[K \x1b[01;36m\x1b[Knote: \x1b[m\x1b[Kin expansion of macro \xe2\x80\x98\x1b[01m\x1b[KINTERNAL_EIGEN_CHECKS_MAKE_VAR\x1b[m\x1b[K\xe2\x80\x99\n'}
[1.472457] (eigen_checks) StderrLine: {'line': b'   41 |   ::testing::AssertionResult \x1b[01;36m\x1b[KINTERNAL_EIGEN_CHECKS_MAKE_VAR\x1b[m\x1b[K(                 \\\n'}
[1.472545] (eigen_checks) StderrLine: {'line': b'      |                              \x1b[01;36m\x1b[K^~~~~~~~~~~~~~~~~~~~~~~~~~~~~~\x1b[m\x1b[K\n'}
[1.472635] (eigen_checks) StderrLine: {'line': b'\x1b[01m\x1b[K/home/carbs/hdvio2.0/eigen_checks/include/eigen-checks/glog.h:63:3:\x1b[m\x1b[K \x1b[01;36m\x1b[Knote: \x1b[m\x1b[Kin expansion of macro \xe2\x80\x98\x1b[01m\x1b[KINTERNAL_EIGEN_CHECKS_MAKE_GLOG_CHECK\x1b[m\x1b[K\xe2\x80\x99\n'}
[1.472834] (eigen_checks) StderrLine: {'line': b'   63 |   \x1b[01;36m\x1b[KINTERNAL_EIGEN_CHECKS_MAKE_GLOG_CHECK\x1b[m\x1b[K(                                     \\\n'}
[1.472930] (eigen_checks) StderrLine: {'line': b'      |   \x1b[01;36m\x1b[K^~~~~~~~~~~~~~~~~~~~~~~~~~~~~~~~~~~~~\x1b[m\x1b[K\n'}
[1.473094] (eigen_checks) StderrLine: {'line': b'\x1b[01m\x1b[K/home/carbs/hdvio2.0/eigen_checks/test/test_glog-zero-sized-types.cc:34:41:\x1b[m\x1b[K \x1b[01;36m\x1b[Knote: \x1b[m\x1b[Kin expansion of macro \xe2\x80\x98\x1b[01m\x1b[KCHECK_EIGEN_MATRIX_NEAR\x1b[m\x1b[K\xe2\x80\x99\n'}
[1.473196] (eigen_checks) StderrLine: {'line': b'   34 |   GLOG_TEST_EXPECT_DEATH_DIFFERENT_DATA(\x1b[01;36m\x1b[KCHECK_EIGEN_MATRIX_NEAR\x1b[m\x1b[K(A, B, 0.01));\n'}
[1.473280] (eigen_checks) StderrLine: {'line': b'      |                                         \x1b[01;36m\x1b[K^~~~~~~~~~~~~~~~~~~~~~~\x1b[m\x1b[K\n'}
[1.473370] (eigen_checks) StderrLine: {'line': b'\x1b[01m\x1b[K/home/carbs/hdvio2.0/eigen_checks/test/test_helper.h:136:16:\x1b[m\x1b[K \x1b[01;36m\x1b[Knote: \x1b[m\x1b[Kto match this \xe2\x80\x98\x1b[01m\x1b[K(\x1b[m\x1b[K\xe2\x80\x99\n'}
[1.473462] (eigen_checks) StderrLine: {'line': b'  136 |   EXPECT_DEATH(\x1b[01;36m\x1b[K(\x1b[m\x1b[KX), "^")  // ^The matrices are different$\n'}
[1.473552] (eigen_checks) StderrLine: {'line': b'      |                \x1b[01;36m\x1b[K^\x1b[m\x1b[K\n'}
[1.473650] (eigen_checks) StderrLine: {'line': b'\x1b[01m\x1b[K/home/carbs/hdvio2.0/eigen_checks/test/test_glog-zero-sized-types.cc:34:3:\x1b[m\x1b[K \x1b[01;36m\x1b[Knote: \x1b[m\x1b[Kin expansion of macro \xe2\x80\x98\x1b[01m\x1b[KGLOG_TEST_EXPECT_DEATH_DIFFERENT_DATA\x1b[m\x1b[K\xe2\x80\x99\n'}
[1.473748] (eigen_checks) StderrLine: {'line': b'   34 |   \x1b[01;36m\x1b[KGLOG_TEST_EXPECT_DEATH_DIFFERENT_DATA\x1b[m\x1b[K(CHECK_EIGEN_MATRIX_NEAR(A, B, 0.01));\n'}
[1.473838] (eigen_checks) StderrLine: {'line': b'      |   \x1b[01;36m\x1b[K^~~~~~~~~~~~~~~~~~~~~~~~~~~~~~~~~~~~~\x1b[m\x1b[K\n'}
[1.473920] (eigen_checks) StderrLine: {'line': b'\x1b[01m\x1b[K/home/carbs/hdvio2.0/eigen_checks/test/test_glog-zero.cc:\x1b[m\x1b[K In member function \xe2\x80\x98\x1b[01m\x1b[Kvirtual void EigenChecks_EigenMatrixZeroGLog_Matrix_Near5_Test<gtest_TypeParam_>::TestBody()\x1b[m\x1b[K\xe2\x80\x99:\n'}
[1.473992] (eigen_checks) StderrLine: {'line': b'\x1b[01m\x1b[K/home/carbs/hdvio2.0/eigen_checks/include/eigen-checks/glog.h:42:7:\x1b[m\x1b[K \x1b[01;31m\x1b[Kerror: \x1b[m\x1b[Kexpected primary-expression before \xe2\x80\x98\x1b[01m\x1b[Kresult_47\x1b[m\x1b[K\xe2\x80\x99\n'}
[1.474268] (eigen_checks) StderrLine: {'line': b'   42 |       \x1b[01;31m\x1b[Kresult_\x1b[m\x1b[K, __LINE__) = (X);                                              \\\n'}
[1.474350] (eigen_checks) StderrLine: {'line': b'      |       \x1b[01;31m\x1b[K^~~~~~~\x1b[m\x1b[K\n'}
[1.474435] (eigen_checks) StderrLine: {'line': b'\x1b[01m\x1b[K/home/carbs/hdvio2.0/eigen_checks/test/test_glog-zero.cc:46:3:\x1b[m\x1b[K \x1b[01;36m\x1b[Knote: \x1b[m\x1b[Kin expansion of macro \xe2\x80\x98\x1b[01m\x1b[KGLOG_TEST_EXPECT_DEATH_DIFFERENT_DATA\x1b[m\x1b[K\xe2\x80\x99\n'}
[1.474534] (eigen_checks) StderrLine: {'line': b'   46 |   \x1b[01;36m\x1b[KGLOG_TEST_EXPECT_DEATH_DIFFERENT_DATA\x1b[m\x1b[K(\n'}
[1.474627] (eigen_checks) StderrLine: {'line': b'      |   \x1b[01;36m\x1b[K^~~~~~~~~~~~~~~~~~~~~~~~~~~~~~~~~~~~~\x1b[m\x1b[K\n'}
[1.474733] (eigen_checks) StderrLine: {'line': b'\x1b[01m\x1b[K/home/carbs/hdvio2.0/eigen_checks/include/eigen-checks/glog.h:38:3:\x1b[m\x1b[K \x1b[01;36m\x1b[Knote: \x1b[m\x1b[Kin expansion of macro \xe2\x80\x98\x1b[01m\x1b[KINTERNAL_EIGEN_CHECKS_LOCAL_UNIQUE_VAR\x1b[m\x1b[K\xe2\x80\x99\n'}
[1.474825] (eigen_checks) StderrLine: {'line': b'   38 |   \x1b[01;36m\x1b[KINTERNAL_EIGEN_CHECKS_LOCAL_UNIQUE_VAR\x1b[m\x1b[K(var, line)\n'}
[1.474902] (eigen_checks) StderrLine: {'line': b'      |   \x1b[01;36m\x1b[K^~~~~~~~~~~~~~~~~~~~~~~~~~~~~~~~~~~~~~\x1b[m\x1b[K\n'}
[1.474982] (eigen_checks) StderrLine: {'line': b'\x1b[01m\x1b[K/home/carbs/hdvio2.0/eigen_checks/include/eigen-checks/glog.h:41:30:\x1b[m\x1b[K \x1b[01;36m\x1b[Knote: \x1b[m\x1b[Kin expansion of macro \xe2\x80\x98\x1b[01m\x1b[KINTERNAL_EIGEN_CHECKS_MAKE_VAR\x1b[m\x1b[K\xe2\x80\x99\n'}
[1.475068] (eigen_checks) StderrLine: {'line': b'   41 |   ::testing::AssertionResult \x1b[01;36m\x1b[KINTERNAL_EIGEN_CHECKS_MAKE_VAR\x1b[m\x1b[K(                 \\\n'}
[1.475158] (eigen_checks) StderrLine: {'line': b'      |                              \x1b[01;36m\x1b[K^~~~~~~~~~~~~~~~~~~~~~~~~~~~~~\x1b[m\x1b[K\n'}
[1.475251] (eigen_checks) StderrLine: {'line': b'\x1b[01m\x1b[K/home/carbs/hdvio2.0/eigen_checks/include/eigen-checks/glog.h:68:3:\x1b[m\x1b[K \x1b[01;36m\x1b[Knote: \x1b[m\x1b[Kin expansion of macro \xe2\x80\x98\x1b[01m\x1b[KINTERNAL_EIGEN_CHECKS_MAKE_GLOG_CHECK\x1b[m\x1b[K\xe2\x80\x99\n'}
[1.475358] (eigen_checks) StderrLine: {'line': b'   68 |   \x1b[01;36m\x1b[KINTERNAL_EIGEN_CHECKS_MAKE_GLOG_CHECK\x1b[m\x1b[K(                                     \\\n'}
[1.475451] (eigen_checks) StderrLine: {'line': b'      |   \x1b[01;36m\x1b[K^~~~~~~~~~~~~~~~~~~~~~~~~~~~~~~~~~~~~\x1b[m\x1b[K\n'}
[1.475539] (eigen_checks) StderrLine: {'line': b'\x1b[01m\x1b[K/home/carbs/hdvio2.0/eigen_checks/test/test_glog-zero.cc:47:7:\x1b[m\x1b[K \x1b[01;36m\x1b[Knote: \x1b[m\x1b[Kin expansion of macro \xe2\x80\x98\x1b[01m\x1b[KCHECK_EIGEN_MATRIX_ZERO\x1b[m\x1b[K\xe2\x80\x99\n'}
[1.475634] (eigen_checks) StderrLine: {'line': b'   47 |       \x1b[01;36m\x1b[KCHECK_EIGEN_MATRIX_ZERO\x1b[m\x1b[K(this->test_matrix_54_near_e_minus_5, 1e-5));\n'}
[1.475741] (eigen_checks) StderrLine: {'line': b'      |       \x1b[01;36m\x1b[K^~~~~~~~~~~~~~~~~~~~~~~\x1b[m\x1b[K\n'}
[1.475835] (eigen_checks) StderrLine: {'line': b'\x1b[01m\x1b[K/home/carbs/hdvio2.0/eigen_checks/include/eigen-checks/glog.h:42:7:\x1b[m\x1b[K \x1b[01;31m\x1b[Kerror: \x1b[m\x1b[Kexpected \xe2\x80\x98\x1b[01m\x1b[K)\x1b[m\x1b[K\xe2\x80\x99 before \xe2\x80\x98\x1b[01m\x1b[Kresult_47\x1b[m\x1b[K\xe2\x80\x99\n'}
[1.475928] (eigen_checks) StderrLine: {'line': b'   42 |       \x1b[01;31m\x1b[Kresult_\x1b[m\x1b[K, __LINE__) = (X);                                              \\\n'}
[1.476020] (eigen_checks) StderrLine: {'line': b'      |       \x1b[01;31m\x1b[K^~~~~~~\x1b[m\x1b[K\n'}
[1.476102] (eigen_checks) StderrLine: {'line': b'\x1b[01m\x1b[K/home/carbs/hdvio2.0/eigen_checks/test/test_glog-zero.cc:46:3:\x1b[m\x1b[K \x1b[01;36m\x1b[Knote: \x1b[m\x1b[Kin expansion of macro \xe2\x80\x98\x1b[01m\x1b[KGLOG_TEST_EXPECT_DEATH_DIFFERENT_DATA\x1b[m\x1b[K\xe2\x80\x99\n'}
[1.476179] (eigen_checks) StderrLine: {'line': b'   46 |   \x1b[01;36m\x1b[KGLOG_TEST_EXPECT_DEATH_DIFFERENT_DATA\x1b[m\x1b[K(\n'}
[1.476255] (eigen_checks) StderrLine: {'line': b'      |   \x1b[01;36m\x1b[K^~~~~~~~~~~~~~~~~~~~~~~~~~~~~~~~~~~~~\x1b[m\x1b[K\n'}
[1.476343] (eigen_checks) StderrLine: {'line': b'\x1b[01m\x1b[K/home/carbs/hdvio2.0/eigen_checks/include/eigen-checks/glog.h:38:3:\x1b[m\x1b[K \x1b[01;36m\x1b[Knote: \x1b[m\x1b[Kin expansion of macro \xe2\x80\x98\x1b[01m\x1b[KINTERNAL_EIGEN_CHECKS_LOCAL_UNIQUE_VAR\x1b[m\x1b[K\xe2\x80\x99\n'}
[1.476434] (eigen_checks) StderrLine: {'line': b'   38 |   \x1b[01;36m\x1b[KINTERNAL_EIGEN_CHECKS_LOCAL_UNIQUE_VAR\x1b[m\x1b[K(var, line)\n'}
[1.476524] (eigen_checks) StderrLine: {'line': b'      |   \x1b[01;36m\x1b[K^~~~~~~~~~~~~~~~~~~~~~~~~~~~~~~~~~~~~~\x1b[m\x1b[K\n'}
[1.476615] (eigen_checks) StderrLine: {'line': b'\x1b[01m\x1b[K/home/carbs/hdvio2.0/eigen_checks/include/eigen-checks/glog.h:41:30:\x1b[m\x1b[K \x1b[01;36m\x1b[Knote: \x1b[m\x1b[Kin expansion of macro \xe2\x80\x98\x1b[01m\x1b[KINTERNAL_EIGEN_CHECKS_MAKE_VAR\x1b[m\x1b[K\xe2\x80\x99\n'}
[1.476811] (eigen_checks) StderrLine: {'line': b'   41 |   ::testing::AssertionResult \x1b[01;36m\x1b[KINTERNAL_EIGEN_CHECKS_MAKE_VAR\x1b[m\x1b[K(                 \\\n'}
[1.476911] (eigen_checks) StderrLine: {'line': b'      |                              \x1b[01;36m\x1b[K^~~~~~~~~~~~~~~~~~~~~~~~~~~~~~\x1b[m\x1b[K\n'}
[1.477003] (eigen_checks) StderrLine: {'line': b'\x1b[01m\x1b[K/home/carbs/hdvio2.0/eigen_checks/include/eigen-checks/glog.h:68:3:\x1b[m\x1b[K \x1b[01;36m\x1b[Knote: \x1b[m\x1b[Kin expansion of macro \xe2\x80\x98\x1b[01m\x1b[KINTERNAL_EIGEN_CHECKS_MAKE_GLOG_CHECK\x1b[m\x1b[K\xe2\x80\x99\n'}
[1.477096] (eigen_checks) StderrLine: {'line': b'   68 |   \x1b[01;36m\x1b[KINTERNAL_EIGEN_CHECKS_MAKE_GLOG_CHECK\x1b[m\x1b[K(                                     \\\n'}
[1.477194] (eigen_checks) StderrLine: {'line': b'      |   \x1b[01;36m\x1b[K^~~~~~~~~~~~~~~~~~~~~~~~~~~~~~~~~~~~~\x1b[m\x1b[K\n'}
[1.477271] (eigen_checks) StderrLine: {'line': b'\x1b[01m\x1b[K/home/carbs/hdvio2.0/eigen_checks/test/test_glog-zero.cc:47:7:\x1b[m\x1b[K \x1b[01;36m\x1b[Knote: \x1b[m\x1b[Kin expansion of macro \xe2\x80\x98\x1b[01m\x1b[KCHECK_EIGEN_MATRIX_ZERO\x1b[m\x1b[K\xe2\x80\x99\n'}
[1.477358] (eigen_checks) StderrLine: {'line': b'   47 |       \x1b[01;36m\x1b[KCHECK_EIGEN_MATRIX_ZERO\x1b[m\x1b[K(this->test_matrix_54_near_e_minus_5, 1e-5));\n'}
[1.477451] (eigen_checks) StderrLine: {'line': b'      |       \x1b[01;36m\x1b[K^~~~~~~~~~~~~~~~~~~~~~~\x1b[m\x1b[K\n'}
[1.477542] (eigen_checks) StderrLine: {'line': b'\x1b[01m\x1b[K/home/carbs/hdvio2.0/eigen_checks/test/test_helper.h:136:16:\x1b[m\x1b[K \x1b[01;36m\x1b[Knote: \x1b[m\x1b[Kto match this \xe2\x80\x98\x1b[01m\x1b[K(\x1b[m\x1b[K\xe2\x80\x99\n'}
[1.477633] (eigen_checks) StderrLine: {'line': b'  136 |   EXPECT_DEATH(\x1b[01;36m\x1b[K(\x1b[m\x1b[KX), "^")  // ^The matrices are different$\n'}
[1.477747] (eigen_checks) StderrLine: {'line': b'      |                \x1b[01;36m\x1b[K^\x1b[m\x1b[K\n'}
[1.477829] (eigen_checks) StderrLine: {'line': b'\x1b[01m\x1b[K/home/carbs/hdvio2.0/eigen_checks/test/test_glog-zero.cc:46:3:\x1b[m\x1b[K \x1b[01;36m\x1b[Knote: \x1b[m\x1b[Kin expansion of macro \xe2\x80\x98\x1b[01m\x1b[KGLOG_TEST_EXPECT_DEATH_DIFFERENT_DATA\x1b[m\x1b[K\xe2\x80\x99\n'}
[1.477911] (eigen_checks) StderrLine: {'line': b'   46 |   \x1b[01;36m\x1b[KGLOG_TEST_EXPECT_DEATH_DIFFERENT_DATA\x1b[m\x1b[K(\n'}
[1.477996] (eigen_checks) StderrLine: {'line': b'      |   \x1b[01;36m\x1b[K^~~~~~~~~~~~~~~~~~~~~~~~~~~~~~~~~~~~~\x1b[m\x1b[K\n'}
[1.478082] (eigen_checks) StderrLine: {'line': b'\x1b[01m\x1b[K/home/carbs/hdvio2.0/eigen_checks/include/eigen-checks/glog.h:43:58:\x1b[m\x1b[K \x1b[01;31m\x1b[Kerror: \x1b[m\x1b[K\xe2\x80\x98\x1b[01m\x1b[Kresult_71\x1b[m\x1b[K\xe2\x80\x99 was not declared in this scope\n'}
[1.478169] (eigen_checks) StderrLine: {'line': b'   43 |   CHECK(static_cast<bool>(INTERNAL_EIGEN_CHECKS_MAKE_VAR(\x1b[01;31m\x1b[Kresult_\x1b[m\x1b[K, __LINE__)))\\\n'}
[1.478257] (eigen_checks) StderrLine: {'line': b'      |                                                          \x1b[01;31m\x1b[K^~~~~~~\x1b[m\x1b[K\n'}
[1.478341] (eigen_checks) StderrLine: {'line': b'\x1b[01m\x1b[K/home/carbs/hdvio2.0/eigen_checks/test/test_glog-near.cc:71:3:\x1b[m\x1b[K \x1b[01;36m\x1b[Knote: \x1b[m\x1b[Kin expansion of macro \xe2\x80\x98\x1b[01m\x1b[KGLOG_TEST_EXPECT_DEATH_DIFFERENT_DATA\x1b[m\x1b[K\xe2\x80\x99\n'}
[1.478420] (eigen_checks) StderrLine: {'line': b'   71 |   \x1b[01;36m\x1b[KGLOG_TEST_EXPECT_DEATH_DIFFERENT_DATA\x1b[m\x1b[K(CHECK_EIGEN_MATRIX_NEAR(\n'}
[1.478497] (eigen_checks) StderrLine: {'line': b'      |   \x1b[01;36m\x1b[K^~~~~~~~~~~~~~~~~~~~~~~~~~~~~~~~~~~~~\x1b[m\x1b[K\n'}
[1.478583] (eigen_checks) StderrLine: {'line': b'\x1b[01m\x1b[K/home/carbs/hdvio2.0/eigen_checks/include/eigen-checks/glog.h:38:3:\x1b[m\x1b[K \x1b[01;36m\x1b[Knote: \x1b[m\x1b[Kin expansion of macro \xe2\x80\x98\x1b[01m\x1b[KINTERNAL_EIGEN_CHECKS_LOCAL_UNIQUE_VAR\x1b[m\x1b[K\xe2\x80\x99\n'}
[1.478689] (eigen_checks) StderrLine: {'line': b'   38 |   \x1b[01;36m\x1b[KINTERNAL_EIGEN_CHECKS_LOCAL_UNIQUE_VAR\x1b[m\x1b[K(var, line)\n'}
[1.478791] (eigen_checks) StderrLine: {'line': b'      |   \x1b[01;36m\x1b[K^~~~~~~~~~~~~~~~~~~~~~~~~~~~~~~~~~~~~~\x1b[m\x1b[K\n'}
[1.478875] (eigen_checks) StderrLine: {'line': b'\x1b[01m\x1b[K/home/carbs/hdvio2.0/eigen_checks/include/eigen-checks/glog.h:43:27:\x1b[m\x1b[K \x1b[01;36m\x1b[Knote: \x1b[m\x1b[Kin expansion of macro \xe2\x80\x98\x1b[01m\x1b[KINTERNAL_EIGEN_CHECKS_MAKE_VAR\x1b[m\x1b[K\xe2\x80\x99\n'}
[1.478962] (eigen_checks) StderrLine: {'line': b'   43 |   CHECK(static_cast<bool>(\x1b[01;36m\x1b[KINTERNAL_EIGEN_CHECKS_MAKE_VAR\x1b[m\x1b[K(result_, __LINE__)))\\\n'}
[1.479050] (eigen_checks) StderrLine: {'line': b'      |                           \x1b[01;36m\x1b[K^~~~~~~~~~~~~~~~~~~~~~~~~~~~~~\x1b[m\x1b[K\n'}
[1.479136] (eigen_checks) StderrLine: {'line': b'\x1b[01m\x1b[K/home/carbs/hdvio2.0/eigen_checks/include/eigen-checks/glog.h:63:3:\x1b[m\x1b[K \x1b[01;36m\x1b[Knote: \x1b[m\x1b[Kin expansion of macro \xe2\x80\x98\x1b[01m\x1b[KINTERNAL_EIGEN_CHECKS_MAKE_GLOG_CHECK\x1b[m\x1b[K\xe2\x80\x99\n'}
[1.479231] (eigen_checks) StderrLine: {'line': b'   63 |   \x1b[01;36m\x1b[KINTERNAL_EIGEN_CHECKS_MAKE_GLOG_CHECK\x1b[m\x1b[K(                                     \\\n'}
[1.479318] (eigen_checks) StderrLine: {'line': b'      |   \x1b[01;36m\x1b[K^~~~~~~~~~~~~~~~~~~~~~~~~~~~~~~~~~~~~\x1b[m\x1b[K\n'}
[1.479407] (eigen_checks) StderrLine: {'line': b'\x1b[01m\x1b[K/home/carbs/hdvio2.0/eigen_checks/test/test_glog-near.cc:71:41:\x1b[m\x1b[K \x1b[01;36m\x1b[Knote: \x1b[m\x1b[Kin expansion of macro \xe2\x80\x98\x1b[01m\x1b[KCHECK_EIGEN_MATRIX_NEAR\x1b[m\x1b[K\xe2\x80\x99\n'}
[1.479576] (eigen_checks) StderrLine: {'line': b'   71 |   GLOG_TEST_EXPECT_DEATH_DIFFERENT_DATA(\x1b[01;36m\x1b[KCHECK_EIGEN_MATRIX_NEAR\x1b[m\x1b[K(\n'}
[1.479682] (eigen_checks) StderrLine: {'line': b'      |                                         \x1b[01;36m\x1b[K^~~~~~~~~~~~~~~~~~~~~~~\x1b[m\x1b[K\n'}
[1.479777] (eigen_checks) StderrLine: {'line': b'\x1b[01m\x1b[K/home/carbs/hdvio2.0/eigen_checks/test/test_glog-near.cc:\x1b[m\x1b[K In member function \xe2\x80\x98\x1b[01m\x1b[Kvirtual void EigenChecks_EigenMatrixNearGLog_Vector_OtherSize_Test<gtest_TypeParam_>::TestBody()\x1b[m\x1b[K\xe2\x80\x99:\n'}
[1.479866] (eigen_checks) StderrLine: {'line': b'\x1b[01m\x1b[K/home/carbs/hdvio2.0/eigen_checks/include/eigen-checks/glog.h:42:7:\x1b[m\x1b[K \x1b[01;31m\x1b[Kerror: \x1b[m\x1b[Kexpected primary-expression before \xe2\x80\x98\x1b[01m\x1b[Kresult_76\x1b[m\x1b[K\xe2\x80\x99\n'}
[1.479954] (eigen_checks) StderrLine: {'line': b'   42 |       \x1b[01;31m\x1b[Kresult_\x1b[m\x1b[K, __LINE__) = (X);                                              \\\n'}
[1.480041] (eigen_checks) StderrLine: {'line': b'      |       \x1b[01;31m\x1b[K^~~~~~~\x1b[m\x1b[K\n'}
[1.480125] (eigen_checks) StderrLine: {'line': b'\x1b[01m\x1b[K/home/carbs/hdvio2.0/eigen_checks/test/test_glog-near.cc:76:3:\x1b[m\x1b[K \x1b[01;36m\x1b[Knote: \x1b[m\x1b[Kin expansion of macro \xe2\x80\x98\x1b[01m\x1b[KGLOG_TEST_EXPECT_DEATH_DIFFERENT_SIZE\x1b[m\x1b[K\xe2\x80\x99\n'}
[1.480216] (eigen_checks) StderrLine: {'line': b'   76 |   \x1b[01;36m\x1b[KGLOG_TEST_EXPECT_DEATH_DIFFERENT_SIZE\x1b[m\x1b[K(CHECK_EIGEN_MATRIX_NEAR(\n'}
[1.480300] (eigen_checks) StderrLine: {'line': b'      |   \x1b[01;36m\x1b[K^~~~~~~~~~~~~~~~~~~~~~~~~~~~~~~~~~~~~\x1b[m\x1b[K\n'}
[1.480390] (eigen_checks) StderrLine: {'line': b'\x1b[01m\x1b[K/home/carbs/hdvio2.0/eigen_checks/include/eigen-checks/glog.h:38:3:\x1b[m\x1b[K \x1b[01;36m\x1b[Knote: \x1b[m\x1b[Kin expansion of macro \xe2\x80\x98\x1b[01m\x1b[KINTERNAL_EIGEN_CHECKS_LOCAL_UNIQUE_VAR\x1b[m\x1b[K\xe2\x80\x99\n'}
[1.480689] (eigen_checks) StderrLine: {'line': b'   38 |   \x1b[01;36m\x1b[KINTERNAL_EIGEN_CHECKS_LOCAL_UNIQUE_VAR\x1b[m\x1b[K(var, line)\n'}
[1.480784] (eigen_checks) StderrLine: {'line': b'      |   \x1b[01;36m\x1b[K^~~~~~~~~~~~~~~~~~~~~~~~~~~~~~~~~~~~~~\x1b[m\x1b[K\n'}
[1.480869] (eigen_checks) StderrLine: {'line': b'\x1b[01m\x1b[K/home/carbs/hdvio2.0/eigen_checks/include/eigen-checks/glog.h:41:30:\x1b[m\x1b[K \x1b[01;36m\x1b[Knote: \x1b[m\x1b[Kin expansion of macro \xe2\x80\x98\x1b[01m\x1b[KINTERNAL_EIGEN_CHECKS_MAKE_VAR\x1b[m\x1b[K\xe2\x80\x99\n'}
[1.480964] (eigen_checks) StderrLine: {'line': b'   41 |   ::testing::AssertionResult \x1b[01;36m\x1b[KINTERNAL_EIGEN_CHECKS_MAKE_VAR\x1b[m\x1b[K(                 \\\n'}
[1.481049] (eigen_checks) StderrLine: {'line': b'      |                              \x1b[01;36m\x1b[K^~~~~~~~~~~~~~~~~~~~~~~~~~~~~~\x1b[m\x1b[K\n'}
[1.481135] (eigen_checks) StderrLine: {'line': b'\x1b[01m\x1b[K/home/carbs/hdvio2.0/eigen_checks/include/eigen-checks/glog.h:63:3:\x1b[m\x1b[K \x1b[01;36m\x1b[Knote: \x1b[m\x1b[Kin expansion of macro \xe2\x80\x98\x1b[01m\x1b[KINTERNAL_EIGEN_CHECKS_MAKE_GLOG_CHECK\x1b[m\x1b[K\xe2\x80\x99\n'}
[1.481219] (eigen_checks) StderrLine: {'line': b'   63 |   \x1b[01;36m\x1b[KINTERNAL_EIGEN_CHECKS_MAKE_GLOG_CHECK\x1b[m\x1b[K(                                     \\\n'}
[1.481293] (eigen_checks) StderrLine: {'line': b'      |   \x1b[01;36m\x1b[K^~~~~~~~~~~~~~~~~~~~~~~~~~~~~~~~~~~~~\x1b[m\x1b[K\n'}
[1.481369] (eigen_checks) StderrLine: {'line': b'\x1b[01m\x1b[K/home/carbs/hdvio2.0/eigen_checks/test/test_glog-near.cc:76:41:\x1b[m\x1b[K \x1b[01;36m\x1b[Knote: \x1b[m\x1b[Kin expansion of macro \xe2\x80\x98\x1b[01m\x1b[KCHECK_EIGEN_MATRIX_NEAR\x1b[m\x1b[K\xe2\x80\x99\n'}
[1.481438] (eigen_checks) StderrLine: {'line': b'   76 |   GLOG_TEST_EXPECT_DEATH_DIFFERENT_SIZE(\x1b[01;36m\x1b[KCHECK_EIGEN_MATRIX_NEAR\x1b[m\x1b[K(\n'}
[1.481505] (eigen_checks) StderrLine: {'line': b'      |                                         \x1b[01;36m\x1b[K^~~~~~~~~~~~~~~~~~~~~~~\x1b[m\x1b[K\n'}
[1.481578] (eigen_checks) StderrLine: {'line': b'\x1b[01m\x1b[K/home/carbs/hdvio2.0/eigen_checks/include/eigen-checks/glog.h:42:7:\x1b[m\x1b[K \x1b[01;31m\x1b[Kerror: \x1b[m\x1b[Kexpected \xe2\x80\x98\x1b[01m\x1b[K)\x1b[m\x1b[K\xe2\x80\x99 before \xe2\x80\x98\x1b[01m\x1b[Kresult_76\x1b[m\x1b[K\xe2\x80\x99\n'}
[1.481660] (eigen_checks) StderrLine: {'line': b'   42 |       \x1b[01;31m\x1b[Kresult_\x1b[m\x1b[K, __LINE__) = (X);                                              \\\n'}
[1.481758] (eigen_checks) StderrLine: {'line': b'      |       \x1b[01;31m\x1b[K^~~~~~~\x1b[m\x1b[K\n'}
[1.481845] (eigen_checks) StderrLine: {'line': b'\x1b[01m\x1b[K/home/carbs/hdvio2.0/eigen_checks/test/test_glog-near.cc:76:3:\x1b[m\x1b[K \x1b[01;36m\x1b[Knote: \x1b[m\x1b[Kin expansion of macro \xe2\x80\x98\x1b[01m\x1b[KGLOG_TEST_EXPECT_DEATH_DIFFERENT_SIZE\x1b[m\x1b[K\xe2\x80\x99\n'}
[1.481933] (eigen_checks) StderrLine: {'line': b'   76 |   \x1b[01;36m\x1b[KGLOG_TEST_EXPECT_DEATH_DIFFERENT_SIZE\x1b[m\x1b[K(CHECK_EIGEN_MATRIX_NEAR(\n'}
[1.482009] (eigen_checks) StderrLine: {'line': b'      |   \x1b[01;36m\x1b[K^~~~~~~~~~~~~~~~~~~~~~~~~~~~~~~~~~~~~\x1b[m\x1b[K\n'}
[1.482088] (eigen_checks) StderrLine: {'line': b'\x1b[01m\x1b[K/home/carbs/hdvio2.0/eigen_checks/include/eigen-checks/glog.h:38:3:\x1b[m\x1b[K \x1b[01;36m\x1b[Knote: \x1b[m\x1b[Kin expansion of macro \xe2\x80\x98\x1b[01m\x1b[KINTERNAL_EIGEN_CHECKS_LOCAL_UNIQUE_VAR\x1b[m\x1b[K\xe2\x80\x99\n'}
[1.482180] (eigen_checks) StderrLine: {'line': b'   38 |   \x1b[01;36m\x1b[KINTERNAL_EIGEN_CHECKS_LOCAL_UNIQUE_VAR\x1b[m\x1b[K(var, line)\n'}
[1.482266] (eigen_checks) StderrLine: {'line': b'      |   \x1b[01;36m\x1b[K^~~~~~~~~~~~~~~~~~~~~~~~~~~~~~~~~~~~~~\x1b[m\x1b[K\n'}
[1.482350] (eigen_checks) StderrLine: {'line': b'\x1b[01m\x1b[K/home/carbs/hdvio2.0/eigen_checks/include/eigen-checks/glog.h:41:30:\x1b[m\x1b[K \x1b[01;36m\x1b[Knote: \x1b[m\x1b[Kin expansion of macro \xe2\x80\x98\x1b[01m\x1b[KINTERNAL_EIGEN_CHECKS_MAKE_VAR\x1b[m\x1b[K\xe2\x80\x99\n'}
[1.482438] (eigen_checks) StderrLine: {'line': b'   41 |   ::testing::AssertionResult \x1b[01;36m\x1b[KINTERNAL_EIGEN_CHECKS_MAKE_VAR\x1b[m\x1b[K(                 \\\n'}
[1.482521] (eigen_checks) StderrLine: {'line': b'      |                              \x1b[01;36m\x1b[K^~~~~~~~~~~~~~~~~~~~~~~~~~~~~~\x1b[m\x1b[K\n'}
[1.482607] (eigen_checks) StderrLine: {'line': b'\x1b[01m\x1b[K/home/carbs/hdvio2.0/eigen_checks/include/eigen-checks/glog.h:63:3:\x1b[m\x1b[K \x1b[01;36m\x1b[Knote: \x1b[m\x1b[Kin expansion of macro \xe2\x80\x98\x1b[01m\x1b[KINTERNAL_EIGEN_CHECKS_MAKE_GLOG_CHECK\x1b[m\x1b[K\xe2\x80\x99\n'}
[1.482708] (eigen_checks) StderrLine: {'line': b'   63 |   \x1b[01;36m\x1b[KINTERNAL_EIGEN_CHECKS_MAKE_GLOG_CHECK\x1b[m\x1b[K(                                     \\\n'}
[1.482798] (eigen_checks) StderrLine: {'line': b'      |   \x1b[01;36m\x1b[K^~~~~~~~~~~~~~~~~~~~~~~~~~~~~~~~~~~~~\x1b[m\x1b[K\n'}
[1.482882] (eigen_checks) StderrLine: {'line': b'\x1b[01m\x1b[K/home/carbs/hdvio2.0/eigen_checks/test/test_glog-near.cc:76:41:\x1b[m\x1b[K \x1b[01;36m\x1b[Knote: \x1b[m\x1b[Kin expansion of macro \xe2\x80\x98\x1b[01m\x1b[KCHECK_EIGEN_MATRIX_NEAR\x1b[m\x1b[K\xe2\x80\x99\n'}
[1.482969] (eigen_checks) StderrLine: {'line': b'   76 |   GLOG_TEST_EXPECT_DEATH_DIFFERENT_SIZE(\x1b[01;36m\x1b[KCHECK_EIGEN_MATRIX_NEAR\x1b[m\x1b[K(\n'}
[1.483054] (eigen_checks) StderrLine: {'line': b'      |                                         \x1b[01;36m\x1b[K^~~~~~~~~~~~~~~~~~~~~~~\x1b[m\x1b[K\n'}
[1.483148] (eigen_checks) StderrLine: {'line': b'\x1b[01m\x1b[K/home/carbs/hdvio2.0/eigen_checks/test/test_helper.h:133:16:\x1b[m\x1b[K \x1b[01;36m\x1b[Knote: \x1b[m\x1b[Kto match this \xe2\x80\x98\x1b[01m\x1b[K(\x1b[m\x1b[K\xe2\x80\x99\n'}
[1.483232] (eigen_checks) StderrLine: {'line': b'  133 |   EXPECT_DEATH(\x1b[01;36m\x1b[K(\x1b[m\x1b[KX), "^")  // ^The matrices have a different$\n'}
[1.483317] (eigen_checks) StderrLine: {'line': b'      |                \x1b[01;36m\x1b[K^\x1b[m\x1b[K\n'}
[1.483402] (eigen_checks) StderrLine: {'line': b'\x1b[01m\x1b[K/home/carbs/hdvio2.0/eigen_checks/test/test_glog-near.cc:76:3:\x1b[m\x1b[K \x1b[01;36m\x1b[Knote: \x1b[m\x1b[Kin expansion of macro \xe2\x80\x98\x1b[01m\x1b[KGLOG_TEST_EXPECT_DEATH_DIFFERENT_SIZE\x1b[m\x1b[K\xe2\x80\x99\n'}
[1.483487] (eigen_checks) StderrLine: {'line': b'   76 |   \x1b[01;36m\x1b[KGLOG_TEST_EXPECT_DEATH_DIFFERENT_SIZE\x1b[m\x1b[K(CHECK_EIGEN_MATRIX_NEAR(\n'}
[1.483575] (eigen_checks) StderrLine: {'line': b'      |   \x1b[01;36m\x1b[K^~~~~~~~~~~~~~~~~~~~~~~~~~~~~~~~~~~~~\x1b[m\x1b[K\n'}
[1.483674] (eigen_checks) StderrLine: {'line': b'\x1b[01m\x1b[K/home/carbs/hdvio2.0/eigen_checks/include/eigen-checks/glog.h:43:58:\x1b[m\x1b[K \x1b[01;31m\x1b[Kerror: \x1b[m\x1b[K\xe2\x80\x98\x1b[01m\x1b[Kresult_38\x1b[m\x1b[K\xe2\x80\x99 was not declared in this scope\n'}
[1.483774] (eigen_checks) StderrLine: {'line': b'   43 |   CHECK(static_cast<bool>(INTERNAL_EIGEN_CHECKS_MAKE_VAR(\x1b[01;31m\x1b[Kresult_\x1b[m\x1b[K, __LINE__)))\\\n'}
[1.483875] (eigen_checks) StderrLine: {'line': b'      |                                                          \x1b[01;31m\x1b[K^~~~~~~\x1b[m\x1b[K\n'}
[1.483970] (eigen_checks) StderrLine: {'line': b'\x1b[01m\x1b[K/home/carbs/hdvio2.0/eigen_checks/test/test_glog-equal-double.cc:37:3:\x1b[m\x1b[K \x1b[01;36m\x1b[Knote: \x1b[m\x1b[Kin expansion of macro \xe2\x80\x98\x1b[01m\x1b[KGLOG_TEST_EXPECT_DEATH_DIFFERENT_DATA\x1b[m\x1b[K\xe2\x80\x99\n'}
[1.484063] (eigen_checks) StderrLine: {'line': b'   37 |   \x1b[01;36m\x1b[KGLOG_TEST_EXPECT_DEATH_DIFFERENT_DATA\x1b[m\x1b[K(\n'}
[1.484149] (eigen_checks) StderrLine: {'line': b'      |   \x1b[01;36m\x1b[K^~~~~~~~~~~~~~~~~~~~~~~~~~~~~~~~~~~~~\x1b[m\x1b[K\n'}
[1.484233] (eigen_checks) StderrLine: {'line': b'\x1b[01m\x1b[K/home/carbs/hdvio2.0/eigen_checks/include/eigen-checks/glog.h:38:3:\x1b[m\x1b[K \x1b[01;36m\x1b[Knote: \x1b[m\x1b[Kin expansion of macro \xe2\x80\x98\x1b[01m\x1b[KINTERNAL_EIGEN_CHECKS_LOCAL_UNIQUE_VAR\x1b[m\x1b[K\xe2\x80\x99\n'}
[1.484319] (eigen_checks) StderrLine: {'line': b'   38 |   \x1b[01;36m\x1b[KINTERNAL_EIGEN_CHECKS_LOCAL_UNIQUE_VAR\x1b[m\x1b[K(var, line)\n'}
[1.484402] (eigen_checks) StderrLine: {'line': b'      |   \x1b[01;36m\x1b[K^~~~~~~~~~~~~~~~~~~~~~~~~~~~~~~~~~~~~~\x1b[m\x1b[K\n'}
[1.484491] (eigen_checks) StderrLine: {'line': b'\x1b[01m\x1b[K/home/carbs/hdvio2.0/eigen_checks/include/eigen-checks/glog.h:43:27:\x1b[m\x1b[K \x1b[01;36m\x1b[Knote: \x1b[m\x1b[Kin expansion of macro \xe2\x80\x98\x1b[01m\x1b[KINTERNAL_EIGEN_CHECKS_MAKE_VAR\x1b[m\x1b[K\xe2\x80\x99\n'}
[1.484581] (eigen_checks) StderrLine: {'line': b'   43 |   CHECK(static_cast<bool>(\x1b[01;36m\x1b[KINTERNAL_EIGEN_CHECKS_MAKE_VAR\x1b[m\x1b[K(result_, __LINE__)))\\\n'}
[1.484680] (eigen_checks) StderrLine: {'line': b'      |                           \x1b[01;36m\x1b[K^~~~~~~~~~~~~~~~~~~~~~~~~~~~~~\x1b[m\x1b[K\n'}
[1.484777] (eigen_checks) StderrLine: {'line': b'\x1b[01m\x1b[K/home/carbs/hdvio2.0/eigen_checks/include/eigen-checks/glog.h:54:3:\x1b[m\x1b[K \x1b[01;36m\x1b[Knote: \x1b[m\x1b[Kin expansion of macro \xe2\x80\x98\x1b[01m\x1b[KINTERNAL_EIGEN_CHECKS_MAKE_GLOG_CHECK\x1b[m\x1b[K\xe2\x80\x99\n'}
[1.484862] (eigen_checks) StderrLine: {'line': b'   54 |   \x1b[01;36m\x1b[KINTERNAL_EIGEN_CHECKS_MAKE_GLOG_CHECK\x1b[m\x1b[K(                                     \\\n'}
[1.484946] (eigen_checks) StderrLine: {'line': b'      |   \x1b[01;36m\x1b[K^~~~~~~~~~~~~~~~~~~~~~~~~~~~~~~~~~~~~\x1b[m\x1b[K\n'}
[1.485031] (eigen_checks) StderrLine: {'line': b'\x1b[01m\x1b[K/home/carbs/hdvio2.0/eigen_checks/test/test_glog-equal-double.cc:38:7:\x1b[m\x1b[K \x1b[01;36m\x1b[Knote: \x1b[m\x1b[Kin expansion of macro \xe2\x80\x98\x1b[01m\x1b[KCHECK_EIGEN_MATRIX_EQUAL_DOUBLE\x1b[m\x1b[K\xe2\x80\x99\n'}
[1.485126] (eigen_checks) StderrLine: {'line': b'   38 |       \x1b[01;36m\x1b[KCHECK_EIGEN_MATRIX_EQUAL_DOUBLE\x1b[m\x1b[K(this->ground_truth_matrix_54,\n'}
[1.485210] (eigen_checks) StderrLine: {'line': b'      |       \x1b[01;36m\x1b[K^~~~~~~~~~~~~~~~~~~~~~~~~~~~~~~\x1b[m\x1b[K\n'}
[1.485296] (eigen_checks) StderrLine: {'line': b'\x1b[01m\x1b[K/home/carbs/hdvio2.0/eigen_checks/test/test_glog-equal-double.cc:\x1b[m\x1b[K In member function \xe2\x80\x98\x1b[01m\x1b[Kvirtual void EigenChecks_EigenMatrixEqualDoubleGLog_Matrix_OtherSize_Test<gtest_TypeParam_>::TestBody()\x1b[m\x1b[K\xe2\x80\x99:\n'}
[1.485389] (eigen_checks) StderrLine: {'line': b'\x1b[01m\x1b[K/home/carbs/hdvio2.0/eigen_checks/include/eigen-checks/glog.h:42:7:\x1b[m\x1b[K \x1b[01;31m\x1b[Kerror: \x1b[m\x1b[Kexpected primary-expression before \xe2\x80\x98\x1b[01m\x1b[Kresult_44\x1b[m\x1b[K\xe2\x80\x99\n'}
[1.485478] (eigen_checks) StderrLine: {'line': b'   42 |       \x1b[01;31m\x1b[Kresult_\x1b[m\x1b[K, __LINE__) = (X);                                              \\\n'}
[1.485566] (eigen_checks) StderrLine: {'line': b'      |       \x1b[01;31m\x1b[K^~~~~~~\x1b[m\x1b[K\n'}
[1.485661] (eigen_checks) StderrLine: {'line': b'\x1b[01m\x1b[K/home/carbs/hdvio2.0/eigen_checks/test/test_glog-equal-double.cc:43:3:\x1b[m\x1b[K \x1b[01;36m\x1b[Knote: \x1b[m\x1b[Kin expansion of macro \xe2\x80\x98\x1b[01m\x1b[KGLOG_TEST_EXPECT_DEATH_DIFFERENT_SIZE\x1b[m\x1b[K\xe2\x80\x99\n'}
[1.485759] (eigen_checks) StderrLine: {'line': b'   43 |   \x1b[01;36m\x1b[KGLOG_TEST_EXPECT_DEATH_DIFFERENT_SIZE\x1b[m\x1b[K(\n'}
[1.485845] (eigen_checks) StderrLine: {'line': b'      |   \x1b[01;36m\x1b[K^~~~~~~~~~~~~~~~~~~~~~~~~~~~~~~~~~~~~\x1b[m\x1b[K\n'}
[1.485929] (eigen_checks) StderrLine: {'line': b'\x1b[01m\x1b[K/home/carbs/hdvio2.0/eigen_checks/include/eigen-checks/glog.h:38:3:\x1b[m\x1b[K \x1b[01;36m\x1b[Knote: \x1b[m\x1b[Kin expansion of macro \xe2\x80\x98\x1b[01m\x1b[KINTERNAL_EIGEN_CHECKS_LOCAL_UNIQUE_VAR\x1b[m\x1b[K\xe2\x80\x99\n'}
[1.486017] (eigen_checks) StderrLine: {'line': b'   38 |   \x1b[01;36m\x1b[KINTERNAL_EIGEN_CHECKS_LOCAL_UNIQUE_VAR\x1b[m\x1b[K(var, line)\n'}
[1.486204] (eigen_checks) StderrLine: {'line': b'      |   \x1b[01;36m\x1b[K^~~~~~~~~~~~~~~~~~~~~~~~~~~~~~~~~~~~~~\x1b[m\x1b[K\n'}
[1.486293] (eigen_checks) StderrLine: {'line': b'\x1b[01m\x1b[K/home/carbs/hdvio2.0/eigen_checks/include/eigen-checks/glog.h:41:30:\x1b[m\x1b[K \x1b[01;36m\x1b[Knote: \x1b[m\x1b[Kin expansion of macro \xe2\x80\x98\x1b[01m\x1b[KINTERNAL_EIGEN_CHECKS_MAKE_VAR\x1b[m\x1b[K\xe2\x80\x99\n'}
[1.486380] (eigen_checks) StderrLine: {'line': b'   41 |   ::testing::AssertionResult \x1b[01;36m\x1b[KINTERNAL_EIGEN_CHECKS_MAKE_VAR\x1b[m\x1b[K(                 \\\n'}
[1.486467] (eigen_checks) StderrLine: {'line': b'      |                              \x1b[01;36m\x1b[K^~~~~~~~~~~~~~~~~~~~~~~~~~~~~~\x1b[m\x1b[K\n'}
[1.486554] (eigen_checks) StderrLine: {'line': b'\x1b[01m\x1b[K/home/carbs/hdvio2.0/eigen_checks/include/eigen-checks/glog.h:54:3:\x1b[m\x1b[K \x1b[01;36m\x1b[Knote: \x1b[m\x1b[Kin expansion of macro \xe2\x80\x98\x1b[01m\x1b[KINTERNAL_EIGEN_CHECKS_MAKE_GLOG_CHECK\x1b[m\x1b[K\xe2\x80\x99\n'}
[1.486640] (eigen_checks) StderrLine: {'line': b'   54 |   \x1b[01;36m\x1b[KINTERNAL_EIGEN_CHECKS_MAKE_GLOG_CHECK\x1b[m\x1b[K(                                     \\\n'}
[1.486747] (eigen_checks) StderrLine: {'line': b'      |   \x1b[01;36m\x1b[K^~~~~~~~~~~~~~~~~~~~~~~~~~~~~~~~~~~~~\x1b[m\x1b[K\n'}
[1.486833] (eigen_checks) StderrLine: {'line': b'\x1b[01m\x1b[K/home/carbs/hdvio2.0/eigen_checks/test/test_glog-equal-double.cc:44:7:\x1b[m\x1b[K \x1b[01;36m\x1b[Knote: \x1b[m\x1b[Kin expansion of macro \xe2\x80\x98\x1b[01m\x1b[KCHECK_EIGEN_MATRIX_EQUAL_DOUBLE\x1b[m\x1b[K\xe2\x80\x99\n'}
[1.486931] (eigen_checks) StderrLine: {'line': b'   44 |       \x1b[01;36m\x1b[KCHECK_EIGEN_MATRIX_EQUAL_DOUBLE\x1b[m\x1b[K(this->ground_truth_matrix_54,\n'}
[1.487023] (eigen_checks) StderrLine: {'line': b'      |       \x1b[01;36m\x1b[K^~~~~~~~~~~~~~~~~~~~~~~~~~~~~~~\x1b[m\x1b[K\n'}
[1.487117] (eigen_checks) StderrLine: {'line': b'\x1b[01m\x1b[K/home/carbs/hdvio2.0/eigen_checks/include/eigen-checks/glog.h:42:7:\x1b[m\x1b[K \x1b[01;31m\x1b[Kerror: \x1b[m\x1b[Kexpected \xe2\x80\x98\x1b[01m\x1b[K)\x1b[m\x1b[K\xe2\x80\x99 before \xe2\x80\x98\x1b[01m\x1b[Kresult_44\x1b[m\x1b[K\xe2\x80\x99\n'}
[1.487205] (eigen_checks) StderrLine: {'line': b'   42 |       \x1b[01;31m\x1b[Kresult_\x1b[m\x1b[K, __LINE__) = (X);                                              \\\n'}
[1.487285] (eigen_checks) StderrLine: {'line': b'      |       \x1b[01;31m\x1b[K^~~~~~~\x1b[m\x1b[K\n'}
[1.487363] (eigen_checks) StderrLine: {'line': b'\x1b[01m\x1b[K/home/carbs/hdvio2.0/eigen_checks/test/test_glog-equal-double.cc:43:3:\x1b[m\x1b[K \x1b[01;36m\x1b[Knote: \x1b[m\x1b[Kin expansion of macro \xe2\x80\x98\x1b[01m\x1b[KGLOG_TEST_EXPECT_DEATH_DIFFERENT_SIZE\x1b[m\x1b[K\xe2\x80\x99\n'}
[1.487449] (eigen_checks) StderrLine: {'line': b'   43 |   \x1b[01;36m\x1b[KGLOG_TEST_EXPECT_DEATH_DIFFERENT_SIZE\x1b[m\x1b[K(\n'}
[1.487534] (eigen_checks) StderrLine: {'line': b'      |   \x1b[01;36m\x1b[K^~~~~~~~~~~~~~~~~~~~~~~~~~~~~~~~~~~~~\x1b[m\x1b[K\n'}
[1.487618] (eigen_checks) StderrLine: {'line': b'\x1b[01m\x1b[K/home/carbs/hdvio2.0/eigen_checks/include/eigen-checks/glog.h:38:3:\x1b[m\x1b[K \x1b[01;36m\x1b[Knote: \x1b[m\x1b[Kin expansion of macro \xe2\x80\x98\x1b[01m\x1b[KINTERNAL_EIGEN_CHECKS_LOCAL_UNIQUE_VAR\x1b[m\x1b[K\xe2\x80\x99\n'}
[1.487718] (eigen_checks) StderrLine: {'line': b'   38 |   \x1b[01;36m\x1b[KINTERNAL_EIGEN_CHECKS_LOCAL_UNIQUE_VAR\x1b[m\x1b[K(var, line)\n'}
[1.487805] (eigen_checks) StderrLine: {'line': b'      |   \x1b[01;36m\x1b[K^~~~~~~~~~~~~~~~~~~~~~~~~~~~~~~~~~~~~~\x1b[m\x1b[K\n'}
[1.487890] (eigen_checks) StderrLine: {'line': b'\x1b[01m\x1b[K/home/carbs/hdvio2.0/eigen_checks/include/eigen-checks/glog.h:41:30:\x1b[m\x1b[K \x1b[01;36m\x1b[Knote: \x1b[m\x1b[Kin expansion of macro \xe2\x80\x98\x1b[01m\x1b[KINTERNAL_EIGEN_CHECKS_MAKE_VAR\x1b[m\x1b[K\xe2\x80\x99\n'}
[1.487976] (eigen_checks) StderrLine: {'line': b'   41 |   ::testing::AssertionResult \x1b[01;36m\x1b[KINTERNAL_EIGEN_CHECKS_MAKE_VAR\x1b[m\x1b[K(                 \\\n'}
[1.488064] (eigen_checks) StderrLine: {'line': b'      |                              \x1b[01;36m\x1b[K^~~~~~~~~~~~~~~~~~~~~~~~~~~~~~\x1b[m\x1b[K\n'}
[1.488151] (eigen_checks) StderrLine: {'line': b'\x1b[01m\x1b[K/home/carbs/hdvio2.0/eigen_checks/include/eigen-checks/glog.h:54:3:\x1b[m\x1b[K \x1b[01;36m\x1b[Knote: \x1b[m\x1b[Kin expansion of macro \xe2\x80\x98\x1b[01m\x1b[KINTERNAL_EIGEN_CHECKS_MAKE_GLOG_CHECK\x1b[m\x1b[K\xe2\x80\x99\n'}
[1.488240] (eigen_checks) StderrLine: {'line': b'   54 |   \x1b[01;36m\x1b[KINTERNAL_EIGEN_CHECKS_MAKE_GLOG_CHECK\x1b[m\x1b[K(                                     \\\n'}
[1.488325] (eigen_checks) StderrLine: {'line': b'      |   \x1b[01;36m\x1b[K^~~~~~~~~~~~~~~~~~~~~~~~~~~~~~~~~~~~~\x1b[m\x1b[K\n'}
[1.488409] (eigen_checks) StderrLine: {'line': b'\x1b[01m\x1b[K/home/carbs/hdvio2.0/eigen_checks/test/test_glog-equal-double.cc:44:7:\x1b[m\x1b[K \x1b[01;36m\x1b[Knote: \x1b[m\x1b[Kin expansion of macro \xe2\x80\x98\x1b[01m\x1b[KCHECK_EIGEN_MATRIX_EQUAL_DOUBLE\x1b[m\x1b[K\xe2\x80\x99\n'}
[1.488497] (eigen_checks) StderrLine: {'line': b'   44 |       \x1b[01;36m\x1b[KCHECK_EIGEN_MATRIX_EQUAL_DOUBLE\x1b[m\x1b[K(this->ground_truth_matrix_54,\n'}
[1.488585] (eigen_checks) StderrLine: {'line': b'      |       \x1b[01;36m\x1b[K^~~~~~~~~~~~~~~~~~~~~~~~~~~~~~~\x1b[m\x1b[K\n'}
[1.488681] (eigen_checks) StderrLine: {'line': b'\x1b[01m\x1b[K/home/carbs/hdvio2.0/eigen_checks/include/eigen-checks/glog.h:43:58:\x1b[m\x1b[K \x1b[01;31m\x1b[Kerror: \x1b[m\x1b[K\xe2\x80\x98\x1b[01m\x1b[Kresult_47\x1b[m\x1b[K\xe2\x80\x99 was not declared in this scope\n'}
[1.488774] (eigen_checks) StderrLine: {'line': b'   43 |   CHECK(static_cast<bool>(INTERNAL_EIGEN_CHECKS_MAKE_VAR(\x1b[01;31m\x1b[Kresult_\x1b[m\x1b[K, __LINE__)))\\\n'}
[1.488861] (eigen_checks) StderrLine: {'line': b'      |                                                          \x1b[01;31m\x1b[K^~~~~~~\x1b[m\x1b[K\n'}
[1.488954] (eigen_checks) StderrLine: {'line': b'\x1b[01m\x1b[K/home/carbs/hdvio2.0/eigen_checks/test/test_glog-zero.cc:46:3:\x1b[m\x1b[K \x1b[01;36m\x1b[Knote: \x1b[m\x1b[Kin expansion of macro \xe2\x80\x98\x1b[01m\x1b[KGLOG_TEST_EXPECT_DEATH_DIFFERENT_DATA\x1b[m\x1b[K\xe2\x80\x99\n'}
[1.489040] (eigen_checks) StderrLine: {'line': b'   46 |   \x1b[01;36m\x1b[KGLOG_TEST_EXPECT_DEATH_DIFFERENT_DATA\x1b[m\x1b[K(\n'}
[1.489128] (eigen_checks) StderrLine: {'line': b'      |   \x1b[01;36m\x1b[K^~~~~~~~~~~~~~~~~~~~~~~~~~~~~~~~~~~~~\x1b[m\x1b[K\n'}
[1.489214] (eigen_checks) StderrLine: {'line': b'\x1b[01m\x1b[K/home/carbs/hdvio2.0/eigen_checks/include/eigen-checks/glog.h:38:3:\x1b[m\x1b[K \x1b[01;36m\x1b[Knote: \x1b[m\x1b[Kin expansion of macro \xe2\x80\x98\x1b[01m\x1b[KINTERNAL_EIGEN_CHECKS_LOCAL_UNIQUE_VAR\x1b[m\x1b[K\xe2\x80\x99\n'}
[1.489302] (eigen_checks) StderrLine: {'line': b'   38 |   \x1b[01;36m\x1b[KINTERNAL_EIGEN_CHECKS_LOCAL_UNIQUE_VAR\x1b[m\x1b[K(var, line)\n'}
[1.489387] (eigen_checks) StderrLine: {'line': b'      |   \x1b[01;36m\x1b[K^~~~~~~~~~~~~~~~~~~~~~~~~~~~~~~~~~~~~~\x1b[m\x1b[K\n'}
[1.489469] (eigen_checks) StderrLine: {'line': b'\x1b[01m\x1b[K/home/carbs/hdvio2.0/eigen_checks/include/eigen-checks/glog.h:43:27:\x1b[m\x1b[K \x1b[01;36m\x1b[Knote: \x1b[m\x1b[Kin expansion of macro \xe2\x80\x98\x1b[01m\x1b[KINTERNAL_EIGEN_CHECKS_MAKE_VAR\x1b[m\x1b[K\xe2\x80\x99\n'}
[1.489555] (eigen_checks) StderrLine: {'line': b'   43 |   CHECK(static_cast<bool>(\x1b[01;36m\x1b[KINTERNAL_EIGEN_CHECKS_MAKE_VAR\x1b[m\x1b[K(result_, __LINE__)))\\\n'}
[1.489648] (eigen_checks) StderrLine: {'line': b'      |                           \x1b[01;36m\x1b[K^~~~~~~~~~~~~~~~~~~~~~~~~~~~~~\x1b[m\x1b[K\n'}
[1.489743] (eigen_checks) StderrLine: {'line': b'\x1b[01m\x1b[K/home/carbs/hdvio2.0/eigen_checks/include/eigen-checks/glog.h:68:3:\x1b[m\x1b[K \x1b[01;36m\x1b[Knote: \x1b[m\x1b[Kin expansion of macro \xe2\x80\x98\x1b[01m\x1b[KINTERNAL_EIGEN_CHECKS_MAKE_GLOG_CHECK\x1b[m\x1b[K\xe2\x80\x99\n'}
[1.489835] (eigen_checks) StderrLine: {'line': b'   68 |   \x1b[01;36m\x1b[KINTERNAL_EIGEN_CHECKS_MAKE_GLOG_CHECK\x1b[m\x1b[K(                                     \\\n'}
[1.489921] (eigen_checks) StderrLine: {'line': b'      |   \x1b[01;36m\x1b[K^~~~~~~~~~~~~~~~~~~~~~~~~~~~~~~~~~~~~\x1b[m\x1b[K\n'}
[1.490004] (eigen_checks) StderrLine: {'line': b'\x1b[01m\x1b[K/home/carbs/hdvio2.0/eigen_checks/test/test_glog-zero.cc:47:7:\x1b[m\x1b[K \x1b[01;36m\x1b[Knote: \x1b[m\x1b[Kin expansion of macro \xe2\x80\x98\x1b[01m\x1b[KCHECK_EIGEN_MATRIX_ZERO\x1b[m\x1b[K\xe2\x80\x99\n'}
[1.490093] (eigen_checks) StderrLine: {'line': b'   47 |       \x1b[01;36m\x1b[KCHECK_EIGEN_MATRIX_ZERO\x1b[m\x1b[K(this->test_matrix_54_near_e_minus_5, 1e-5));\n'}
[1.490180] (eigen_checks) StderrLine: {'line': b'      |       \x1b[01;36m\x1b[K^~~~~~~~~~~~~~~~~~~~~~~\x1b[m\x1b[K\n'}
[1.490271] (eigen_checks) StderrLine: {'line': b'\x1b[01m\x1b[K/home/carbs/hdvio2.0/eigen_checks/test/test_helper.h:133:16:\x1b[m\x1b[K \x1b[01;36m\x1b[Knote: \x1b[m\x1b[Kto match this \xe2\x80\x98\x1b[01m\x1b[K(\x1b[m\x1b[K\xe2\x80\x99\n'}
[1.490357] (eigen_checks) StderrLine: {'line': b'  133 |   EXPECT_DEATH(\x1b[01;36m\x1b[K(\x1b[m\x1b[KX), "^")  // ^The matrices have a different$\n'}
[1.490444] (eigen_checks) StderrLine: {'line': b'      |                \x1b[01;36m\x1b[K^\x1b[m\x1b[K\n'}
[1.490526] (eigen_checks) StderrLine: {'line': b'\x1b[01m\x1b[K/home/carbs/hdvio2.0/eigen_checks/test/test_glog-equal-double.cc:43:3:\x1b[m\x1b[K \x1b[01;36m\x1b[Knote: \x1b[m\x1b[Kin expansion of macro \xe2\x80\x98\x1b[01m\x1b[KGLOG_TEST_EXPECT_DEATH_DIFFERENT_SIZE\x1b[m\x1b[K\xe2\x80\x99\n'}
[1.490599] (eigen_checks) StderrLine: {'line': b'   43 |   \x1b[01;36m\x1b[KGLOG_TEST_EXPECT_DEATH_DIFFERENT_SIZE\x1b[m\x1b[K(\n'}
[1.490675] (eigen_checks) StderrLine: {'line': b'      |   \x1b[01;36m\x1b[K^~~~~~~~~~~~~~~~~~~~~~~~~~~~~~~~~~~~~\x1b[m\x1b[K\n'}
[1.490761] (eigen_checks) StderrLine: {'line': b'\x1b[01m\x1b[K/home/carbs/hdvio2.0/eigen_checks/include/eigen-checks/glog.h:43:58:\x1b[m\x1b[K \x1b[01;31m\x1b[Kerror: \x1b[m\x1b[K\xe2\x80\x98\x1b[01m\x1b[Kresult_34\x1b[m\x1b[K\xe2\x80\x99 was not declared in this scope\n'}
[1.490845] (eigen_checks) StderrLine: {'line': b'   43 |   CHECK(static_cast<bool>(INTERNAL_EIGEN_CHECKS_MAKE_VAR(\x1b[01;31m\x1b[Kresult_\x1b[m\x1b[K, __LINE__)))\\\n'}
[1.490921] (eigen_checks) StderrLine: {'line': b'      |                                                          \x1b[01;31m\x1b[K^~~~~~~\x1b[m\x1b[K\n'}
[1.491001] (eigen_checks) StderrLine: {'line': b'\x1b[01m\x1b[K/home/carbs/hdvio2.0/eigen_checks/test/test_glog-zero-sized-types.cc:34:3:\x1b[m\x1b[K \x1b[01;36m\x1b[Knote: \x1b[m\x1b[Kin expansion of macro \xe2\x80\x98\x1b[01m\x1b[KGLOG_TEST_EXPECT_DEATH_DIFFERENT_DATA\x1b[m\x1b[K\xe2\x80\x99\n'}
[1.491086] (eigen_checks) StderrLine: {'line': b'   34 |   \x1b[01;36m\x1b[KGLOG_TEST_EXPECT_DEATH_DIFFERENT_DATA\x1b[m\x1b[K(CHECK_EIGEN_MATRIX_NEAR(A, B, 0.01));\n'}
[1.491154] (eigen_checks) StderrLine: {'line': b'      |   \x1b[01;36m\x1b[K^~~~~~~~~~~~~~~~~~~~~~~~~~~~~~~~~~~~~\x1b[m\x1b[K\n'}
[1.491230] (eigen_checks) StderrLine: {'line': b'\x1b[01m\x1b[K/home/carbs/hdvio2.0/eigen_checks/include/eigen-checks/glog.h:38:3:\x1b[m\x1b[K \x1b[01;36m\x1b[Knote: \x1b[m\x1b[Kin expansion of macro \xe2\x80\x98\x1b[01m\x1b[KINTERNAL_EIGEN_CHECKS_LOCAL_UNIQUE_VAR\x1b[m\x1b[K\xe2\x80\x99\n'}
[1.491314] (eigen_checks) StderrLine: {'line': b'   38 |   \x1b[01;36m\x1b[KINTERNAL_EIGEN_CHECKS_LOCAL_UNIQUE_VAR\x1b[m\x1b[K(var, line)\n'}
[1.491408] (eigen_checks) StderrLine: {'line': b'      |   \x1b[01;36m\x1b[K^~~~~~~~~~~~~~~~~~~~~~~~~~~~~~~~~~~~~~\x1b[m\x1b[K\n'}
[1.491494] (eigen_checks) StderrLine: {'line': b'\x1b[01m\x1b[K/home/carbs/hdvio2.0/eigen_checks/include/eigen-checks/glog.h:43:27:\x1b[m\x1b[K \x1b[01;36m\x1b[Knote: \x1b[m\x1b[Kin expansion of macro \xe2\x80\x98\x1b[01m\x1b[KINTERNAL_EIGEN_CHECKS_MAKE_VAR\x1b[m\x1b[K\xe2\x80\x99\n'}
[1.491581] (eigen_checks) StderrLine: {'line': b'   43 |   CHECK(static_cast<bool>(\x1b[01;36m\x1b[KINTERNAL_EIGEN_CHECKS_MAKE_VAR\x1b[m\x1b[K(result_, __LINE__)))\\\n'}
[1.491681] (eigen_checks) StderrLine: {'line': b'      |                           \x1b[01;36m\x1b[K^~~~~~~~~~~~~~~~~~~~~~~~~~~~~~\x1b[m\x1b[K\n'}
[1.491783] (eigen_checks) StderrLine: {'line': b'\x1b[01m\x1b[K/home/carbs/hdvio2.0/eigen_checks/include/eigen-checks/glog.h:63:3:\x1b[m\x1b[K \x1b[01;36m\x1b[Knote: \x1b[m\x1b[Kin expansion of macro \xe2\x80\x98\x1b[01m\x1b[KINTERNAL_EIGEN_CHECKS_MAKE_GLOG_CHECK\x1b[m\x1b[K\xe2\x80\x99\n'}
[1.491874] (eigen_checks) StderrLine: {'line': b'   63 |   \x1b[01;36m\x1b[KINTERNAL_EIGEN_CHECKS_MAKE_GLOG_CHECK\x1b[m\x1b[K(                                     \\\n'}
[1.491958] (eigen_checks) StderrLine: {'line': b'      |   \x1b[01;36m\x1b[K^~~~~~~~~~~~~~~~~~~~~~~~~~~~~~~~~~~~~\x1b[m\x1b[K\n'}
[1.492044] (eigen_checks) StderrLine: {'line': b'\x1b[01m\x1b[K/home/carbs/hdvio2.0/eigen_checks/test/test_glog-zero-sized-types.cc:34:41:\x1b[m\x1b[K \x1b[01;36m\x1b[Knote: \x1b[m\x1b[Kin expansion of macro \xe2\x80\x98\x1b[01m\x1b[KCHECK_EIGEN_MATRIX_NEAR\x1b[m\x1b[K\xe2\x80\x99\n'}
[1.492149] (eigen_checks) StderrLine: {'line': b'   34 |   GLOG_TEST_EXPECT_DEATH_DIFFERENT_DATA(\x1b[01;36m\x1b[KCHECK_EIGEN_MATRIX_NEAR\x1b[m\x1b[K(A, B, 0.01));\n'}
[1.492234] (eigen_checks) StderrLine: {'line': b'      |                                         \x1b[01;36m\x1b[K^~~~~~~~~~~~~~~~~~~~~~~\x1b[m\x1b[K\n'}
[1.492314] (eigen_checks) StderrLine: {'line': b'\x1b[01m\x1b[K/home/carbs/hdvio2.0/eigen_checks/include/eigen-checks/glog.h:43:58:\x1b[m\x1b[K \x1b[01;31m\x1b[Kerror: \x1b[m\x1b[K\xe2\x80\x98\x1b[01m\x1b[Kresult_76\x1b[m\x1b[K\xe2\x80\x99 was not declared in this scope\n'}
[1.492395] (eigen_checks) StderrLine: {'line': b'   43 |   CHECK(static_cast<bool>(INTERNAL_EIGEN_CHECKS_MAKE_VAR(\x1b[01;31m\x1b[Kresult_\x1b[m\x1b[K, __LINE__)))\\\n'}
[1.492473] (eigen_checks) StderrLine: {'line': b'      |                                                          \x1b[01;31m\x1b[K^~~~~~~\x1b[m\x1b[K\n'}
[1.492562] (eigen_checks) StderrLine: {'line': b'\x1b[01m\x1b[K/home/carbs/hdvio2.0/eigen_checks/test/test_glog-near.cc:76:3:\x1b[m\x1b[K \x1b[01;36m\x1b[Knote: \x1b[m\x1b[Kin expansion of macro \xe2\x80\x98\x1b[01m\x1b[KGLOG_TEST_EXPECT_DEATH_DIFFERENT_SIZE\x1b[m\x1b[K\xe2\x80\x99\n'}
[1.492656] (eigen_checks) StderrLine: {'line': b'   76 |   \x1b[01;36m\x1b[KGLOG_TEST_EXPECT_DEATH_DIFFERENT_SIZE\x1b[m\x1b[K(CHECK_EIGEN_MATRIX_NEAR(\n'}
[1.492751] (eigen_checks) StderrLine: {'line': b'      |   \x1b[01;36m\x1b[K^~~~~~~~~~~~~~~~~~~~~~~~~~~~~~~~~~~~~\x1b[m\x1b[K\n'}
[1.492833] (eigen_checks) StderrLine: {'line': b'\x1b[01m\x1b[K/home/carbs/hdvio2.0/eigen_checks/include/eigen-checks/glog.h:38:3:\x1b[m\x1b[K \x1b[01;36m\x1b[Knote: \x1b[m\x1b[Kin expansion of macro \xe2\x80\x98\x1b[01m\x1b[KINTERNAL_EIGEN_CHECKS_LOCAL_UNIQUE_VAR\x1b[m\x1b[K\xe2\x80\x99\n'}
[1.492918] (eigen_checks) StderrLine: {'line': b'   38 |   \x1b[01;36m\x1b[KINTERNAL_EIGEN_CHECKS_LOCAL_UNIQUE_VAR\x1b[m\x1b[K(var, line)\n'}
[1.493003] (eigen_checks) StderrLine: {'line': b'      |   \x1b[01;36m\x1b[K^~~~~~~~~~~~~~~~~~~~~~~~~~~~~~~~~~~~~~\x1b[m\x1b[K\n'}
[1.493084] (eigen_checks) StderrLine: {'line': b'\x1b[01m\x1b[K/home/carbs/hdvio2.0/eigen_checks/include/eigen-checks/glog.h:43:27:\x1b[m\x1b[K \x1b[01;36m\x1b[Knote: \x1b[m\x1b[Kin expansion of macro \xe2\x80\x98\x1b[01m\x1b[KINTERNAL_EIGEN_CHECKS_MAKE_VAR\x1b[m\x1b[K\xe2\x80\x99\n'}
[1.493169] (eigen_checks) StderrLine: {'line': b'   43 |   CHECK(static_cast<bool>(\x1b[01;36m\x1b[KINTERNAL_EIGEN_CHECKS_MAKE_VAR\x1b[m\x1b[K(result_, __LINE__)))\\\n'}
[1.493251] (eigen_checks) StderrLine: {'line': b'      |                           \x1b[01;36m\x1b[K^~~~~~~~~~~~~~~~~~~~~~~~~~~~~~\x1b[m\x1b[K\n'}
[1.493343] (eigen_checks) StderrLine: {'line': b'\x1b[01m\x1b[K/home/carbs/hdvio2.0/eigen_checks/include/eigen-checks/glog.h:63:3:\x1b[m\x1b[K \x1b[01;36m\x1b[Knote: \x1b[m\x1b[Kin expansion of macro \xe2\x80\x98\x1b[01m\x1b[KINTERNAL_EIGEN_CHECKS_MAKE_GLOG_CHECK\x1b[m\x1b[K\xe2\x80\x99\n'}
[1.493434] (eigen_checks) StderrLine: {'line': b'   63 |   \x1b[01;36m\x1b[KINTERNAL_EIGEN_CHECKS_MAKE_GLOG_CHECK\x1b[m\x1b[K(                                     \\\n'}
[1.493518] (eigen_checks) StderrLine: {'line': b'      |   \x1b[01;36m\x1b[K^~~~~~~~~~~~~~~~~~~~~~~~~~~~~~~~~~~~~\x1b[m\x1b[K\n'}
[1.493600] (eigen_checks) StderrLine: {'line': b'\x1b[01m\x1b[K/home/carbs/hdvio2.0/eigen_checks/test/test_glog-near.cc:76:41:\x1b[m\x1b[K \x1b[01;36m\x1b[Knote: \x1b[m\x1b[Kin expansion of macro \xe2\x80\x98\x1b[01m\x1b[KCHECK_EIGEN_MATRIX_NEAR\x1b[m\x1b[K\xe2\x80\x99\n'}
[1.493700] (eigen_checks) StderrLine: {'line': b'   76 |   GLOG_TEST_EXPECT_DEATH_DIFFERENT_SIZE(\x1b[01;36m\x1b[KCHECK_EIGEN_MATRIX_NEAR\x1b[m\x1b[K(\n'}
[1.493793] (eigen_checks) StderrLine: {'line': b'      |                                         \x1b[01;36m\x1b[K^~~~~~~~~~~~~~~~~~~~~~~\x1b[m\x1b[K\n'}
[1.493895] (eigen_checks) StderrLine: {'line': b'\x1b[01m\x1b[K/home/carbs/hdvio2.0/eigen_checks/test/test_glog-zero.cc:\x1b[m\x1b[K In member function \xe2\x80\x98\x1b[01m\x1b[Kvirtual void EigenChecks_EigenMatrixZeroGLog_Vector_NonEqualRandom_Test<gtest_TypeParam_>::TestBody()\x1b[m\x1b[K\xe2\x80\x99:\n'}
[1.493985] (eigen_checks) StderrLine: {'line': b'\x1b[01m\x1b[K/home/carbs/hdvio2.0/eigen_checks/include/eigen-checks/glog.h:42:7:\x1b[m\x1b[K \x1b[01;31m\x1b[Kerror: \x1b[m\x1b[Kexpected primary-expression before \xe2\x80\x98\x1b[01m\x1b[Kresult_57\x1b[m\x1b[K\xe2\x80\x99\n'}
[1.494072] (eigen_checks) StderrLine: {'line': b'   42 |       \x1b[01;31m\x1b[Kresult_\x1b[m\x1b[K, __LINE__) = (X);                                              \\\n'}
[1.494165] (eigen_checks) StderrLine: {'line': b'      |       \x1b[01;31m\x1b[K^~~~~~~\x1b[m\x1b[K\n'}
[1.494247] (eigen_checks) StderrLine: {'line': b'\x1b[01m\x1b[K/home/carbs/hdvio2.0/eigen_checks/test/test_glog-zero.cc:56:3:\x1b[m\x1b[K \x1b[01;36m\x1b[Knote: \x1b[m\x1b[Kin expansion of macro \xe2\x80\x98\x1b[01m\x1b[KGLOG_TEST_EXPECT_DEATH_DIFFERENT_DATA\x1b[m\x1b[K\xe2\x80\x99\n'}
[1.494328] (eigen_checks) StderrLine: {'line': b'   56 |   \x1b[01;36m\x1b[KGLOG_TEST_EXPECT_DEATH_DIFFERENT_DATA\x1b[m\x1b[K(\n'}
[1.494419] (eigen_checks) StderrLine: {'line': b'      |   \x1b[01;36m\x1b[K^~~~~~~~~~~~~~~~~~~~~~~~~~~~~~~~~~~~~\x1b[m\x1b[K\n'}
[1.494503] (eigen_checks) StderrLine: {'line': b'\x1b[01m\x1b[K/home/carbs/hdvio2.0/eigen_checks/include/eigen-checks/glog.h:38:3:\x1b[m\x1b[K \x1b[01;36m\x1b[Knote: \x1b[m\x1b[Kin expansion of macro \xe2\x80\x98\x1b[01m\x1b[KINTERNAL_EIGEN_CHECKS_LOCAL_UNIQUE_VAR\x1b[m\x1b[K\xe2\x80\x99\n'}
[1.494586] (eigen_checks) StderrLine: {'line': b'   38 |   \x1b[01;36m\x1b[KINTERNAL_EIGEN_CHECKS_LOCAL_UNIQUE_VAR\x1b[m\x1b[K(var, line)\n'}
[1.494678] (eigen_checks) StderrLine: {'line': b'      |   \x1b[01;36m\x1b[K^~~~~~~~~~~~~~~~~~~~~~~~~~~~~~~~~~~~~~\x1b[m\x1b[K\n'}
[1.494766] (eigen_checks) StderrLine: {'line': b'\x1b[01m\x1b[K/home/carbs/hdvio2.0/eigen_checks/include/eigen-checks/glog.h:41:30:\x1b[m\x1b[K \x1b[01;36m\x1b[Knote: \x1b[m\x1b[Kin expansion of macro \xe2\x80\x98\x1b[01m\x1b[KINTERNAL_EIGEN_CHECKS_MAKE_VAR\x1b[m\x1b[K\xe2\x80\x99\n'}
[1.494859] (eigen_checks) StderrLine: {'line': b'   41 |   ::testing::AssertionResult \x1b[01;36m\x1b[KINTERNAL_EIGEN_CHECKS_MAKE_VAR\x1b[m\x1b[K(                 \\\n'}
[1.494941] (eigen_checks) StderrLine: {'line': b'      |                              \x1b[01;36m\x1b[K^~~~~~~~~~~~~~~~~~~~~~~~~~~~~~\x1b[m\x1b[K\n'}
[1.495022] (eigen_checks) StderrLine: {'line': b'\x1b[01m\x1b[K/home/carbs/hdvio2.0/eigen_checks/include/eigen-checks/glog.h:68:3:\x1b[m\x1b[K \x1b[01;36m\x1b[Knote: \x1b[m\x1b[Kin expansion of macro \xe2\x80\x98\x1b[01m\x1b[KINTERNAL_EIGEN_CHECKS_MAKE_GLOG_CHECK\x1b[m\x1b[K\xe2\x80\x99\n'}
[1.495095] (eigen_checks) StderrLine: {'line': b'   68 |   \x1b[01;36m\x1b[KINTERNAL_EIGEN_CHECKS_MAKE_GLOG_CHECK\x1b[m\x1b[K(                                     \\\n'}
[1.495178] (eigen_checks) StderrLine: {'line': b'      |   \x1b[01;36m\x1b[K^~~~~~~~~~~~~~~~~~~~~~~~~~~~~~~~~~~~~\x1b[m\x1b[K\n'}
[1.495261] (eigen_checks) StderrLine: {'line': b'\x1b[01m\x1b[K/home/carbs/hdvio2.0/eigen_checks/test/test_glog-zero.cc:57:7:\x1b[m\x1b[K \x1b[01;36m\x1b[Knote: \x1b[m\x1b[Kin expansion of macro \xe2\x80\x98\x1b[01m\x1b[KCHECK_EIGEN_MATRIX_ZERO\x1b[m\x1b[K\xe2\x80\x99\n'}
[1.495347] (eigen_checks) StderrLine: {'line': b'   57 |       \x1b[01;36m\x1b[KCHECK_EIGEN_MATRIX_ZERO\x1b[m\x1b[K(this->ground_truth_vector_5, 1e-5));\n'}
[1.495430] (eigen_checks) StderrLine: {'line': b'      |       \x1b[01;36m\x1b[K^~~~~~~~~~~~~~~~~~~~~~~\x1b[m\x1b[K\n'}
[1.495516] (eigen_checks) StderrLine: {'line': b'\x1b[01m\x1b[K/home/carbs/hdvio2.0/eigen_checks/include/eigen-checks/glog.h:42:7:\x1b[m\x1b[K \x1b[01;31m\x1b[Kerror: \x1b[m\x1b[Kexpected \xe2\x80\x98\x1b[01m\x1b[K)\x1b[m\x1b[K\xe2\x80\x99 before \xe2\x80\x98\x1b[01m\x1b[Kresult_57\x1b[m\x1b[K\xe2\x80\x99\n'}
[1.495608] (eigen_checks) StderrLine: {'line': b'   42 |       \x1b[01;31m\x1b[Kresult_\x1b[m\x1b[K, __LINE__) = (X);                                              \\\n'}
[1.495709] (eigen_checks) StderrLine: {'line': b'      |       \x1b[01;31m\x1b[K^~~~~~~\x1b[m\x1b[K\n'}
[1.495797] (eigen_checks) StderrLine: {'line': b'\x1b[01m\x1b[K/home/carbs/hdvio2.0/eigen_checks/test/test_glog-zero.cc:56:3:\x1b[m\x1b[K \x1b[01;36m\x1b[Knote: \x1b[m\x1b[Kin expansion of macro \xe2\x80\x98\x1b[01m\x1b[KGLOG_TEST_EXPECT_DEATH_DIFFERENT_DATA\x1b[m\x1b[K\xe2\x80\x99\n'}
[1.495884] (eigen_checks) StderrLine: {'line': b'   56 |   \x1b[01;36m\x1b[KGLOG_TEST_EXPECT_DEATH_DIFFERENT_DATA\x1b[m\x1b[K(\n'}
[1.495969] (eigen_checks) StderrLine: {'line': b'      |   \x1b[01;36m\x1b[K^~~~~~~~~~~~~~~~~~~~~~~~~~~~~~~~~~~~~\x1b[m\x1b[K\n'}
[1.496054] (eigen_checks) StderrLine: {'line': b'\x1b[01m\x1b[K/home/carbs/hdvio2.0/eigen_checks/include/eigen-checks/glog.h:38:3:\x1b[m\x1b[K \x1b[01;36m\x1b[Knote: \x1b[m\x1b[Kin expansion of macro \xe2\x80\x98\x1b[01m\x1b[KINTERNAL_EIGEN_CHECKS_LOCAL_UNIQUE_VAR\x1b[m\x1b[K\xe2\x80\x99\n'}
[1.496140] (eigen_checks) StderrLine: {'line': b'   38 |   \x1b[01;36m\x1b[KINTERNAL_EIGEN_CHECKS_LOCAL_UNIQUE_VAR\x1b[m\x1b[K(var, line)\n'}
[1.496236] (eigen_checks) StderrLine: {'line': b'      |   \x1b[01;36m\x1b[K^~~~~~~~~~~~~~~~~~~~~~~~~~~~~~~~~~~~~~\x1b[m\x1b[K\n'}
[1.496321] (eigen_checks) StderrLine: {'line': b'\x1b[01m\x1b[K/home/carbs/hdvio2.0/eigen_checks/include/eigen-checks/glog.h:41:30:\x1b[m\x1b[K \x1b[01;36m\x1b[Knote: \x1b[m\x1b[Kin expansion of macro \xe2\x80\x98\x1b[01m\x1b[KINTERNAL_EIGEN_CHECKS_MAKE_VAR\x1b[m\x1b[K\xe2\x80\x99\n'}
[1.496399] (eigen_checks) StderrLine: {'line': b'   41 |   ::testing::AssertionResult \x1b[01;36m\x1b[KINTERNAL_EIGEN_CHECKS_MAKE_VAR\x1b[m\x1b[K(                 \\\n'}
[1.496487] (eigen_checks) StderrLine: {'line': b'      |                              \x1b[01;36m\x1b[K^~~~~~~~~~~~~~~~~~~~~~~~~~~~~~\x1b[m\x1b[K\n'}
[1.496570] (eigen_checks) StderrLine: {'line': b'\x1b[01m\x1b[K/home/carbs/hdvio2.0/eigen_checks/include/eigen-checks/glog.h:68:3:\x1b[m\x1b[K \x1b[01;36m\x1b[Knote: \x1b[m\x1b[Kin expansion of macro \xe2\x80\x98\x1b[01m\x1b[KINTERNAL_EIGEN_CHECKS_MAKE_GLOG_CHECK\x1b[m\x1b[K\xe2\x80\x99\n'}
[1.496661] (eigen_checks) StderrLine: {'line': b'   68 |   \x1b[01;36m\x1b[KINTERNAL_EIGEN_CHECKS_MAKE_GLOG_CHECK\x1b[m\x1b[K(                                     \\\n'}
[1.496761] (eigen_checks) StderrLine: {'line': b'      |   \x1b[01;36m\x1b[K^~~~~~~~~~~~~~~~~~~~~~~~~~~~~~~~~~~~~\x1b[m\x1b[K\n'}
[1.496848] (eigen_checks) StderrLine: {'line': b'\x1b[01m\x1b[K/home/carbs/hdvio2.0/eigen_checks/test/test_glog-zero.cc:57:7:\x1b[m\x1b[K \x1b[01;36m\x1b[Knote: \x1b[m\x1b[Kin expansion of macro \xe2\x80\x98\x1b[01m\x1b[KCHECK_EIGEN_MATRIX_ZERO\x1b[m\x1b[K\xe2\x80\x99\n'}
[1.496942] (eigen_checks) StderrLine: {'line': b'   57 |       \x1b[01;36m\x1b[KCHECK_EIGEN_MATRIX_ZERO\x1b[m\x1b[K(this->ground_truth_vector_5, 1e-5));\n'}
[1.497036] (eigen_checks) StderrLine: {'line': b'      |       \x1b[01;36m\x1b[K^~~~~~~~~~~~~~~~~~~~~~~\x1b[m\x1b[K\n'}
[1.497122] (eigen_checks) StderrLine: {'line': b'\x1b[01m\x1b[K/home/carbs/hdvio2.0/eigen_checks/test/test_helper.h:136:16:\x1b[m\x1b[K \x1b[01;36m\x1b[Knote: \x1b[m\x1b[Kto match this \xe2\x80\x98\x1b[01m\x1b[K(\x1b[m\x1b[K\xe2\x80\x99\n'}
[1.497202] (eigen_checks) StderrLine: {'line': b'  136 |   EXPECT_DEATH(\x1b[01;36m\x1b[K(\x1b[m\x1b[KX), "^")  // ^The matrices are different$\n'}
[1.497280] (eigen_checks) StderrLine: {'line': b'      |                \x1b[01;36m\x1b[K^\x1b[m\x1b[K\n'}
[1.497362] (eigen_checks) StderrLine: {'line': b'\x1b[01m\x1b[K/home/carbs/hdvio2.0/eigen_checks/test/test_glog-zero.cc:56:3:\x1b[m\x1b[K \x1b[01;36m\x1b[Knote: \x1b[m\x1b[Kin expansion of macro \xe2\x80\x98\x1b[01m\x1b[KGLOG_TEST_EXPECT_DEATH_DIFFERENT_DATA\x1b[m\x1b[K\xe2\x80\x99\n'}
[1.497449] (eigen_checks) StderrLine: {'line': b'   56 |   \x1b[01;36m\x1b[KGLOG_TEST_EXPECT_DEATH_DIFFERENT_DATA\x1b[m\x1b[K(\n'}
[1.497537] (eigen_checks) StderrLine: {'line': b'      |   \x1b[01;36m\x1b[K^~~~~~~~~~~~~~~~~~~~~~~~~~~~~~~~~~~~~\x1b[m\x1b[K\n'}
[1.497626] (eigen_checks) StderrLine: {'line': b'\x1b[01m\x1b[K/home/carbs/hdvio2.0/eigen_checks/include/eigen-checks/glog.h:43:58:\x1b[m\x1b[K \x1b[01;31m\x1b[Kerror: \x1b[m\x1b[K\xe2\x80\x98\x1b[01m\x1b[Kresult_44\x1b[m\x1b[K\xe2\x80\x99 was not declared in this scope\n'}
[1.497726] (eigen_checks) StderrLine: {'line': b'   43 |   CHECK(static_cast<bool>(INTERNAL_EIGEN_CHECKS_MAKE_VAR(\x1b[01;31m\x1b[Kresult_\x1b[m\x1b[K, __LINE__)))\\\n'}
[1.497812] (eigen_checks) StderrLine: {'line': b'      |                                                          \x1b[01;31m\x1b[K^~~~~~~\x1b[m\x1b[K\n'}
[1.497894] (eigen_checks) StderrLine: {'line': b'\x1b[01m\x1b[K/home/carbs/hdvio2.0/eigen_checks/test/test_glog-equal-double.cc:43:3:\x1b[m\x1b[K \x1b[01;36m\x1b[Knote: \x1b[m\x1b[Kin expansion of macro \xe2\x80\x98\x1b[01m\x1b[KGLOG_TEST_EXPECT_DEATH_DIFFERENT_SIZE\x1b[m\x1b[K\xe2\x80\x99\n'}
[1.497980] (eigen_checks) StderrLine: {'line': b'   43 |   \x1b[01;36m\x1b[KGLOG_TEST_EXPECT_DEATH_DIFFERENT_SIZE\x1b[m\x1b[K(\n'}
[1.498070] (eigen_checks) StderrLine: {'line': b'      |   \x1b[01;36m\x1b[K^~~~~~~~~~~~~~~~~~~~~~~~~~~~~~~~~~~~~\x1b[m\x1b[K\n'}
[1.498159] (eigen_checks) StderrLine: {'line': b'\x1b[01m\x1b[K/home/carbs/hdvio2.0/eigen_checks/include/eigen-checks/glog.h:38:3:\x1b[m\x1b[K \x1b[01;36m\x1b[Knote: \x1b[m\x1b[Kin expansion of macro \xe2\x80\x98\x1b[01m\x1b[KINTERNAL_EIGEN_CHECKS_LOCAL_UNIQUE_VAR\x1b[m\x1b[K\xe2\x80\x99\n'}
[1.498244] (eigen_checks) StderrLine: {'line': b'   38 |   \x1b[01;36m\x1b[KINTERNAL_EIGEN_CHECKS_LOCAL_UNIQUE_VAR\x1b[m\x1b[K(var, line)\n'}
[1.498328] (eigen_checks) StderrLine: {'line': b'      |   \x1b[01;36m\x1b[K^~~~~~~~~~~~~~~~~~~~~~~~~~~~~~~~~~~~~~\x1b[m\x1b[K\n'}
[1.498411] (eigen_checks) StderrLine: {'line': b'\x1b[01m\x1b[K/home/carbs/hdvio2.0/eigen_checks/include/eigen-checks/glog.h:43:27:\x1b[m\x1b[K \x1b[01;36m\x1b[Knote: \x1b[m\x1b[Kin expansion of macro \xe2\x80\x98\x1b[01m\x1b[KINTERNAL_EIGEN_CHECKS_MAKE_VAR\x1b[m\x1b[K\xe2\x80\x99\n'}
[1.498501] (eigen_checks) StderrLine: {'line': b'   43 |   CHECK(static_cast<bool>(\x1b[01;36m\x1b[KINTERNAL_EIGEN_CHECKS_MAKE_VAR\x1b[m\x1b[K(result_, __LINE__)))\\\n'}
[1.498594] (eigen_checks) StderrLine: {'line': b'      |                           \x1b[01;36m\x1b[K^~~~~~~~~~~~~~~~~~~~~~~~~~~~~~\x1b[m\x1b[K\n'}
[1.498693] (eigen_checks) StderrLine: {'line': b'\x1b[01m\x1b[K/home/carbs/hdvio2.0/eigen_checks/include/eigen-checks/glog.h:54:3:\x1b[m\x1b[K \x1b[01;36m\x1b[Knote: \x1b[m\x1b[Kin expansion of macro \xe2\x80\x98\x1b[01m\x1b[KINTERNAL_EIGEN_CHECKS_MAKE_GLOG_CHECK\x1b[m\x1b[K\xe2\x80\x99\n'}
[1.498782] (eigen_checks) StderrLine: {'line': b'   54 |   \x1b[01;36m\x1b[KINTERNAL_EIGEN_CHECKS_MAKE_GLOG_CHECK\x1b[m\x1b[K(                                     \\\n'}
[1.498867] (eigen_checks) StderrLine: {'line': b'      |   \x1b[01;36m\x1b[K^~~~~~~~~~~~~~~~~~~~~~~~~~~~~~~~~~~~~\x1b[m\x1b[K\n'}
[1.498953] (eigen_checks) StderrLine: {'line': b'\x1b[01m\x1b[K/home/carbs/hdvio2.0/eigen_checks/test/test_glog-equal-double.cc:44:7:\x1b[m\x1b[K \x1b[01;36m\x1b[Knote: \x1b[m\x1b[Kin expansion of macro \xe2\x80\x98\x1b[01m\x1b[KCHECK_EIGEN_MATRIX_EQUAL_DOUBLE\x1b[m\x1b[K\xe2\x80\x99\n'}
[1.499036] (eigen_checks) StderrLine: {'line': b'   44 |       \x1b[01;36m\x1b[KCHECK_EIGEN_MATRIX_EQUAL_DOUBLE\x1b[m\x1b[K(this->ground_truth_matrix_54,\n'}
[1.499119] (eigen_checks) StderrLine: {'line': b'      |       \x1b[01;36m\x1b[K^~~~~~~~~~~~~~~~~~~~~~~~~~~~~~~\x1b[m\x1b[K\n'}
[1.499203] (eigen_checks) StderrLine: {'line': b'\x1b[01m\x1b[K/home/carbs/hdvio2.0/eigen_checks/test/test_glog-equal-double.cc:\x1b[m\x1b[K In member function \xe2\x80\x98\x1b[01m\x1b[Kvirtual void EigenChecks_EigenMatrixEqualDoubleGLog_Matrix_Near5_Test<gtest_TypeParam_>::TestBody()\x1b[m\x1b[K\xe2\x80\x99:\n'}
[1.499290] (eigen_checks) StderrLine: {'line': b'\x1b[01m\x1b[K/home/carbs/hdvio2.0/eigen_checks/include/eigen-checks/glog.h:42:7:\x1b[m\x1b[K \x1b[01;31m\x1b[Kerror: \x1b[m\x1b[Kexpected primary-expression before \xe2\x80\x98\x1b[01m\x1b[Kresult_50\x1b[m\x1b[K\xe2\x80\x99\n'}
[1.499376] (eigen_checks) StderrLine: {'line': b'   42 |       \x1b[01;31m\x1b[Kresult_\x1b[m\x1b[K, __LINE__) = (X);                                              \\\n'}
[1.499463] (eigen_checks) StderrLine: {'line': b'      |       \x1b[01;31m\x1b[K^~~~~~~\x1b[m\x1b[K\n'}
[1.499546] (eigen_checks) StderrLine: {'line': b'\x1b[01m\x1b[K/home/carbs/hdvio2.0/eigen_checks/test/test_glog-equal-double.cc:49:3:\x1b[m\x1b[K \x1b[01;36m\x1b[Knote: \x1b[m\x1b[Kin expansion of macro \xe2\x80\x98\x1b[01m\x1b[KGLOG_TEST_EXPECT_DEATH_DIFFERENT_DATA\x1b[m\x1b[K\xe2\x80\x99\n'}
[1.499638] (eigen_checks) StderrLine: {'line': b'   49 |   \x1b[01;36m\x1b[KGLOG_TEST_EXPECT_DEATH_DIFFERENT_DATA\x1b[m\x1b[K(\n'}
[1.499739] (eigen_checks) StderrLine: {'line': b'      |   \x1b[01;36m\x1b[K^~~~~~~~~~~~~~~~~~~~~~~~~~~~~~~~~~~~~\x1b[m\x1b[K\n'}
[1.499825] (eigen_checks) StderrLine: {'line': b'\x1b[01m\x1b[K/home/carbs/hdvio2.0/eigen_checks/include/eigen-checks/glog.h:38:3:\x1b[m\x1b[K \x1b[01;36m\x1b[Knote: \x1b[m\x1b[Kin expansion of macro \xe2\x80\x98\x1b[01m\x1b[KINTERNAL_EIGEN_CHECKS_LOCAL_UNIQUE_VAR\x1b[m\x1b[K\xe2\x80\x99\n'}
[1.499909] (eigen_checks) StderrLine: {'line': b'   38 |   \x1b[01;36m\x1b[KINTERNAL_EIGEN_CHECKS_LOCAL_UNIQUE_VAR\x1b[m\x1b[K(var, line)\n'}
[1.500001] (eigen_checks) StderrLine: {'line': b'      |   \x1b[01;36m\x1b[K^~~~~~~~~~~~~~~~~~~~~~~~~~~~~~~~~~~~~~\x1b[m\x1b[K\n'}
[1.500084] (eigen_checks) StderrLine: {'line': b'\x1b[01m\x1b[K/home/carbs/hdvio2.0/eigen_checks/include/eigen-checks/glog.h:41:30:\x1b[m\x1b[K \x1b[01;36m\x1b[Knote: \x1b[m\x1b[Kin expansion of macro \xe2\x80\x98\x1b[01m\x1b[KINTERNAL_EIGEN_CHECKS_MAKE_VAR\x1b[m\x1b[K\xe2\x80\x99\n'}
[1.500169] (eigen_checks) StderrLine: {'line': b'   41 |   ::testing::AssertionResult \x1b[01;36m\x1b[KINTERNAL_EIGEN_CHECKS_MAKE_VAR\x1b[m\x1b[K(                 \\\n'}
[1.500253] (eigen_checks) StderrLine: {'line': b'      |                              \x1b[01;36m\x1b[K^~~~~~~~~~~~~~~~~~~~~~~~~~~~~~\x1b[m\x1b[K\n'}
[1.500328] (eigen_checks) StderrLine: {'line': b'\x1b[01m\x1b[K/home/carbs/hdvio2.0/eigen_checks/include/eigen-checks/glog.h:54:3:\x1b[m\x1b[K \x1b[01;36m\x1b[Knote: \x1b[m\x1b[Kin expansion of macro \xe2\x80\x98\x1b[01m\x1b[KINTERNAL_EIGEN_CHECKS_MAKE_GLOG_CHECK\x1b[m\x1b[K\xe2\x80\x99\n'}
[1.500413] (eigen_checks) StderrLine: {'line': b'   54 |   \x1b[01;36m\x1b[KINTERNAL_EIGEN_CHECKS_MAKE_GLOG_CHECK\x1b[m\x1b[K(                                     \\\n'}
[1.500500] (eigen_checks) StderrLine: {'line': b'      |   \x1b[01;36m\x1b[K^~~~~~~~~~~~~~~~~~~~~~~~~~~~~~~~~~~~~\x1b[m\x1b[K\n'}
[1.500582] (eigen_checks) StderrLine: {'line': b'\x1b[01m\x1b[K/home/carbs/hdvio2.0/eigen_checks/test/test_glog-equal-double.cc:50:7:\x1b[m\x1b[K \x1b[01;36m\x1b[Knote: \x1b[m\x1b[Kin expansion of macro \xe2\x80\x98\x1b[01m\x1b[KCHECK_EIGEN_MATRIX_EQUAL_DOUBLE\x1b[m\x1b[K\xe2\x80\x99\n'}
[1.500678] (eigen_checks) StderrLine: {'line': b'   50 |       \x1b[01;36m\x1b[KCHECK_EIGEN_MATRIX_EQUAL_DOUBLE\x1b[m\x1b[K(this->ground_truth_matrix_54,\n'}
[1.500755] (eigen_checks) StderrLine: {'line': b'      |       \x1b[01;36m\x1b[K^~~~~~~~~~~~~~~~~~~~~~~~~~~~~~~\x1b[m\x1b[K\n'}
[1.500833] (eigen_checks) StderrLine: {'line': b'\x1b[01m\x1b[K/home/carbs/hdvio2.0/eigen_checks/include/eigen-checks/glog.h:42:7:\x1b[m\x1b[K \x1b[01;31m\x1b[Kerror: \x1b[m\x1b[Kexpected \xe2\x80\x98\x1b[01m\x1b[K)\x1b[m\x1b[K\xe2\x80\x99 before \xe2\x80\x98\x1b[01m\x1b[Kresult_50\x1b[m\x1b[K\xe2\x80\x99\n'}
[1.500919] (eigen_checks) StderrLine: {'line': b'   42 |       \x1b[01;31m\x1b[Kresult_\x1b[m\x1b[K, __LINE__) = (X);                                              \\\n'}
[1.500994] (eigen_checks) StderrLine: {'line': b'      |       \x1b[01;31m\x1b[K^~~~~~~\x1b[m\x1b[K\n'}
[1.501076] (eigen_checks) StderrLine: {'line': b'\x1b[01m\x1b[K/home/carbs/hdvio2.0/eigen_checks/test/test_glog-equal-double.cc:49:3:\x1b[m\x1b[K \x1b[01;36m\x1b[Knote: \x1b[m\x1b[Kin expansion of macro \xe2\x80\x98\x1b[01m\x1b[KGLOG_TEST_EXPECT_DEATH_DIFFERENT_DATA\x1b[m\x1b[K\xe2\x80\x99\n'}
[1.501170] (eigen_checks) StderrLine: {'line': b'   49 |   \x1b[01;36m\x1b[KGLOG_TEST_EXPECT_DEATH_DIFFERENT_DATA\x1b[m\x1b[K(\n'}
[1.501254] (eigen_checks) StderrLine: {'line': b'      |   \x1b[01;36m\x1b[K^~~~~~~~~~~~~~~~~~~~~~~~~~~~~~~~~~~~~\x1b[m\x1b[K\n'}
[1.501338] (eigen_checks) StderrLine: {'line': b'\x1b[01m\x1b[K/home/carbs/hdvio2.0/eigen_checks/include/eigen-checks/glog.h:38:3:\x1b[m\x1b[K \x1b[01;36m\x1b[Knote: \x1b[m\x1b[Kin expansion of macro \xe2\x80\x98\x1b[01m\x1b[KINTERNAL_EIGEN_CHECKS_LOCAL_UNIQUE_VAR\x1b[m\x1b[K\xe2\x80\x99\n'}
[1.501427] (eigen_checks) StderrLine: {'line': b'   38 |   \x1b[01;36m\x1b[KINTERNAL_EIGEN_CHECKS_LOCAL_UNIQUE_VAR\x1b[m\x1b[K(var, line)\n'}
[1.501509] (eigen_checks) StderrLine: {'line': b'      |   \x1b[01;36m\x1b[K^~~~~~~~~~~~~~~~~~~~~~~~~~~~~~~~~~~~~~\x1b[m\x1b[K\n'}
[1.501592] (eigen_checks) StderrLine: {'line': b'\x1b[01m\x1b[K/home/carbs/hdvio2.0/eigen_checks/include/eigen-checks/glog.h:41:30:\x1b[m\x1b[K \x1b[01;36m\x1b[Knote: \x1b[m\x1b[Kin expansion of macro \xe2\x80\x98\x1b[01m\x1b[KINTERNAL_EIGEN_CHECKS_MAKE_VAR\x1b[m\x1b[K\xe2\x80\x99\n'}
[1.501682] (eigen_checks) StderrLine: {'line': b'   41 |   ::testing::AssertionResult \x1b[01;36m\x1b[KINTERNAL_EIGEN_CHECKS_MAKE_VAR\x1b[m\x1b[K(                 \\\n'}
[1.501773] (eigen_checks) StderrLine: {'line': b'      |                              \x1b[01;36m\x1b[K^~~~~~~~~~~~~~~~~~~~~~~~~~~~~~\x1b[m\x1b[K\n'}
[1.501856] (eigen_checks) StderrLine: {'line': b'\x1b[01m\x1b[K/home/carbs/hdvio2.0/eigen_checks/include/eigen-checks/glog.h:54:3:\x1b[m\x1b[K \x1b[01;36m\x1b[Knote: \x1b[m\x1b[Kin expansion of macro \xe2\x80\x98\x1b[01m\x1b[KINTERNAL_EIGEN_CHECKS_MAKE_GLOG_CHECK\x1b[m\x1b[K\xe2\x80\x99\n'}
[1.501942] (eigen_checks) StderrLine: {'line': b'   54 |   \x1b[01;36m\x1b[KINTERNAL_EIGEN_CHECKS_MAKE_GLOG_CHECK\x1b[m\x1b[K(                                     \\\n'}
[1.502026] (eigen_checks) StderrLine: {'line': b'      |   \x1b[01;36m\x1b[K^~~~~~~~~~~~~~~~~~~~~~~~~~~~~~~~~~~~~\x1b[m\x1b[K\n'}
[1.502110] (eigen_checks) StderrLine: {'line': b'\x1b[01m\x1b[K/home/carbs/hdvio2.0/eigen_checks/test/test_glog-equal-double.cc:50:7:\x1b[m\x1b[K \x1b[01;36m\x1b[Knote: \x1b[m\x1b[Kin expansion of macro \xe2\x80\x98\x1b[01m\x1b[KCHECK_EIGEN_MATRIX_EQUAL_DOUBLE\x1b[m\x1b[K\xe2\x80\x99\n'}
[1.502195] (eigen_checks) StderrLine: {'line': b'   50 |       \x1b[01;36m\x1b[KCHECK_EIGEN_MATRIX_EQUAL_DOUBLE\x1b[m\x1b[K(this->ground_truth_matrix_54,\n'}
[1.502279] (eigen_checks) StderrLine: {'line': b'      |       \x1b[01;36m\x1b[K^~~~~~~~~~~~~~~~~~~~~~~~~~~~~~~\x1b[m\x1b[K\n'}
[1.502364] (eigen_checks) StderrLine: {'line': b'\x1b[01m\x1b[K/home/carbs/hdvio2.0/eigen_checks/test/test_helper.h:136:16:\x1b[m\x1b[K \x1b[01;36m\x1b[Knote: \x1b[m\x1b[Kto match this \xe2\x80\x98\x1b[01m\x1b[K(\x1b[m\x1b[K\xe2\x80\x99\n'}
[1.502454] (eigen_checks) StderrLine: {'line': b'  136 |   EXPECT_DEATH(\x1b[01;36m\x1b[K(\x1b[m\x1b[KX), "^")  // ^The matrices are different$\n'}
[1.502536] (eigen_checks) StderrLine: {'line': b'      |                \x1b[01;36m\x1b[K^\x1b[m\x1b[K\n'}
[1.502620] (eigen_checks) StderrLine: {'line': b'\x1b[01m\x1b[K/home/carbs/hdvio2.0/eigen_checks/test/test_glog-equal-double.cc:49:3:\x1b[m\x1b[K \x1b[01;36m\x1b[Knote: \x1b[m\x1b[Kin expansion of macro \xe2\x80\x98\x1b[01m\x1b[KGLOG_TEST_EXPECT_DEATH_DIFFERENT_DATA\x1b[m\x1b[K\xe2\x80\x99\n'}
[1.502723] (eigen_checks) StderrLine: {'line': b'   49 |   \x1b[01;36m\x1b[KGLOG_TEST_EXPECT_DEATH_DIFFERENT_DATA\x1b[m\x1b[K(\n'}
[1.502819] (eigen_checks) StderrLine: {'line': b'      |   \x1b[01;36m\x1b[K^~~~~~~~~~~~~~~~~~~~~~~~~~~~~~~~~~~~~\x1b[m\x1b[K\n'}
[1.502902] (eigen_checks) StderrLine: {'line': b'\x1b[01m\x1b[K/home/carbs/hdvio2.0/eigen_checks/include/eigen-checks/glog.h:43:58:\x1b[m\x1b[K \x1b[01;31m\x1b[Kerror: \x1b[m\x1b[K\xe2\x80\x98\x1b[01m\x1b[Kresult_57\x1b[m\x1b[K\xe2\x80\x99 was not declared in this scope\n'}
[1.502987] (eigen_checks) StderrLine: {'line': b'   43 |   CHECK(static_cast<bool>(INTERNAL_EIGEN_CHECKS_MAKE_VAR(\x1b[01;31m\x1b[Kresult_\x1b[m\x1b[K, __LINE__)))\\\n'}
[1.503071] (eigen_checks) StderrLine: {'line': b'      |                                                          \x1b[01;31m\x1b[K^~~~~~~\x1b[m\x1b[K\n'}
[1.503156] (eigen_checks) StderrLine: {'line': b'\x1b[01m\x1b[K/home/carbs/hdvio2.0/eigen_checks/test/test_glog-zero.cc:56:3:\x1b[m\x1b[K \x1b[01;36m\x1b[Knote: \x1b[m\x1b[Kin expansion of macro \xe2\x80\x98\x1b[01m\x1b[KGLOG_TEST_EXPECT_DEATH_DIFFERENT_DATA\x1b[m\x1b[K\xe2\x80\x99\n'}
[1.503241] (eigen_checks) StderrLine: {'line': b'   56 |   \x1b[01;36m\x1b[KGLOG_TEST_EXPECT_DEATH_DIFFERENT_DATA\x1b[m\x1b[K(\n'}
[1.503330] (eigen_checks) StderrLine: {'line': b'      |   \x1b[01;36m\x1b[K^~~~~~~~~~~~~~~~~~~~~~~~~~~~~~~~~~~~~\x1b[m\x1b[K\n'}
[1.503415] (eigen_checks) StderrLine: {'line': b'\x1b[01m\x1b[K/home/carbs/hdvio2.0/eigen_checks/include/eigen-checks/glog.h:38:3:\x1b[m\x1b[K \x1b[01;36m\x1b[Knote: \x1b[m\x1b[Kin expansion of macro \xe2\x80\x98\x1b[01m\x1b[KINTERNAL_EIGEN_CHECKS_LOCAL_UNIQUE_VAR\x1b[m\x1b[K\xe2\x80\x99\n'}
[1.503498] (eigen_checks) StderrLine: {'line': b'   38 |   \x1b[01;36m\x1b[KINTERNAL_EIGEN_CHECKS_LOCAL_UNIQUE_VAR\x1b[m\x1b[K(var, line)\n'}
[1.503579] (eigen_checks) StderrLine: {'line': b'      |   \x1b[01;36m\x1b[K^~~~~~~~~~~~~~~~~~~~~~~~~~~~~~~~~~~~~~\x1b[m\x1b[K\n'}
[1.503698] (eigen_checks) StderrLine: {'line': b'\x1b[01m\x1b[K/home/carbs/hdvio2.0/eigen_checks/include/eigen-checks/glog.h:43:27:\x1b[m\x1b[K \x1b[01;36m\x1b[Knote: \x1b[m\x1b[Kin expansion of macro \xe2\x80\x98\x1b[01m\x1b[KINTERNAL_EIGEN_CHECKS_MAKE_VAR\x1b[m\x1b[K\xe2\x80\x99\n'}
[1.503785] (-) TimerEvent: {}
[1.503897] (eigen_checks) StderrLine: {'line': b'   43 |   CHECK(static_cast<bool>(\x1b[01;36m\x1b[KINTERNAL_EIGEN_CHECKS_MAKE_VAR\x1b[m\x1b[K(result_, __LINE__)))\\\n'}
[1.503990] (eigen_checks) StderrLine: {'line': b'      |                           \x1b[01;36m\x1b[K^~~~~~~~~~~~~~~~~~~~~~~~~~~~~~\x1b[m\x1b[K\n'}
[1.504070] (eigen_checks) StderrLine: {'line': b'\x1b[01m\x1b[K/home/carbs/hdvio2.0/eigen_checks/include/eigen-checks/glog.h:68:3:\x1b[m\x1b[K \x1b[01;36m\x1b[Knote: \x1b[m\x1b[Kin expansion of macro \xe2\x80\x98\x1b[01m\x1b[KINTERNAL_EIGEN_CHECKS_MAKE_GLOG_CHECK\x1b[m\x1b[K\xe2\x80\x99\n'}
[1.504154] (eigen_checks) StderrLine: {'line': b'   68 |   \x1b[01;36m\x1b[KINTERNAL_EIGEN_CHECKS_MAKE_GLOG_CHECK\x1b[m\x1b[K(                                     \\\n'}
[1.504240] (eigen_checks) StderrLine: {'line': b'      |   \x1b[01;36m\x1b[K^~~~~~~~~~~~~~~~~~~~~~~~~~~~~~~~~~~~~\x1b[m\x1b[K\n'}
[1.504327] (eigen_checks) StderrLine: {'line': b'\x1b[01m\x1b[K/home/carbs/hdvio2.0/eigen_checks/test/test_glog-zero.cc:57:7:\x1b[m\x1b[K \x1b[01;36m\x1b[Knote: \x1b[m\x1b[Kin expansion of macro \xe2\x80\x98\x1b[01m\x1b[KCHECK_EIGEN_MATRIX_ZERO\x1b[m\x1b[K\xe2\x80\x99\n'}
[1.504420] (eigen_checks) StderrLine: {'line': b'   57 |       \x1b[01;36m\x1b[KCHECK_EIGEN_MATRIX_ZERO\x1b[m\x1b[K(this->ground_truth_vector_5, 1e-5));\n'}
[1.504511] (eigen_checks) StderrLine: {'line': b'      |       \x1b[01;36m\x1b[K^~~~~~~~~~~~~~~~~~~~~~~\x1b[m\x1b[K\n'}
[1.504600] (eigen_checks) StderrLine: {'line': b'\x1b[01m\x1b[K/home/carbs/hdvio2.0/eigen_checks/test/test_glog-zero.cc:\x1b[m\x1b[K In member function \xe2\x80\x98\x1b[01m\x1b[Kvirtual void EigenChecks_EigenMatrixZeroGLog_Vector_OtherSize_Test<gtest_TypeParam_>::TestBody()\x1b[m\x1b[K\xe2\x80\x99:\n'}
[1.504700] (eigen_checks) StderrLine: {'line': b'\x1b[01m\x1b[K/home/carbs/hdvio2.0/eigen_checks/include/eigen-checks/glog.h:42:7:\x1b[m\x1b[K \x1b[01;31m\x1b[Kerror: \x1b[m\x1b[Kexpected primary-expression before \xe2\x80\x98\x1b[01m\x1b[Kresult_62\x1b[m\x1b[K\xe2\x80\x99\n'}
[1.504794] (eigen_checks) StderrLine: {'line': b'   42 |       \x1b[01;31m\x1b[Kresult_\x1b[m\x1b[K, __LINE__) = (X);                                              \\\n'}
[1.504883] (eigen_checks) StderrLine: {'line': b'      |       \x1b[01;31m\x1b[K^~~~~~~\x1b[m\x1b[K\n'}
[1.504965] (eigen_checks) StderrLine: {'line': b'\x1b[01m\x1b[K/home/carbs/hdvio2.0/eigen_checks/test/test_glog-zero.cc:61:3:\x1b[m\x1b[K \x1b[01;36m\x1b[Knote: \x1b[m\x1b[Kin expansion of macro \xe2\x80\x98\x1b[01m\x1b[KGLOG_TEST_EXPECT_DEATH_DIFFERENT_DATA\x1b[m\x1b[K\xe2\x80\x99\n'}
[1.505050] (eigen_checks) StderrLine: {'line': b'   61 |   \x1b[01;36m\x1b[KGLOG_TEST_EXPECT_DEATH_DIFFERENT_DATA\x1b[m\x1b[K(\n'}
[1.505132] (eigen_checks) StderrLine: {'line': b'      |   \x1b[01;36m\x1b[K^~~~~~~~~~~~~~~~~~~~~~~~~~~~~~~~~~~~~\x1b[m\x1b[K\n'}
[1.505212] (eigen_checks) StderrLine: {'line': b'\x1b[01m\x1b[K/home/carbs/hdvio2.0/eigen_checks/include/eigen-checks/glog.h:38:3:\x1b[m\x1b[K \x1b[01;36m\x1b[Knote: \x1b[m\x1b[Kin expansion of macro \xe2\x80\x98\x1b[01m\x1b[KINTERNAL_EIGEN_CHECKS_LOCAL_UNIQUE_VAR\x1b[m\x1b[K\xe2\x80\x99\n'}
[1.505295] (eigen_checks) StderrLine: {'line': b'   38 |   \x1b[01;36m\x1b[KINTERNAL_EIGEN_CHECKS_LOCAL_UNIQUE_VAR\x1b[m\x1b[K(var, line)\n'}
[1.505372] (eigen_checks) StderrLine: {'line': b'      |   \x1b[01;36m\x1b[K^~~~~~~~~~~~~~~~~~~~~~~~~~~~~~~~~~~~~~\x1b[m\x1b[K\n'}
[1.505452] (eigen_checks) StderrLine: {'line': b'\x1b[01m\x1b[K/home/carbs/hdvio2.0/eigen_checks/include/eigen-checks/glog.h:41:30:\x1b[m\x1b[K \x1b[01;36m\x1b[Knote: \x1b[m\x1b[Kin expansion of macro \xe2\x80\x98\x1b[01m\x1b[KINTERNAL_EIGEN_CHECKS_MAKE_VAR\x1b[m\x1b[K\xe2\x80\x99\n'}
[1.505544] (eigen_checks) StderrLine: {'line': b'   41 |   ::testing::AssertionResult \x1b[01;36m\x1b[KINTERNAL_EIGEN_CHECKS_MAKE_VAR\x1b[m\x1b[K(                 \\\n'}
[1.505626] (eigen_checks) StderrLine: {'line': b'      |                              \x1b[01;36m\x1b[K^~~~~~~~~~~~~~~~~~~~~~~~~~~~~~\x1b[m\x1b[K\n'}
[1.505725] (eigen_checks) StderrLine: {'line': b'\x1b[01m\x1b[K/home/carbs/hdvio2.0/eigen_checks/include/eigen-checks/glog.h:68:3:\x1b[m\x1b[K \x1b[01;36m\x1b[Knote: \x1b[m\x1b[Kin expansion of macro \xe2\x80\x98\x1b[01m\x1b[KINTERNAL_EIGEN_CHECKS_MAKE_GLOG_CHECK\x1b[m\x1b[K\xe2\x80\x99\n'}
[1.505815] (eigen_checks) StderrLine: {'line': b'   68 |   \x1b[01;36m\x1b[KINTERNAL_EIGEN_CHECKS_MAKE_GLOG_CHECK\x1b[m\x1b[K(                                     \\\n'}
[1.505899] (eigen_checks) StderrLine: {'line': b'      |   \x1b[01;36m\x1b[K^~~~~~~~~~~~~~~~~~~~~~~~~~~~~~~~~~~~~\x1b[m\x1b[K\n'}
[1.505981] (eigen_checks) StderrLine: {'line': b'\x1b[01m\x1b[K/home/carbs/hdvio2.0/eigen_checks/test/test_glog-zero.cc:62:7:\x1b[m\x1b[K \x1b[01;36m\x1b[Knote: \x1b[m\x1b[Kin expansion of macro \xe2\x80\x98\x1b[01m\x1b[KCHECK_EIGEN_MATRIX_ZERO\x1b[m\x1b[K\xe2\x80\x99\n'}
[1.506072] (eigen_checks) StderrLine: {'line': b'   62 |       \x1b[01;36m\x1b[KCHECK_EIGEN_MATRIX_ZERO\x1b[m\x1b[K(this->ground_truth_vector_5, 1e-5));\n'}
[1.506155] (eigen_checks) StderrLine: {'line': b'      |       \x1b[01;36m\x1b[K^~~~~~~~~~~~~~~~~~~~~~~\x1b[m\x1b[K\n'}
[1.506241] (eigen_checks) StderrLine: {'line': b'\x1b[01m\x1b[K/home/carbs/hdvio2.0/eigen_checks/include/eigen-checks/glog.h:42:7:\x1b[m\x1b[K \x1b[01;31m\x1b[Kerror: \x1b[m\x1b[Kexpected \xe2\x80\x98\x1b[01m\x1b[K)\x1b[m\x1b[K\xe2\x80\x99 before \xe2\x80\x98\x1b[01m\x1b[Kresult_62\x1b[m\x1b[K\xe2\x80\x99\n'}
[1.506325] (eigen_checks) StderrLine: {'line': b'   42 |       \x1b[01;31m\x1b[Kresult_\x1b[m\x1b[K, __LINE__) = (X);                                              \\\n'}
[1.506410] (eigen_checks) StderrLine: {'line': b'      |       \x1b[01;31m\x1b[K^~~~~~~\x1b[m\x1b[K\n'}
[1.506492] (eigen_checks) StderrLine: {'line': b'\x1b[01m\x1b[K/home/carbs/hdvio2.0/eigen_checks/test/test_glog-zero.cc:61:3:\x1b[m\x1b[K \x1b[01;36m\x1b[Knote: \x1b[m\x1b[Kin expansion of macro \xe2\x80\x98\x1b[01m\x1b[KGLOG_TEST_EXPECT_DEATH_DIFFERENT_DATA\x1b[m\x1b[K\xe2\x80\x99\n'}
[1.506576] (eigen_checks) StderrLine: {'line': b'   61 |   \x1b[01;36m\x1b[KGLOG_TEST_EXPECT_DEATH_DIFFERENT_DATA\x1b[m\x1b[K(\n'}
[1.506672] (eigen_checks) StderrLine: {'line': b'      |   \x1b[01;36m\x1b[K^~~~~~~~~~~~~~~~~~~~~~~~~~~~~~~~~~~~~\x1b[m\x1b[K\n'}
[1.506766] (eigen_checks) StderrLine: {'line': b'\x1b[01m\x1b[K/home/carbs/hdvio2.0/eigen_checks/include/eigen-checks/glog.h:38:3:\x1b[m\x1b[K \x1b[01;36m\x1b[Knote: \x1b[m\x1b[Kin expansion of macro \xe2\x80\x98\x1b[01m\x1b[KINTERNAL_EIGEN_CHECKS_LOCAL_UNIQUE_VAR\x1b[m\x1b[K\xe2\x80\x99\n'}
[1.506854] (eigen_checks) StderrLine: {'line': b'   38 |   \x1b[01;36m\x1b[KINTERNAL_EIGEN_CHECKS_LOCAL_UNIQUE_VAR\x1b[m\x1b[K(var, line)\n'}
[1.506943] (eigen_checks) StderrLine: {'line': b'      |   \x1b[01;36m\x1b[K^~~~~~~~~~~~~~~~~~~~~~~~~~~~~~~~~~~~~~\x1b[m\x1b[K\n'}
[1.507030] (eigen_checks) StderrLine: {'line': b'\x1b[01m\x1b[K/home/carbs/hdvio2.0/eigen_checks/include/eigen-checks/glog.h:41:30:\x1b[m\x1b[K \x1b[01;36m\x1b[Knote: \x1b[m\x1b[Kin expansion of macro \xe2\x80\x98\x1b[01m\x1b[KINTERNAL_EIGEN_CHECKS_MAKE_VAR\x1b[m\x1b[K\xe2\x80\x99\n'}
[1.507113] (eigen_checks) StderrLine: {'line': b'   41 |   ::testing::AssertionResult \x1b[01;36m\x1b[KINTERNAL_EIGEN_CHECKS_MAKE_VAR\x1b[m\x1b[K(                 \\\n'}
[1.507192] (eigen_checks) StderrLine: {'line': b'      |                              \x1b[01;36m\x1b[K^~~~~~~~~~~~~~~~~~~~~~~~~~~~~~\x1b[m\x1b[K\n'}
[1.507265] (eigen_checks) StderrLine: {'line': b'\x1b[01m\x1b[K/home/carbs/hdvio2.0/eigen_checks/include/eigen-checks/glog.h:68:3:\x1b[m\x1b[K \x1b[01;36m\x1b[Knote: \x1b[m\x1b[Kin expansion of macro \xe2\x80\x98\x1b[01m\x1b[KINTERNAL_EIGEN_CHECKS_MAKE_GLOG_CHECK\x1b[m\x1b[K\xe2\x80\x99\n'}
[1.507335] (eigen_checks) StderrLine: {'line': b'   68 |   \x1b[01;36m\x1b[KINTERNAL_EIGEN_CHECKS_MAKE_GLOG_CHECK\x1b[m\x1b[K(                                     \\\n'}
[1.507423] (eigen_checks) StderrLine: {'line': b'      |   \x1b[01;36m\x1b[K^~~~~~~~~~~~~~~~~~~~~~~~~~~~~~~~~~~~~\x1b[m\x1b[K\n'}
[1.507507] (eigen_checks) StderrLine: {'line': b'\x1b[01m\x1b[K/home/carbs/hdvio2.0/eigen_checks/test/test_glog-zero.cc:62:7:\x1b[m\x1b[K \x1b[01;36m\x1b[Knote: \x1b[m\x1b[Kin expansion of macro \xe2\x80\x98\x1b[01m\x1b[KCHECK_EIGEN_MATRIX_ZERO\x1b[m\x1b[K\xe2\x80\x99\n'}
[1.507600] (eigen_checks) StderrLine: {'line': b'   62 |       \x1b[01;36m\x1b[KCHECK_EIGEN_MATRIX_ZERO\x1b[m\x1b[K(this->ground_truth_vector_5, 1e-5));\n'}
[1.507695] (eigen_checks) StderrLine: {'line': b'      |       \x1b[01;36m\x1b[K^~~~~~~~~~~~~~~~~~~~~~~\x1b[m\x1b[K\n'}
[1.507783] (eigen_checks) StderrLine: {'line': b'\x1b[01m\x1b[K/home/carbs/hdvio2.0/eigen_checks/test/test_helper.h:136:16:\x1b[m\x1b[K \x1b[01;36m\x1b[Knote: \x1b[m\x1b[Kto match this \xe2\x80\x98\x1b[01m\x1b[K(\x1b[m\x1b[K\xe2\x80\x99\n'}
[1.507869] (eigen_checks) StderrLine: {'line': b'  136 |   EXPECT_DEATH(\x1b[01;36m\x1b[K(\x1b[m\x1b[KX), "^")  // ^The matrices are different$\n'}
[1.507952] (eigen_checks) StderrLine: {'line': b'      |                \x1b[01;36m\x1b[K^\x1b[m\x1b[K\n'}
[1.508031] (eigen_checks) StderrLine: {'line': b'\x1b[01m\x1b[K/home/carbs/hdvio2.0/eigen_checks/test/test_glog-zero.cc:61:3:\x1b[m\x1b[K \x1b[01;36m\x1b[Knote: \x1b[m\x1b[Kin expansion of macro \xe2\x80\x98\x1b[01m\x1b[KGLOG_TEST_EXPECT_DEATH_DIFFERENT_DATA\x1b[m\x1b[K\xe2\x80\x99\n'}
[1.508108] (eigen_checks) StderrLine: {'line': b'   61 |   \x1b[01;36m\x1b[KGLOG_TEST_EXPECT_DEATH_DIFFERENT_DATA\x1b[m\x1b[K(\n'}
[1.508191] (eigen_checks) StderrLine: {'line': b'      |   \x1b[01;36m\x1b[K^~~~~~~~~~~~~~~~~~~~~~~~~~~~~~~~~~~~~\x1b[m\x1b[K\n'}
[1.508279] (eigen_checks) StderrLine: {'line': b'\x1b[01m\x1b[K/home/carbs/hdvio2.0/eigen_checks/include/eigen-checks/glog.h:43:58:\x1b[m\x1b[K \x1b[01;31m\x1b[Kerror: \x1b[m\x1b[K\xe2\x80\x98\x1b[01m\x1b[Kresult_50\x1b[m\x1b[K\xe2\x80\x99 was not declared in this scope\n'}
[1.508364] (eigen_checks) StderrLine: {'line': b'   43 |   CHECK(static_cast<bool>(INTERNAL_EIGEN_CHECKS_MAKE_VAR(\x1b[01;31m\x1b[Kresult_\x1b[m\x1b[K, __LINE__)))\\\n'}
[1.508449] (eigen_checks) StderrLine: {'line': b'      |                                                          \x1b[01;31m\x1b[K^~~~~~~\x1b[m\x1b[K\n'}
[1.508532] (eigen_checks) StderrLine: {'line': b'\x1b[01m\x1b[K/home/carbs/hdvio2.0/eigen_checks/test/test_glog-equal-double.cc:49:3:\x1b[m\x1b[K \x1b[01;36m\x1b[Knote: \x1b[m\x1b[Kin expansion of macro \xe2\x80\x98\x1b[01m\x1b[KGLOG_TEST_EXPECT_DEATH_DIFFERENT_DATA\x1b[m\x1b[K\xe2\x80\x99\n'}
[1.508617] (eigen_checks) StderrLine: {'line': b'   49 |   \x1b[01;36m\x1b[KGLOG_TEST_EXPECT_DEATH_DIFFERENT_DATA\x1b[m\x1b[K(\n'}
[1.508716] (eigen_checks) StderrLine: {'line': b'      |   \x1b[01;36m\x1b[K^~~~~~~~~~~~~~~~~~~~~~~~~~~~~~~~~~~~~\x1b[m\x1b[K\n'}
[1.508805] (eigen_checks) StderrLine: {'line': b'\x1b[01m\x1b[K/home/carbs/hdvio2.0/eigen_checks/include/eigen-checks/glog.h:38:3:\x1b[m\x1b[K \x1b[01;36m\x1b[Knote: \x1b[m\x1b[Kin expansion of macro \xe2\x80\x98\x1b[01m\x1b[KINTERNAL_EIGEN_CHECKS_LOCAL_UNIQUE_VAR\x1b[m\x1b[K\xe2\x80\x99\n'}
[1.508889] (eigen_checks) StderrLine: {'line': b'   38 |   \x1b[01;36m\x1b[KINTERNAL_EIGEN_CHECKS_LOCAL_UNIQUE_VAR\x1b[m\x1b[K(var, line)\n'}
[1.508977] (eigen_checks) StderrLine: {'line': b'      |   \x1b[01;36m\x1b[K^~~~~~~~~~~~~~~~~~~~~~~~~~~~~~~~~~~~~~\x1b[m\x1b[K\n'}
[1.509062] (eigen_checks) StderrLine: {'line': b'\x1b[01m\x1b[K/home/carbs/hdvio2.0/eigen_checks/include/eigen-checks/glog.h:43:27:\x1b[m\x1b[K \x1b[01;36m\x1b[Knote: \x1b[m\x1b[Kin expansion of macro \xe2\x80\x98\x1b[01m\x1b[KINTERNAL_EIGEN_CHECKS_MAKE_VAR\x1b[m\x1b[K\xe2\x80\x99\n'}
[1.509148] (eigen_checks) StderrLine: {'line': b'   43 |   CHECK(static_cast<bool>(\x1b[01;36m\x1b[KINTERNAL_EIGEN_CHECKS_MAKE_VAR\x1b[m\x1b[K(result_, __LINE__)))\\\n'}
[1.509240] (eigen_checks) StderrLine: {'line': b'      |                           \x1b[01;36m\x1b[K^~~~~~~~~~~~~~~~~~~~~~~~~~~~~~\x1b[m\x1b[K\n'}
[1.509330] (eigen_checks) StderrLine: {'line': b'\x1b[01m\x1b[K/home/carbs/hdvio2.0/eigen_checks/include/eigen-checks/glog.h:54:3:\x1b[m\x1b[K \x1b[01;36m\x1b[Knote: \x1b[m\x1b[Kin expansion of macro \xe2\x80\x98\x1b[01m\x1b[KINTERNAL_EIGEN_CHECKS_MAKE_GLOG_CHECK\x1b[m\x1b[K\xe2\x80\x99\n'}
[1.509420] (eigen_checks) StderrLine: {'line': b'   54 |   \x1b[01;36m\x1b[KINTERNAL_EIGEN_CHECKS_MAKE_GLOG_CHECK\x1b[m\x1b[K(                                     \\\n'}
[1.509504] (eigen_checks) StderrLine: {'line': b'      |   \x1b[01;36m\x1b[K^~~~~~~~~~~~~~~~~~~~~~~~~~~~~~~~~~~~~\x1b[m\x1b[K\n'}
[1.509590] (eigen_checks) StderrLine: {'line': b'\x1b[01m\x1b[K/home/carbs/hdvio2.0/eigen_checks/test/test_glog-equal-double.cc:50:7:\x1b[m\x1b[K \x1b[01;36m\x1b[Knote: \x1b[m\x1b[Kin expansion of macro \xe2\x80\x98\x1b[01m\x1b[KCHECK_EIGEN_MATRIX_EQUAL_DOUBLE\x1b[m\x1b[K\xe2\x80\x99\n'}
[1.509693] (eigen_checks) StderrLine: {'line': b'   50 |       \x1b[01;36m\x1b[KCHECK_EIGEN_MATRIX_EQUAL_DOUBLE\x1b[m\x1b[K(this->ground_truth_matrix_54,\n'}
[1.509787] (eigen_checks) StderrLine: {'line': b'      |       \x1b[01;36m\x1b[K^~~~~~~~~~~~~~~~~~~~~~~~~~~~~~~\x1b[m\x1b[K\n'}
[1.509875] (eigen_checks) StderrLine: {'line': b'\x1b[01m\x1b[K/home/carbs/hdvio2.0/eigen_checks/include/eigen-checks/glog.h:43:58:\x1b[m\x1b[K \x1b[01;31m\x1b[Kerror: \x1b[m\x1b[K\xe2\x80\x98\x1b[01m\x1b[Kresult_62\x1b[m\x1b[K\xe2\x80\x99 was not declared in this scope\n'}
[1.509964] (eigen_checks) StderrLine: {'line': b'   43 |   CHECK(static_cast<bool>(INTERNAL_EIGEN_CHECKS_MAKE_VAR(\x1b[01;31m\x1b[Kresult_\x1b[m\x1b[K, __LINE__)))\\\n'}
[1.510055] (eigen_checks) StderrLine: {'line': b'      |                                                          \x1b[01;31m\x1b[K^~~~~~~\x1b[m\x1b[K\n'}
[1.510141] (eigen_checks) StderrLine: {'line': b'\x1b[01m\x1b[K/home/carbs/hdvio2.0/eigen_checks/test/test_glog-zero.cc:61:3:\x1b[m\x1b[K \x1b[01;36m\x1b[Knote: \x1b[m\x1b[Kin expansion of macro \xe2\x80\x98\x1b[01m\x1b[KGLOG_TEST_EXPECT_DEATH_DIFFERENT_DATA\x1b[m\x1b[K\xe2\x80\x99\n'}
[1.510221] (eigen_checks) StderrLine: {'line': b'   61 |   \x1b[01;36m\x1b[KGLOG_TEST_EXPECT_DEATH_DIFFERENT_DATA\x1b[m\x1b[K(\n'}
[1.510292] (eigen_checks) StderrLine: {'line': b'      |   \x1b[01;36m\x1b[K^~~~~~~~~~~~~~~~~~~~~~~~~~~~~~~~~~~~~\x1b[m\x1b[K\n'}
[1.510371] (eigen_checks) StderrLine: {'line': b'\x1b[01m\x1b[K/home/carbs/hdvio2.0/eigen_checks/include/eigen-checks/glog.h:38:3:\x1b[m\x1b[K \x1b[01;36m\x1b[Knote: \x1b[m\x1b[Kin expansion of macro \xe2\x80\x98\x1b[01m\x1b[KINTERNAL_EIGEN_CHECKS_LOCAL_UNIQUE_VAR\x1b[m\x1b[K\xe2\x80\x99\n'}
[1.510446] (eigen_checks) StderrLine: {'line': b'   38 |   \x1b[01;36m\x1b[KINTERNAL_EIGEN_CHECKS_LOCAL_UNIQUE_VAR\x1b[m\x1b[K(var, line)\n'}
[1.510514] (eigen_checks) StderrLine: {'line': b'      |   \x1b[01;36m\x1b[K^~~~~~~~~~~~~~~~~~~~~~~~~~~~~~~~~~~~~~\x1b[m\x1b[K\n'}
[1.510584] (eigen_checks) StderrLine: {'line': b'\x1b[01m\x1b[K/home/carbs/hdvio2.0/eigen_checks/include/eigen-checks/glog.h:43:27:\x1b[m\x1b[K \x1b[01;36m\x1b[Knote: \x1b[m\x1b[Kin expansion of macro \xe2\x80\x98\x1b[01m\x1b[KINTERNAL_EIGEN_CHECKS_MAKE_VAR\x1b[m\x1b[K\xe2\x80\x99\n'}
[1.510664] (eigen_checks) StderrLine: {'line': b'   43 |   CHECK(static_cast<bool>(\x1b[01;36m\x1b[KINTERNAL_EIGEN_CHECKS_MAKE_VAR\x1b[m\x1b[K(result_, __LINE__)))\\\n'}
[1.510753] (eigen_checks) StderrLine: {'line': b'      |                           \x1b[01;36m\x1b[K^~~~~~~~~~~~~~~~~~~~~~~~~~~~~~\x1b[m\x1b[K\n'}
[1.510821] (eigen_checks) StderrLine: {'line': b'\x1b[01m\x1b[K/home/carbs/hdvio2.0/eigen_checks/include/eigen-checks/glog.h:68:3:\x1b[m\x1b[K \x1b[01;36m\x1b[Knote: \x1b[m\x1b[Kin expansion of macro \xe2\x80\x98\x1b[01m\x1b[KINTERNAL_EIGEN_CHECKS_MAKE_GLOG_CHECK\x1b[m\x1b[K\xe2\x80\x99\n'}
[1.510889] (eigen_checks) StderrLine: {'line': b'   68 |   \x1b[01;36m\x1b[KINTERNAL_EIGEN_CHECKS_MAKE_GLOG_CHECK\x1b[m\x1b[K(                                     \\\n'}
[1.510958] (eigen_checks) StderrLine: {'line': b'      |   \x1b[01;36m\x1b[K^~~~~~~~~~~~~~~~~~~~~~~~~~~~~~~~~~~~~\x1b[m\x1b[K\n'}
[1.511035] (eigen_checks) StderrLine: {'line': b'\x1b[01m\x1b[K/home/carbs/hdvio2.0/eigen_checks/test/test_glog-zero.cc:62:7:\x1b[m\x1b[K \x1b[01;36m\x1b[Knote: \x1b[m\x1b[Kin expansion of macro \xe2\x80\x98\x1b[01m\x1b[KCHECK_EIGEN_MATRIX_ZERO\x1b[m\x1b[K\xe2\x80\x99\n'}
[1.511107] (eigen_checks) StderrLine: {'line': b'   62 |       \x1b[01;36m\x1b[KCHECK_EIGEN_MATRIX_ZERO\x1b[m\x1b[K(this->ground_truth_vector_5, 1e-5));\n'}
[1.511185] (eigen_checks) StderrLine: {'line': b'      |       \x1b[01;36m\x1b[K^~~~~~~~~~~~~~~~~~~~~~~\x1b[m\x1b[K\n'}
[1.511266] (eigen_checks) StderrLine: {'line': b'\x1b[01m\x1b[K/home/carbs/hdvio2.0/eigen_checks/test/test_glog-equal-double.cc:\x1b[m\x1b[K In member function \xe2\x80\x98\x1b[01m\x1b[Kvirtual void EigenChecks_EigenMatrixEqualDoubleGLog_Vector_NonEqualRandom_Test<gtest_TypeParam_>::TestBody()\x1b[m\x1b[K\xe2\x80\x99:\n'}
[1.511353] (eigen_checks) StderrLine: {'line': b'\x1b[01m\x1b[K/home/carbs/hdvio2.0/eigen_checks/include/eigen-checks/glog.h:42:7:\x1b[m\x1b[K \x1b[01;31m\x1b[Kerror: \x1b[m\x1b[Kexpected primary-expression before \xe2\x80\x98\x1b[01m\x1b[Kresult_62\x1b[m\x1b[K\xe2\x80\x99\n'}
[1.511441] (eigen_checks) StderrLine: {'line': b'   42 |       \x1b[01;31m\x1b[Kresult_\x1b[m\x1b[K, __LINE__) = (X);                                              \\\n'}
[1.511529] (eigen_checks) StderrLine: {'line': b'      |       \x1b[01;31m\x1b[K^~~~~~~\x1b[m\x1b[K\n'}
[1.511611] (eigen_checks) StderrLine: {'line': b'\x1b[01m\x1b[K/home/carbs/hdvio2.0/eigen_checks/test/test_glog-equal-double.cc:61:3:\x1b[m\x1b[K \x1b[01;36m\x1b[Knote: \x1b[m\x1b[Kin expansion of macro \xe2\x80\x98\x1b[01m\x1b[KGLOG_TEST_EXPECT_DEATH_DIFFERENT_DATA\x1b[m\x1b[K\xe2\x80\x99\n'}
[1.511709] (eigen_checks) StderrLine: {'line': b'   61 |   \x1b[01;36m\x1b[KGLOG_TEST_EXPECT_DEATH_DIFFERENT_DATA\x1b[m\x1b[K(\n'}
[1.511796] (eigen_checks) StderrLine: {'line': b'      |   \x1b[01;36m\x1b[K^~~~~~~~~~~~~~~~~~~~~~~~~~~~~~~~~~~~~\x1b[m\x1b[K\n'}
[1.511878] (eigen_checks) StderrLine: {'line': b'\x1b[01m\x1b[K/home/carbs/hdvio2.0/eigen_checks/include/eigen-checks/glog.h:38:3:\x1b[m\x1b[K \x1b[01;36m\x1b[Knote: \x1b[m\x1b[Kin expansion of macro \xe2\x80\x98\x1b[01m\x1b[KINTERNAL_EIGEN_CHECKS_LOCAL_UNIQUE_VAR\x1b[m\x1b[K\xe2\x80\x99\n'}
[1.511962] (eigen_checks) StderrLine: {'line': b'   38 |   \x1b[01;36m\x1b[KINTERNAL_EIGEN_CHECKS_LOCAL_UNIQUE_VAR\x1b[m\x1b[K(var, line)\n'}
[1.512045] (eigen_checks) StderrLine: {'line': b'      |   \x1b[01;36m\x1b[K^~~~~~~~~~~~~~~~~~~~~~~~~~~~~~~~~~~~~~\x1b[m\x1b[K\n'}
[1.512125] (eigen_checks) StderrLine: {'line': b'\x1b[01m\x1b[K/home/carbs/hdvio2.0/eigen_checks/include/eigen-checks/glog.h:41:30:\x1b[m\x1b[K \x1b[01;36m\x1b[Knote: \x1b[m\x1b[Kin expansion of macro \xe2\x80\x98\x1b[01m\x1b[KINTERNAL_EIGEN_CHECKS_MAKE_VAR\x1b[m\x1b[K\xe2\x80\x99\n'}
[1.512213] (eigen_checks) StderrLine: {'line': b'   41 |   ::testing::AssertionResult \x1b[01;36m\x1b[KINTERNAL_EIGEN_CHECKS_MAKE_VAR\x1b[m\x1b[K(                 \\\n'}
[1.512297] (eigen_checks) StderrLine: {'line': b'      |                              \x1b[01;36m\x1b[K^~~~~~~~~~~~~~~~~~~~~~~~~~~~~~\x1b[m\x1b[K\n'}
[1.512379] (eigen_checks) StderrLine: {'line': b'\x1b[01m\x1b[K/home/carbs/hdvio2.0/eigen_checks/include/eigen-checks/glog.h:54:3:\x1b[m\x1b[K \x1b[01;36m\x1b[Knote: \x1b[m\x1b[Kin expansion of macro \xe2\x80\x98\x1b[01m\x1b[KINTERNAL_EIGEN_CHECKS_MAKE_GLOG_CHECK\x1b[m\x1b[K\xe2\x80\x99\n'}
[1.512474] (eigen_checks) StderrLine: {'line': b'   54 |   \x1b[01;36m\x1b[KINTERNAL_EIGEN_CHECKS_MAKE_GLOG_CHECK\x1b[m\x1b[K(                                     \\\n'}
[1.512562] (eigen_checks) StderrLine: {'line': b'      |   \x1b[01;36m\x1b[K^~~~~~~~~~~~~~~~~~~~~~~~~~~~~~~~~~~~~\x1b[m\x1b[K\n'}
[1.512653] (eigen_checks) StderrLine: {'line': b'\x1b[01m\x1b[K/home/carbs/hdvio2.0/eigen_checks/test/test_glog-equal-double.cc:62:7:\x1b[m\x1b[K \x1b[01;36m\x1b[Knote: \x1b[m\x1b[Kin expansion of macro \xe2\x80\x98\x1b[01m\x1b[KCHECK_EIGEN_MATRIX_EQUAL_DOUBLE\x1b[m\x1b[K\xe2\x80\x99\n'}
[1.512757] (eigen_checks) StderrLine: {'line': b'   62 |       \x1b[01;36m\x1b[KCHECK_EIGEN_MATRIX_EQUAL_DOUBLE\x1b[m\x1b[K(this->ground_truth_vector_5,\n'}
[1.512842] (eigen_checks) StderrLine: {'line': b'      |       \x1b[01;36m\x1b[K^~~~~~~~~~~~~~~~~~~~~~~~~~~~~~~\x1b[m\x1b[K\n'}
[1.512927] (eigen_checks) StderrLine: {'line': b'\x1b[01m\x1b[K/home/carbs/hdvio2.0/eigen_checks/include/eigen-checks/glog.h:42:7:\x1b[m\x1b[K \x1b[01;31m\x1b[Kerror: \x1b[m\x1b[Kexpected \xe2\x80\x98\x1b[01m\x1b[K)\x1b[m\x1b[K\xe2\x80\x99 before \xe2\x80\x98\x1b[01m\x1b[Kresult_62\x1b[m\x1b[K\xe2\x80\x99\n'}
[1.513022] (eigen_checks) StderrLine: {'line': b'   42 |       \x1b[01;31m\x1b[Kresult_\x1b[m\x1b[K, __LINE__) = (X);                                              \\\n'}
[1.513106] (eigen_checks) StderrLine: {'line': b'      |       \x1b[01;31m\x1b[K^~~~~~~\x1b[m\x1b[K\n'}
[1.513190] (eigen_checks) StderrLine: {'line': b'\x1b[01m\x1b[K/home/carbs/hdvio2.0/eigen_checks/test/test_glog-equal-double.cc:61:3:\x1b[m\x1b[K \x1b[01;36m\x1b[Knote: \x1b[m\x1b[Kin expansion of macro \xe2\x80\x98\x1b[01m\x1b[KGLOG_TEST_EXPECT_DEATH_DIFFERENT_DATA\x1b[m\x1b[K\xe2\x80\x99\n'}
[1.513276] (eigen_checks) StderrLine: {'line': b'   61 |   \x1b[01;36m\x1b[KGLOG_TEST_EXPECT_DEATH_DIFFERENT_DATA\x1b[m\x1b[K(\n'}
[1.513361] (eigen_checks) StderrLine: {'line': b'      |   \x1b[01;36m\x1b[K^~~~~~~~~~~~~~~~~~~~~~~~~~~~~~~~~~~~~\x1b[m\x1b[K\n'}
[1.513447] (eigen_checks) StderrLine: {'line': b'\x1b[01m\x1b[K/home/carbs/hdvio2.0/eigen_checks/include/eigen-checks/glog.h:38:3:\x1b[m\x1b[K \x1b[01;36m\x1b[Knote: \x1b[m\x1b[Kin expansion of macro \xe2\x80\x98\x1b[01m\x1b[KINTERNAL_EIGEN_CHECKS_LOCAL_UNIQUE_VAR\x1b[m\x1b[K\xe2\x80\x99\n'}
[1.513537] (eigen_checks) StderrLine: {'line': b'   38 |   \x1b[01;36m\x1b[KINTERNAL_EIGEN_CHECKS_LOCAL_UNIQUE_VAR\x1b[m\x1b[K(var, line)\n'}
[1.513622] (eigen_checks) StderrLine: {'line': b'      |   \x1b[01;36m\x1b[K^~~~~~~~~~~~~~~~~~~~~~~~~~~~~~~~~~~~~~\x1b[m\x1b[K\n'}
[1.513722] (eigen_checks) StderrLine: {'line': b'\x1b[01m\x1b[K/home/carbs/hdvio2.0/eigen_checks/include/eigen-checks/glog.h:41:30:\x1b[m\x1b[K \x1b[01;36m\x1b[Knote: \x1b[m\x1b[Kin expansion of macro \xe2\x80\x98\x1b[01m\x1b[KINTERNAL_EIGEN_CHECKS_MAKE_VAR\x1b[m\x1b[K\xe2\x80\x99\n'}
[1.513817] (eigen_checks) StderrLine: {'line': b'   41 |   ::testing::AssertionResult \x1b[01;36m\x1b[KINTERNAL_EIGEN_CHECKS_MAKE_VAR\x1b[m\x1b[K(                 \\\n'}
[1.513901] (eigen_checks) StderrLine: {'line': b'      |                              \x1b[01;36m\x1b[K^~~~~~~~~~~~~~~~~~~~~~~~~~~~~~\x1b[m\x1b[K\n'}
[1.513986] (eigen_checks) StderrLine: {'line': b'\x1b[01m\x1b[K/home/carbs/hdvio2.0/eigen_checks/include/eigen-checks/glog.h:54:3:\x1b[m\x1b[K \x1b[01;36m\x1b[Knote: \x1b[m\x1b[Kin expansion of macro \xe2\x80\x98\x1b[01m\x1b[KINTERNAL_EIGEN_CHECKS_MAKE_GLOG_CHECK\x1b[m\x1b[K\xe2\x80\x99\n'}
[1.514074] (eigen_checks) StderrLine: {'line': b'   54 |   \x1b[01;36m\x1b[KINTERNAL_EIGEN_CHECKS_MAKE_GLOG_CHECK\x1b[m\x1b[K(                                     \\\n'}
[1.514156] (eigen_checks) StderrLine: {'line': b'      |   \x1b[01;36m\x1b[K^~~~~~~~~~~~~~~~~~~~~~~~~~~~~~~~~~~~~\x1b[m\x1b[K\n'}
[1.514234] (eigen_checks) StderrLine: {'line': b'\x1b[01m\x1b[K/home/carbs/hdvio2.0/eigen_checks/test/test_glog-equal-double.cc:62:7:\x1b[m\x1b[K \x1b[01;36m\x1b[Knote: \x1b[m\x1b[Kin expansion of macro \xe2\x80\x98\x1b[01m\x1b[KCHECK_EIGEN_MATRIX_EQUAL_DOUBLE\x1b[m\x1b[K\xe2\x80\x99\n'}
[1.514315] (eigen_checks) StderrLine: {'line': b'   62 |       \x1b[01;36m\x1b[KCHECK_EIGEN_MATRIX_EQUAL_DOUBLE\x1b[m\x1b[K(this->ground_truth_vector_5,\n'}
[1.514399] (eigen_checks) StderrLine: {'line': b'      |       \x1b[01;36m\x1b[K^~~~~~~~~~~~~~~~~~~~~~~~~~~~~~~\x1b[m\x1b[K\n'}
[1.514482] (eigen_checks) StderrLine: {'line': b'\x1b[01m\x1b[K/home/carbs/hdvio2.0/eigen_checks/test/test_helper.h:136:16:\x1b[m\x1b[K \x1b[01;36m\x1b[Knote: \x1b[m\x1b[Kto match this \xe2\x80\x98\x1b[01m\x1b[K(\x1b[m\x1b[K\xe2\x80\x99\n'}
[1.514563] (eigen_checks) StderrLine: {'line': b'  136 |   EXPECT_DEATH(\x1b[01;36m\x1b[K(\x1b[m\x1b[KX), "^")  // ^The matrices are different$\n'}
[1.514657] (eigen_checks) StderrLine: {'line': b'      |                \x1b[01;36m\x1b[K^\x1b[m\x1b[K\n'}
[1.514752] (eigen_checks) StderrLine: {'line': b'\x1b[01m\x1b[K/home/carbs/hdvio2.0/eigen_checks/test/test_glog-equal-double.cc:61:3:\x1b[m\x1b[K \x1b[01;36m\x1b[Knote: \x1b[m\x1b[Kin expansion of macro \xe2\x80\x98\x1b[01m\x1b[KGLOG_TEST_EXPECT_DEATH_DIFFERENT_DATA\x1b[m\x1b[K\xe2\x80\x99\n'}
[1.514838] (eigen_checks) StderrLine: {'line': b'   61 |   \x1b[01;36m\x1b[KGLOG_TEST_EXPECT_DEATH_DIFFERENT_DATA\x1b[m\x1b[K(\n'}
[1.514925] (eigen_checks) StderrLine: {'line': b'      |   \x1b[01;36m\x1b[K^~~~~~~~~~~~~~~~~~~~~~~~~~~~~~~~~~~~~\x1b[m\x1b[K\n'}
[1.515009] (eigen_checks) StderrLine: {'line': b'\x1b[01m\x1b[K/home/carbs/hdvio2.0/eigen_checks/test/test_glog-zero.cc:\x1b[m\x1b[K In member function \xe2\x80\x98\x1b[01m\x1b[Kvirtual void EigenChecks_EigenMatrixZeroGLog_Vector_Near5_Test<gtest_TypeParam_>::TestBody()\x1b[m\x1b[K\xe2\x80\x99:\n'}
[1.515097] (eigen_checks) StderrLine: {'line': b'\x1b[01m\x1b[K/home/carbs/hdvio2.0/eigen_checks/include/eigen-checks/glog.h:42:7:\x1b[m\x1b[K \x1b[01;31m\x1b[Kerror: \x1b[m\x1b[Kexpected primary-expression before \xe2\x80\x98\x1b[01m\x1b[Kresult_67\x1b[m\x1b[K\xe2\x80\x99\n'}
[1.515181] (eigen_checks) StderrLine: {'line': b'   42 |       \x1b[01;31m\x1b[Kresult_\x1b[m\x1b[K, __LINE__) = (X);                                              \\\n'}
[1.515264] (eigen_checks) StderrLine: {'line': b'      |       \x1b[01;31m\x1b[K^~~~~~~\x1b[m\x1b[K\n'}
[1.515347] (eigen_checks) StderrLine: {'line': b'\x1b[01m\x1b[K/home/carbs/hdvio2.0/eigen_checks/test/test_glog-zero.cc:66:3:\x1b[m\x1b[K \x1b[01;36m\x1b[Knote: \x1b[m\x1b[Kin expansion of macro \xe2\x80\x98\x1b[01m\x1b[KGLOG_TEST_EXPECT_DEATH_DIFFERENT_DATA\x1b[m\x1b[K\xe2\x80\x99\n'}
[1.515432] (eigen_checks) StderrLine: {'line': b'   66 |   \x1b[01;36m\x1b[KGLOG_TEST_EXPECT_DEATH_DIFFERENT_DATA\x1b[m\x1b[K(\n'}
[1.515512] (eigen_checks) StderrLine: {'line': b'      |   \x1b[01;36m\x1b[K^~~~~~~~~~~~~~~~~~~~~~~~~~~~~~~~~~~~~\x1b[m\x1b[K\n'}
[1.515598] (eigen_checks) StderrLine: {'line': b'\x1b[01m\x1b[K/home/carbs/hdvio2.0/eigen_checks/include/eigen-checks/glog.h:38:3:\x1b[m\x1b[K \x1b[01;36m\x1b[Knote: \x1b[m\x1b[Kin expansion of macro \xe2\x80\x98\x1b[01m\x1b[KINTERNAL_EIGEN_CHECKS_LOCAL_UNIQUE_VAR\x1b[m\x1b[K\xe2\x80\x99\n'}
[1.515696] (eigen_checks) StderrLine: {'line': b'   38 |   \x1b[01;36m\x1b[KINTERNAL_EIGEN_CHECKS_LOCAL_UNIQUE_VAR\x1b[m\x1b[K(var, line)\n'}
[1.515787] (eigen_checks) StderrLine: {'line': b'      |   \x1b[01;36m\x1b[K^~~~~~~~~~~~~~~~~~~~~~~~~~~~~~~~~~~~~~\x1b[m\x1b[K\n'}
[1.515873] (eigen_checks) StderrLine: {'line': b'\x1b[01m\x1b[K/home/carbs/hdvio2.0/eigen_checks/include/eigen-checks/glog.h:41:30:\x1b[m\x1b[K \x1b[01;36m\x1b[Knote: \x1b[m\x1b[Kin expansion of macro \xe2\x80\x98\x1b[01m\x1b[KINTERNAL_EIGEN_CHECKS_MAKE_VAR\x1b[m\x1b[K\xe2\x80\x99\n'}
[1.515964] (eigen_checks) StderrLine: {'line': b'   41 |   ::testing::AssertionResult \x1b[01;36m\x1b[KINTERNAL_EIGEN_CHECKS_MAKE_VAR\x1b[m\x1b[K(                 \\\n'}
[1.516049] (eigen_checks) StderrLine: {'line': b'      |                              \x1b[01;36m\x1b[K^~~~~~~~~~~~~~~~~~~~~~~~~~~~~~\x1b[m\x1b[K\n'}
[1.516133] (eigen_checks) StderrLine: {'line': b'\x1b[01m\x1b[K/home/carbs/hdvio2.0/eigen_checks/include/eigen-checks/glog.h:68:3:\x1b[m\x1b[K \x1b[01;36m\x1b[Knote: \x1b[m\x1b[Kin expansion of macro \xe2\x80\x98\x1b[01m\x1b[KINTERNAL_EIGEN_CHECKS_MAKE_GLOG_CHECK\x1b[m\x1b[K\xe2\x80\x99\n'}
[1.516212] (eigen_checks) StderrLine: {'line': b'   68 |   \x1b[01;36m\x1b[KINTERNAL_EIGEN_CHECKS_MAKE_GLOG_CHECK\x1b[m\x1b[K(                                     \\\n'}
[1.516297] (eigen_checks) StderrLine: {'line': b'      |   \x1b[01;36m\x1b[K^~~~~~~~~~~~~~~~~~~~~~~~~~~~~~~~~~~~~\x1b[m\x1b[K\n'}
[1.516381] (eigen_checks) StderrLine: {'line': b'\x1b[01m\x1b[K/home/carbs/hdvio2.0/eigen_checks/test/test_glog-zero.cc:67:7:\x1b[m\x1b[K \x1b[01;36m\x1b[Knote: \x1b[m\x1b[Kin expansion of macro \xe2\x80\x98\x1b[01m\x1b[KCHECK_EIGEN_MATRIX_ZERO\x1b[m\x1b[K\xe2\x80\x99\n'}
[1.516471] (eigen_checks) StderrLine: {'line': b'   67 |       \x1b[01;36m\x1b[KCHECK_EIGEN_MATRIX_ZERO\x1b[m\x1b[K(this->ground_truth_vector_5, 1e-5));\n'}
[1.516554] (eigen_checks) StderrLine: {'line': b'      |       \x1b[01;36m\x1b[K^~~~~~~~~~~~~~~~~~~~~~~\x1b[m\x1b[K\n'}
[1.516634] (eigen_checks) StderrLine: {'line': b'\x1b[01m\x1b[K/home/carbs/hdvio2.0/eigen_checks/include/eigen-checks/glog.h:42:7:\x1b[m\x1b[K \x1b[01;31m\x1b[Kerror: \x1b[m\x1b[Kexpected \xe2\x80\x98\x1b[01m\x1b[K)\x1b[m\x1b[K\xe2\x80\x99 before \xe2\x80\x98\x1b[01m\x1b[Kresult_67\x1b[m\x1b[K\xe2\x80\x99\n'}
[1.516740] (eigen_checks) StderrLine: {'line': b'   42 |       \x1b[01;31m\x1b[Kresult_\x1b[m\x1b[K, __LINE__) = (X);                                              \\\n'}
[1.516826] (eigen_checks) StderrLine: {'line': b'      |       \x1b[01;31m\x1b[K^~~~~~~\x1b[m\x1b[K\n'}
[1.516918] (eigen_checks) StderrLine: {'line': b'\x1b[01m\x1b[K/home/carbs/hdvio2.0/eigen_checks/test/test_glog-zero.cc:66:3:\x1b[m\x1b[K \x1b[01;36m\x1b[Knote: \x1b[m\x1b[Kin expansion of macro \xe2\x80\x98\x1b[01m\x1b[KGLOG_TEST_EXPECT_DEATH_DIFFERENT_DATA\x1b[m\x1b[K\xe2\x80\x99\n'}
[1.517007] (eigen_checks) StderrLine: {'line': b'   66 |   \x1b[01;36m\x1b[KGLOG_TEST_EXPECT_DEATH_DIFFERENT_DATA\x1b[m\x1b[K(\n'}
[1.517090] (eigen_checks) StderrLine: {'line': b'      |   \x1b[01;36m\x1b[K^~~~~~~~~~~~~~~~~~~~~~~~~~~~~~~~~~~~~\x1b[m\x1b[K\n'}
[1.517172] (eigen_checks) StderrLine: {'line': b'\x1b[01m\x1b[K/home/carbs/hdvio2.0/eigen_checks/include/eigen-checks/glog.h:38:3:\x1b[m\x1b[K \x1b[01;36m\x1b[Knote: \x1b[m\x1b[Kin expansion of macro \xe2\x80\x98\x1b[01m\x1b[KINTERNAL_EIGEN_CHECKS_LOCAL_UNIQUE_VAR\x1b[m\x1b[K\xe2\x80\x99\n'}
[1.517257] (eigen_checks) StderrLine: {'line': b'   38 |   \x1b[01;36m\x1b[KINTERNAL_EIGEN_CHECKS_LOCAL_UNIQUE_VAR\x1b[m\x1b[K(var, line)\n'}
[1.517340] (eigen_checks) StderrLine: {'line': b'      |   \x1b[01;36m\x1b[K^~~~~~~~~~~~~~~~~~~~~~~~~~~~~~~~~~~~~~\x1b[m\x1b[K\n'}
[1.517422] (eigen_checks) StderrLine: {'line': b'\x1b[01m\x1b[K/home/carbs/hdvio2.0/eigen_checks/include/eigen-checks/glog.h:41:30:\x1b[m\x1b[K \x1b[01;36m\x1b[Knote: \x1b[m\x1b[Kin expansion of macro \xe2\x80\x98\x1b[01m\x1b[KINTERNAL_EIGEN_CHECKS_MAKE_VAR\x1b[m\x1b[K\xe2\x80\x99\n'}
[1.517505] (eigen_checks) StderrLine: {'line': b'   41 |   ::testing::AssertionResult \x1b[01;36m\x1b[KINTERNAL_EIGEN_CHECKS_MAKE_VAR\x1b[m\x1b[K(                 \\\n'}
[1.517588] (eigen_checks) StderrLine: {'line': b'      |                              \x1b[01;36m\x1b[K^~~~~~~~~~~~~~~~~~~~~~~~~~~~~~\x1b[m\x1b[K\n'}
[1.517689] (eigen_checks) StderrLine: {'line': b'\x1b[01m\x1b[K/home/carbs/hdvio2.0/eigen_checks/include/eigen-checks/glog.h:68:3:\x1b[m\x1b[K \x1b[01;36m\x1b[Knote: \x1b[m\x1b[Kin expansion of macro \xe2\x80\x98\x1b[01m\x1b[KINTERNAL_EIGEN_CHECKS_MAKE_GLOG_CHECK\x1b[m\x1b[K\xe2\x80\x99\n'}
[1.517777] (eigen_checks) StderrLine: {'line': b'   68 |   \x1b[01;36m\x1b[KINTERNAL_EIGEN_CHECKS_MAKE_GLOG_CHECK\x1b[m\x1b[K(                                     \\\n'}
[1.517857] (eigen_checks) StderrLine: {'line': b'      |   \x1b[01;36m\x1b[K^~~~~~~~~~~~~~~~~~~~~~~~~~~~~~~~~~~~~\x1b[m\x1b[K\n'}
[1.517943] (eigen_checks) StderrLine: {'line': b'\x1b[01m\x1b[K/home/carbs/hdvio2.0/eigen_checks/test/test_glog-zero.cc:67:7:\x1b[m\x1b[K \x1b[01;36m\x1b[Knote: \x1b[m\x1b[Kin expansion of macro \xe2\x80\x98\x1b[01m\x1b[KCHECK_EIGEN_MATRIX_ZERO\x1b[m\x1b[K\xe2\x80\x99\n'}
[1.518030] (eigen_checks) StderrLine: {'line': b'   67 |       \x1b[01;36m\x1b[KCHECK_EIGEN_MATRIX_ZERO\x1b[m\x1b[K(this->ground_truth_vector_5, 1e-5));\n'}
[1.518114] (eigen_checks) StderrLine: {'line': b'      |       \x1b[01;36m\x1b[K^~~~~~~~~~~~~~~~~~~~~~~\x1b[m\x1b[K\n'}
[1.518199] (eigen_checks) StderrLine: {'line': b'\x1b[01m\x1b[K/home/carbs/hdvio2.0/eigen_checks/test/test_helper.h:136:16:\x1b[m\x1b[K \x1b[01;36m\x1b[Knote: \x1b[m\x1b[Kto match this \xe2\x80\x98\x1b[01m\x1b[K(\x1b[m\x1b[K\xe2\x80\x99\n'}
[1.518286] (eigen_checks) StderrLine: {'line': b'  136 |   EXPECT_DEATH(\x1b[01;36m\x1b[K(\x1b[m\x1b[KX), "^")  // ^The matrices are different$\n'}
[1.518384] (eigen_checks) StderrLine: {'line': b'      |                \x1b[01;36m\x1b[K^\x1b[m\x1b[K\n'}
[1.518471] (eigen_checks) StderrLine: {'line': b'\x1b[01m\x1b[K/home/carbs/hdvio2.0/eigen_checks/test/test_glog-zero.cc:66:3:\x1b[m\x1b[K \x1b[01;36m\x1b[Knote: \x1b[m\x1b[Kin expansion of macro \xe2\x80\x98\x1b[01m\x1b[KGLOG_TEST_EXPECT_DEATH_DIFFERENT_DATA\x1b[m\x1b[K\xe2\x80\x99\n'}
[1.518557] (eigen_checks) StderrLine: {'line': b'   66 |   \x1b[01;36m\x1b[KGLOG_TEST_EXPECT_DEATH_DIFFERENT_DATA\x1b[m\x1b[K(\n'}
[1.518654] (eigen_checks) StderrLine: {'line': b'      |   \x1b[01;36m\x1b[K^~~~~~~~~~~~~~~~~~~~~~~~~~~~~~~~~~~~~\x1b[m\x1b[K\n'}
[1.518750] (eigen_checks) StderrLine: {'line': b'\x1b[01m\x1b[K/home/carbs/hdvio2.0/eigen_checks/test/test_glog-zero-sized-types.cc:\x1b[m\x1b[K In member function \xe2\x80\x98\x1b[01m\x1b[Kvirtual void EigenChecks_EigenVectorEqualGlog_Zero_Sized_Dynamic_Vector_Test::TestBody()\x1b[m\x1b[K\xe2\x80\x99:\n'}
[1.518835] (eigen_checks) StderrLine: {'line': b'\x1b[01m\x1b[K/home/carbs/hdvio2.0/eigen_checks/include/eigen-checks/glog.h:42:7:\x1b[m\x1b[K \x1b[01;31m\x1b[Kerror: \x1b[m\x1b[Kexpected primary-expression before \xe2\x80\x98\x1b[01m\x1b[Kresult_41\x1b[m\x1b[K\xe2\x80\x99\n'}
[1.518924] (eigen_checks) StderrLine: {'line': b'   42 |       \x1b[01;31m\x1b[Kresult_\x1b[m\x1b[K, __LINE__) = (X);                                              \\\n'}
[1.519006] (eigen_checks) StderrLine: {'line': b'      |       \x1b[01;31m\x1b[K^~~~~~~\x1b[m\x1b[K\n'}
[1.519085] (eigen_checks) StderrLine: {'line': b'\x1b[01m\x1b[K/home/carbs/hdvio2.0/eigen_checks/test/test_glog-zero-sized-types.cc:41:3:\x1b[m\x1b[K \x1b[01;36m\x1b[Knote: \x1b[m\x1b[Kin expansion of macro \xe2\x80\x98\x1b[01m\x1b[KGLOG_TEST_EXPECT_DEATH_DIFFERENT_DATA\x1b[m\x1b[K\xe2\x80\x99\n'}
[1.519170] (eigen_checks) StderrLine: {'line': b'   41 |   \x1b[01;36m\x1b[KGLOG_TEST_EXPECT_DEATH_DIFFERENT_DATA\x1b[m\x1b[K(CHECK_EIGEN_MATRIX_NEAR(A, B, 0.01));\n'}
[1.519252] (eigen_checks) StderrLine: {'line': b'      |   \x1b[01;36m\x1b[K^~~~~~~~~~~~~~~~~~~~~~~~~~~~~~~~~~~~~\x1b[m\x1b[K\n'}
[1.519335] (eigen_checks) StderrLine: {'line': b'\x1b[01m\x1b[K/home/carbs/hdvio2.0/eigen_checks/include/eigen-checks/glog.h:38:3:\x1b[m\x1b[K \x1b[01;36m\x1b[Knote: \x1b[m\x1b[Kin expansion of macro \xe2\x80\x98\x1b[01m\x1b[KINTERNAL_EIGEN_CHECKS_LOCAL_UNIQUE_VAR\x1b[m\x1b[K\xe2\x80\x99\n'}
[1.519422] (eigen_checks) StderrLine: {'line': b'   38 |   \x1b[01;36m\x1b[KINTERNAL_EIGEN_CHECKS_LOCAL_UNIQUE_VAR\x1b[m\x1b[K(var, line)\n'}
[1.519512] (eigen_checks) StderrLine: {'line': b'      |   \x1b[01;36m\x1b[K^~~~~~~~~~~~~~~~~~~~~~~~~~~~~~~~~~~~~~\x1b[m\x1b[K\n'}
[1.519598] (eigen_checks) StderrLine: {'line': b'\x1b[01m\x1b[K/home/carbs/hdvio2.0/eigen_checks/include/eigen-checks/glog.h:41:30:\x1b[m\x1b[K \x1b[01;36m\x1b[Knote: \x1b[m\x1b[Kin expansion of macro \xe2\x80\x98\x1b[01m\x1b[KINTERNAL_EIGEN_CHECKS_MAKE_VAR\x1b[m\x1b[K\xe2\x80\x99\n'}
[1.519696] (eigen_checks) StderrLine: {'line': b'   41 |   ::testing::AssertionResult \x1b[01;36m\x1b[KINTERNAL_EIGEN_CHECKS_MAKE_VAR\x1b[m\x1b[K(                 \\\n'}
[1.519786] (eigen_checks) StderrLine: {'line': b'      |                              \x1b[01;36m\x1b[K^~~~~~~~~~~~~~~~~~~~~~~~~~~~~~\x1b[m\x1b[K\n'}
[1.519870] (eigen_checks) StderrLine: {'line': b'\x1b[01m\x1b[K/home/carbs/hdvio2.0/eigen_checks/include/eigen-checks/glog.h:63:3:\x1b[m\x1b[K \x1b[01;36m\x1b[Knote: \x1b[m\x1b[Kin expansion of macro \xe2\x80\x98\x1b[01m\x1b[KINTERNAL_EIGEN_CHECKS_MAKE_GLOG_CHECK\x1b[m\x1b[K\xe2\x80\x99\n'}
[1.519955] (eigen_checks) StderrLine: {'line': b'   63 |   \x1b[01;36m\x1b[KINTERNAL_EIGEN_CHECKS_MAKE_GLOG_CHECK\x1b[m\x1b[K(                                     \\\n'}
[1.520047] (eigen_checks) StderrLine: {'line': b'      |   \x1b[01;36m\x1b[K^~~~~~~~~~~~~~~~~~~~~~~~~~~~~~~~~~~~~\x1b[m\x1b[K\n'}
[1.520131] (eigen_checks) StderrLine: {'line': b'\x1b[01m\x1b[K/home/carbs/hdvio2.0/eigen_checks/test/test_glog-zero-sized-types.cc:41:41:\x1b[m\x1b[K \x1b[01;36m\x1b[Knote: \x1b[m\x1b[Kin expansion of macro \xe2\x80\x98\x1b[01m\x1b[KCHECK_EIGEN_MATRIX_NEAR\x1b[m\x1b[K\xe2\x80\x99\n'}
[1.520223] (eigen_checks) StderrLine: {'line': b'   41 |   GLOG_TEST_EXPECT_DEATH_DIFFERENT_DATA(\x1b[01;36m\x1b[KCHECK_EIGEN_MATRIX_NEAR\x1b[m\x1b[K(A, B, 0.01));\n'}
[1.520306] (eigen_checks) StderrLine: {'line': b'      |                                         \x1b[01;36m\x1b[K^~~~~~~~~~~~~~~~~~~~~~~\x1b[m\x1b[K\n'}
[1.520394] (eigen_checks) StderrLine: {'line': b'\x1b[01m\x1b[K/home/carbs/hdvio2.0/eigen_checks/include/eigen-checks/glog.h:42:7:\x1b[m\x1b[K \x1b[01;31m\x1b[Kerror: \x1b[m\x1b[Kexpected \xe2\x80\x98\x1b[01m\x1b[K)\x1b[m\x1b[K\xe2\x80\x99 before \xe2\x80\x98\x1b[01m\x1b[Kresult_41\x1b[m\x1b[K\xe2\x80\x99\n'}
[1.520482] (eigen_checks) StderrLine: {'line': b'   42 |       \x1b[01;31m\x1b[Kresult_\x1b[m\x1b[K, __LINE__) = (X);                                              \\\n'}
[1.520569] (eigen_checks) StderrLine: {'line': b'      |       \x1b[01;31m\x1b[K^~~~~~~\x1b[m\x1b[K\n'}
[1.520660] (eigen_checks) StderrLine: {'line': b'\x1b[01m\x1b[K/home/carbs/hdvio2.0/eigen_checks/test/test_glog-zero-sized-types.cc:41:3:\x1b[m\x1b[K \x1b[01;36m\x1b[Knote: \x1b[m\x1b[Kin expansion of macro \xe2\x80\x98\x1b[01m\x1b[KGLOG_TEST_EXPECT_DEATH_DIFFERENT_DATA\x1b[m\x1b[K\xe2\x80\x99\n'}
[1.520760] (eigen_checks) StderrLine: {'line': b'   41 |   \x1b[01;36m\x1b[KGLOG_TEST_EXPECT_DEATH_DIFFERENT_DATA\x1b[m\x1b[K(CHECK_EIGEN_MATRIX_NEAR(A, B, 0.01));\n'}
[1.520843] (eigen_checks) StderrLine: {'line': b'      |   \x1b[01;36m\x1b[K^~~~~~~~~~~~~~~~~~~~~~~~~~~~~~~~~~~~~\x1b[m\x1b[K\n'}
[1.520924] (eigen_checks) StderrLine: {'line': b'\x1b[01m\x1b[K/home/carbs/hdvio2.0/eigen_checks/include/eigen-checks/glog.h:38:3:\x1b[m\x1b[K \x1b[01;36m\x1b[Knote: \x1b[m\x1b[Kin expansion of macro \xe2\x80\x98\x1b[01m\x1b[KINTERNAL_EIGEN_CHECKS_LOCAL_UNIQUE_VAR\x1b[m\x1b[K\xe2\x80\x99\n'}
[1.521011] (eigen_checks) StderrLine: {'line': b'   38 |   \x1b[01;36m\x1b[KINTERNAL_EIGEN_CHECKS_LOCAL_UNIQUE_VAR\x1b[m\x1b[K(var, line)\n'}
[1.521097] (eigen_checks) StderrLine: {'line': b'      |   \x1b[01;36m\x1b[K^~~~~~~~~~~~~~~~~~~~~~~~~~~~~~~~~~~~~~\x1b[m\x1b[K\n'}
[1.521179] (eigen_checks) StderrLine: {'line': b'\x1b[01m\x1b[K/home/carbs/hdvio2.0/eigen_checks/include/eigen-checks/glog.h:41:30:\x1b[m\x1b[K \x1b[01;36m\x1b[Knote: \x1b[m\x1b[Kin expansion of macro \xe2\x80\x98\x1b[01m\x1b[KINTERNAL_EIGEN_CHECKS_MAKE_VAR\x1b[m\x1b[K\xe2\x80\x99\n'}
[1.521261] (eigen_checks) StderrLine: {'line': b'   41 |   ::testing::AssertionResult \x1b[01;36m\x1b[KINTERNAL_EIGEN_CHECKS_MAKE_VAR\x1b[m\x1b[K(                 \\\n'}
[1.521344] (eigen_checks) StderrLine: {'line': b'      |                              \x1b[01;36m\x1b[K^~~~~~~~~~~~~~~~~~~~~~~~~~~~~~\x1b[m\x1b[K\n'}
[1.521427] (eigen_checks) StderrLine: {'line': b'\x1b[01m\x1b[K/home/carbs/hdvio2.0/eigen_checks/include/eigen-checks/glog.h:63:3:\x1b[m\x1b[K \x1b[01;36m\x1b[Knote: \x1b[m\x1b[Kin expansion of macro \xe2\x80\x98\x1b[01m\x1b[KINTERNAL_EIGEN_CHECKS_MAKE_GLOG_CHECK\x1b[m\x1b[K\xe2\x80\x99\n'}
[1.521510] (eigen_checks) StderrLine: {'line': b'   63 |   \x1b[01;36m\x1b[KINTERNAL_EIGEN_CHECKS_MAKE_GLOG_CHECK\x1b[m\x1b[K(                                     \\\n'}
[1.521598] (eigen_checks) StderrLine: {'line': b'      |   \x1b[01;36m\x1b[K^~~~~~~~~~~~~~~~~~~~~~~~~~~~~~~~~~~~~\x1b[m\x1b[K\n'}
[1.521687] (eigen_checks) StderrLine: {'line': b'\x1b[01m\x1b[K/home/carbs/hdvio2.0/eigen_checks/test/test_glog-zero-sized-types.cc:41:41:\x1b[m\x1b[K \x1b[01;36m\x1b[Knote: \x1b[m\x1b[Kin expansion of macro \xe2\x80\x98\x1b[01m\x1b[KCHECK_EIGEN_MATRIX_NEAR\x1b[m\x1b[K\xe2\x80\x99\n'}
[1.521782] (eigen_checks) StderrLine: {'line': b'   41 |   GLOG_TEST_EXPECT_DEATH_DIFFERENT_DATA(\x1b[01;36m\x1b[KCHECK_EIGEN_MATRIX_NEAR\x1b[m\x1b[K(A, B, 0.01));\n'}
[1.521867] (eigen_checks) StderrLine: {'line': b'      |                                         \x1b[01;36m\x1b[K^~~~~~~~~~~~~~~~~~~~~~~\x1b[m\x1b[K\n'}
[1.521948] (eigen_checks) StderrLine: {'line': b'\x1b[01m\x1b[K/home/carbs/hdvio2.0/eigen_checks/test/test_helper.h:136:16:\x1b[m\x1b[K \x1b[01;36m\x1b[Knote: \x1b[m\x1b[Kto match this \xe2\x80\x98\x1b[01m\x1b[K(\x1b[m\x1b[K\xe2\x80\x99\n'}
[1.522041] (eigen_checks) StderrLine: {'line': b'  136 |   EXPECT_DEATH(\x1b[01;36m\x1b[K(\x1b[m\x1b[KX), "^")  // ^The matrices are different$\n'}
[1.522123] (eigen_checks) StderrLine: {'line': b'      |                \x1b[01;36m\x1b[K^\x1b[m\x1b[K\n'}
[1.522209] (eigen_checks) StderrLine: {'line': b'\x1b[01m\x1b[K/home/carbs/hdvio2.0/eigen_checks/test/test_glog-zero-sized-types.cc:41:3:\x1b[m\x1b[K \x1b[01;36m\x1b[Knote: \x1b[m\x1b[Kin expansion of macro \xe2\x80\x98\x1b[01m\x1b[KGLOG_TEST_EXPECT_DEATH_DIFFERENT_DATA\x1b[m\x1b[K\xe2\x80\x99\n'}
[1.522292] (eigen_checks) StderrLine: {'line': b'   41 |   \x1b[01;36m\x1b[KGLOG_TEST_EXPECT_DEATH_DIFFERENT_DATA\x1b[m\x1b[K(CHECK_EIGEN_MATRIX_NEAR(A, B, 0.01));\n'}
[1.522376] (eigen_checks) StderrLine: {'line': b'      |   \x1b[01;36m\x1b[K^~~~~~~~~~~~~~~~~~~~~~~~~~~~~~~~~~~~~\x1b[m\x1b[K\n'}
[1.522459] (eigen_checks) StderrLine: {'line': b'\x1b[01m\x1b[K/home/carbs/hdvio2.0/eigen_checks/include/eigen-checks/glog.h:43:58:\x1b[m\x1b[K \x1b[01;31m\x1b[Kerror: \x1b[m\x1b[K\xe2\x80\x98\x1b[01m\x1b[Kresult_67\x1b[m\x1b[K\xe2\x80\x99 was not declared in this scope\n'}
[1.522545] (eigen_checks) StderrLine: {'line': b'   43 |   CHECK(static_cast<bool>(INTERNAL_EIGEN_CHECKS_MAKE_VAR(\x1b[01;31m\x1b[Kresult_\x1b[m\x1b[K, __LINE__)))\\\n'}
[1.522628] (eigen_checks) StderrLine: {'line': b'      |                                                          \x1b[01;31m\x1b[K^~~~~~~\x1b[m\x1b[K\n'}
[1.522726] (eigen_checks) StderrLine: {'line': b'\x1b[01m\x1b[K/home/carbs/hdvio2.0/eigen_checks/test/test_glog-zero.cc:66:3:\x1b[m\x1b[K \x1b[01;36m\x1b[Knote: \x1b[m\x1b[Kin expansion of macro \xe2\x80\x98\x1b[01m\x1b[KGLOG_TEST_EXPECT_DEATH_DIFFERENT_DATA\x1b[m\x1b[K\xe2\x80\x99\n'}
[1.522815] (eigen_checks) StderrLine: {'line': b'   66 |   \x1b[01;36m\x1b[KGLOG_TEST_EXPECT_DEATH_DIFFERENT_DATA\x1b[m\x1b[K(\n'}
[1.522899] (eigen_checks) StderrLine: {'line': b'      |   \x1b[01;36m\x1b[K^~~~~~~~~~~~~~~~~~~~~~~~~~~~~~~~~~~~~\x1b[m\x1b[K\n'}
[1.522983] (eigen_checks) StderrLine: {'line': b'\x1b[01m\x1b[K/home/carbs/hdvio2.0/eigen_checks/include/eigen-checks/glog.h:38:3:\x1b[m\x1b[K \x1b[01;36m\x1b[Knote: \x1b[m\x1b[Kin expansion of macro \xe2\x80\x98\x1b[01m\x1b[KINTERNAL_EIGEN_CHECKS_LOCAL_UNIQUE_VAR\x1b[m\x1b[K\xe2\x80\x99\n'}
[1.523071] (eigen_checks) StderrLine: {'line': b'   38 |   \x1b[01;36m\x1b[KINTERNAL_EIGEN_CHECKS_LOCAL_UNIQUE_VAR\x1b[m\x1b[K(var, line)\n'}
[1.523172] (eigen_checks) StderrLine: {'line': b'      |   \x1b[01;36m\x1b[K^~~~~~~~~~~~~~~~~~~~~~~~~~~~~~~~~~~~~~\x1b[m\x1b[K\n'}
[1.523257] (eigen_checks) StderrLine: {'line': b'\x1b[01m\x1b[K/home/carbs/hdvio2.0/eigen_checks/include/eigen-checks/glog.h:43:27:\x1b[m\x1b[K \x1b[01;36m\x1b[Knote: \x1b[m\x1b[Kin expansion of macro \xe2\x80\x98\x1b[01m\x1b[KINTERNAL_EIGEN_CHECKS_MAKE_VAR\x1b[m\x1b[K\xe2\x80\x99\n'}
[1.523344] (eigen_checks) StderrLine: {'line': b'   43 |   CHECK(static_cast<bool>(\x1b[01;36m\x1b[KINTERNAL_EIGEN_CHECKS_MAKE_VAR\x1b[m\x1b[K(result_, __LINE__)))\\\n'}
[1.523431] (eigen_checks) StderrLine: {'line': b'      |                           \x1b[01;36m\x1b[K^~~~~~~~~~~~~~~~~~~~~~~~~~~~~~\x1b[m\x1b[K\n'}
[1.523517] (eigen_checks) StderrLine: {'line': b'\x1b[01m\x1b[K/home/carbs/hdvio2.0/eigen_checks/include/eigen-checks/glog.h:68:3:\x1b[m\x1b[K \x1b[01;36m\x1b[Knote: \x1b[m\x1b[Kin expansion of macro \xe2\x80\x98\x1b[01m\x1b[KINTERNAL_EIGEN_CHECKS_MAKE_GLOG_CHECK\x1b[m\x1b[K\xe2\x80\x99\n'}
[1.523601] (eigen_checks) StderrLine: {'line': b'   68 |   \x1b[01;36m\x1b[KINTERNAL_EIGEN_CHECKS_MAKE_GLOG_CHECK\x1b[m\x1b[K(                                     \\\n'}
[1.523697] (eigen_checks) StderrLine: {'line': b'      |   \x1b[01;36m\x1b[K^~~~~~~~~~~~~~~~~~~~~~~~~~~~~~~~~~~~~\x1b[m\x1b[K\n'}
[1.523786] (eigen_checks) StderrLine: {'line': b'\x1b[01m\x1b[K/home/carbs/hdvio2.0/eigen_checks/test/test_glog-zero.cc:67:7:\x1b[m\x1b[K \x1b[01;36m\x1b[Knote: \x1b[m\x1b[Kin expansion of macro \xe2\x80\x98\x1b[01m\x1b[KCHECK_EIGEN_MATRIX_ZERO\x1b[m\x1b[K\xe2\x80\x99\n'}
[1.523881] (eigen_checks) StderrLine: {'line': b'   67 |       \x1b[01;36m\x1b[KCHECK_EIGEN_MATRIX_ZERO\x1b[m\x1b[K(this->ground_truth_vector_5, 1e-5));\n'}
[1.523951] (eigen_checks) StderrLine: {'line': b'      |       \x1b[01;36m\x1b[K^~~~~~~~~~~~~~~~~~~~~~~\x1b[m\x1b[K\n'}
[1.524015] (eigen_checks) StderrLine: {'line': b'\x1b[01m\x1b[K/home/carbs/hdvio2.0/eigen_checks/include/eigen-checks/glog.h:43:58:\x1b[m\x1b[K \x1b[01;31m\x1b[Kerror: \x1b[m\x1b[K\xe2\x80\x98\x1b[01m\x1b[Kresult_62\x1b[m\x1b[K\xe2\x80\x99 was not declared in this scope\n'}
[1.524101] (eigen_checks) StderrLine: {'line': b'   43 |   CHECK(static_cast<bool>(INTERNAL_EIGEN_CHECKS_MAKE_VAR(\x1b[01;31m\x1b[Kresult_\x1b[m\x1b[K, __LINE__)))\\\n'}
[1.524182] (eigen_checks) StderrLine: {'line': b'      |                                                          \x1b[01;31m\x1b[K^~~~~~~\x1b[m\x1b[K\n'}
[1.524265] (eigen_checks) StderrLine: {'line': b'\x1b[01m\x1b[K/home/carbs/hdvio2.0/eigen_checks/test/test_glog-equal-double.cc:61:3:\x1b[m\x1b[K \x1b[01;36m\x1b[Knote: \x1b[m\x1b[Kin expansion of macro \xe2\x80\x98\x1b[01m\x1b[KGLOG_TEST_EXPECT_DEATH_DIFFERENT_DATA\x1b[m\x1b[K\xe2\x80\x99\n'}
[1.524348] (eigen_checks) StderrLine: {'line': b'   61 |   \x1b[01;36m\x1b[KGLOG_TEST_EXPECT_DEATH_DIFFERENT_DATA\x1b[m\x1b[K(\n'}
[1.524431] (eigen_checks) StderrLine: {'line': b'      |   \x1b[01;36m\x1b[K^~~~~~~~~~~~~~~~~~~~~~~~~~~~~~~~~~~~~\x1b[m\x1b[K\n'}
[1.524521] (eigen_checks) StderrLine: {'line': b'\x1b[01m\x1b[K/home/carbs/hdvio2.0/eigen_checks/include/eigen-checks/glog.h:38:3:\x1b[m\x1b[K \x1b[01;36m\x1b[Knote: \x1b[m\x1b[Kin expansion of macro \xe2\x80\x98\x1b[01m\x1b[KINTERNAL_EIGEN_CHECKS_LOCAL_UNIQUE_VAR\x1b[m\x1b[K\xe2\x80\x99\n'}
[1.524604] (eigen_checks) StderrLine: {'line': b'   38 |   \x1b[01;36m\x1b[KINTERNAL_EIGEN_CHECKS_LOCAL_UNIQUE_VAR\x1b[m\x1b[K(var, line)\n'}
[1.524711] (eigen_checks) StderrLine: {'line': b'      |   \x1b[01;36m\x1b[K^~~~~~~~~~~~~~~~~~~~~~~~~~~~~~~~~~~~~~\x1b[m\x1b[K\n'}
[1.524810] (eigen_checks) StderrLine: {'line': b'\x1b[01m\x1b[K/home/carbs/hdvio2.0/eigen_checks/include/eigen-checks/glog.h:43:27:\x1b[m\x1b[K \x1b[01;36m\x1b[Knote: \x1b[m\x1b[Kin expansion of macro \xe2\x80\x98\x1b[01m\x1b[KINTERNAL_EIGEN_CHECKS_MAKE_VAR\x1b[m\x1b[K\xe2\x80\x99\n'}
[1.524896] (eigen_checks) StderrLine: {'line': b'   43 |   CHECK(static_cast<bool>(\x1b[01;36m\x1b[KINTERNAL_EIGEN_CHECKS_MAKE_VAR\x1b[m\x1b[K(result_, __LINE__)))\\\n'}
[1.524982] (eigen_checks) StderrLine: {'line': b'      |                           \x1b[01;36m\x1b[K^~~~~~~~~~~~~~~~~~~~~~~~~~~~~~\x1b[m\x1b[K\n'}
[1.525069] (eigen_checks) StderrLine: {'line': b'\x1b[01m\x1b[K/home/carbs/hdvio2.0/eigen_checks/include/eigen-checks/glog.h:54:3:\x1b[m\x1b[K \x1b[01;36m\x1b[Knote: \x1b[m\x1b[Kin expansion of macro \xe2\x80\x98\x1b[01m\x1b[KINTERNAL_EIGEN_CHECKS_MAKE_GLOG_CHECK\x1b[m\x1b[K\xe2\x80\x99\n'}
[1.525154] (eigen_checks) StderrLine: {'line': b'   54 |   \x1b[01;36m\x1b[KINTERNAL_EIGEN_CHECKS_MAKE_GLOG_CHECK\x1b[m\x1b[K(                                     \\\n'}
[1.525238] (eigen_checks) StderrLine: {'line': b'      |   \x1b[01;36m\x1b[K^~~~~~~~~~~~~~~~~~~~~~~~~~~~~~~~~~~~~\x1b[m\x1b[K\n'}
[1.525323] (eigen_checks) StderrLine: {'line': b'\x1b[01m\x1b[K/home/carbs/hdvio2.0/eigen_checks/test/test_glog-equal-double.cc:62:7:\x1b[m\x1b[K \x1b[01;36m\x1b[Knote: \x1b[m\x1b[Kin expansion of macro \xe2\x80\x98\x1b[01m\x1b[KCHECK_EIGEN_MATRIX_EQUAL_DOUBLE\x1b[m\x1b[K\xe2\x80\x99\n'}
[1.525411] (eigen_checks) StderrLine: {'line': b'   62 |       \x1b[01;36m\x1b[KCHECK_EIGEN_MATRIX_EQUAL_DOUBLE\x1b[m\x1b[K(this->ground_truth_vector_5,\n'}
[1.525496] (eigen_checks) StderrLine: {'line': b'      |       \x1b[01;36m\x1b[K^~~~~~~~~~~~~~~~~~~~~~~~~~~~~~~\x1b[m\x1b[K\n'}
[1.525577] (eigen_checks) StderrLine: {'line': b'\x1b[01m\x1b[K/home/carbs/hdvio2.0/eigen_checks/test/test_glog-equal-double.cc:\x1b[m\x1b[K In member function \xe2\x80\x98\x1b[01m\x1b[Kvirtual void EigenChecks_EigenMatrixEqualDoubleGLog_Vector_OtherSize_Test<gtest_TypeParam_>::TestBody()\x1b[m\x1b[K\xe2\x80\x99:\n'}
[1.525680] (eigen_checks) StderrLine: {'line': b'\x1b[01m\x1b[K/home/carbs/hdvio2.0/eigen_checks/include/eigen-checks/glog.h:42:7:\x1b[m\x1b[K \x1b[01;31m\x1b[Kerror: \x1b[m\x1b[Kexpected primary-expression before \xe2\x80\x98\x1b[01m\x1b[Kresult_68\x1b[m\x1b[K\xe2\x80\x99\n'}
[1.525773] (eigen_checks) StderrLine: {'line': b'   42 |       \x1b[01;31m\x1b[Kresult_\x1b[m\x1b[K, __LINE__) = (X);                                              \\\n'}
[1.525858] (eigen_checks) StderrLine: {'line': b'      |       \x1b[01;31m\x1b[K^~~~~~~\x1b[m\x1b[K\n'}
[1.525942] (eigen_checks) StderrLine: {'line': b'\x1b[01m\x1b[K/home/carbs/hdvio2.0/eigen_checks/test/test_glog-equal-double.cc:67:3:\x1b[m\x1b[K \x1b[01;36m\x1b[Knote: \x1b[m\x1b[Kin expansion of macro \xe2\x80\x98\x1b[01m\x1b[KGLOG_TEST_EXPECT_DEATH_DIFFERENT_DATA\x1b[m\x1b[K\xe2\x80\x99\n'}
[1.526026] (eigen_checks) StderrLine: {'line': b'   67 |   \x1b[01;36m\x1b[KGLOG_TEST_EXPECT_DEATH_DIFFERENT_DATA\x1b[m\x1b[K(\n'}
[1.526113] (eigen_checks) StderrLine: {'line': b'      |   \x1b[01;36m\x1b[K^~~~~~~~~~~~~~~~~~~~~~~~~~~~~~~~~~~~~\x1b[m\x1b[K\n'}
[1.526195] (eigen_checks) StderrLine: {'line': b'\x1b[01m\x1b[K/home/carbs/hdvio2.0/eigen_checks/include/eigen-checks/glog.h:38:3:\x1b[m\x1b[K \x1b[01;36m\x1b[Knote: \x1b[m\x1b[Kin expansion of macro \xe2\x80\x98\x1b[01m\x1b[KINTERNAL_EIGEN_CHECKS_LOCAL_UNIQUE_VAR\x1b[m\x1b[K\xe2\x80\x99\n'}
[1.526285] (eigen_checks) StderrLine: {'line': b'   38 |   \x1b[01;36m\x1b[KINTERNAL_EIGEN_CHECKS_LOCAL_UNIQUE_VAR\x1b[m\x1b[K(var, line)\n'}
[1.526369] (eigen_checks) StderrLine: {'line': b'      |   \x1b[01;36m\x1b[K^~~~~~~~~~~~~~~~~~~~~~~~~~~~~~~~~~~~~~\x1b[m\x1b[K\n'}
[1.526453] (eigen_checks) StderrLine: {'line': b'\x1b[01m\x1b[K/home/carbs/hdvio2.0/eigen_checks/include/eigen-checks/glog.h:41:30:\x1b[m\x1b[K \x1b[01;36m\x1b[Knote: \x1b[m\x1b[Kin expansion of macro \xe2\x80\x98\x1b[01m\x1b[KINTERNAL_EIGEN_CHECKS_MAKE_VAR\x1b[m\x1b[K\xe2\x80\x99\n'}
[1.526538] (eigen_checks) StderrLine: {'line': b'   41 |   ::testing::AssertionResult \x1b[01;36m\x1b[KINTERNAL_EIGEN_CHECKS_MAKE_VAR\x1b[m\x1b[K(                 \\\n'}
[1.526622] (eigen_checks) StderrLine: {'line': b'      |                              \x1b[01;36m\x1b[K^~~~~~~~~~~~~~~~~~~~~~~~~~~~~~\x1b[m\x1b[K\n'}
[1.526722] (eigen_checks) StderrLine: {'line': b'\x1b[01m\x1b[K/home/carbs/hdvio2.0/eigen_checks/include/eigen-checks/glog.h:54:3:\x1b[m\x1b[K \x1b[01;36m\x1b[Knote: \x1b[m\x1b[Kin expansion of macro \xe2\x80\x98\x1b[01m\x1b[KINTERNAL_EIGEN_CHECKS_MAKE_GLOG_CHECK\x1b[m\x1b[K\xe2\x80\x99\n'}
[1.526809] (eigen_checks) StderrLine: {'line': b'   54 |   \x1b[01;36m\x1b[KINTERNAL_EIGEN_CHECKS_MAKE_GLOG_CHECK\x1b[m\x1b[K(                                     \\\n'}
[1.526886] (eigen_checks) StderrLine: {'line': b'      |   \x1b[01;36m\x1b[K^~~~~~~~~~~~~~~~~~~~~~~~~~~~~~~~~~~~~\x1b[m\x1b[K\n'}
[1.526966] (eigen_checks) StderrLine: {'line': b'\x1b[01m\x1b[K/home/carbs/hdvio2.0/eigen_checks/test/test_glog-equal-double.cc:68:7:\x1b[m\x1b[K \x1b[01;36m\x1b[Knote: \x1b[m\x1b[Kin expansion of macro \xe2\x80\x98\x1b[01m\x1b[KCHECK_EIGEN_MATRIX_EQUAL_DOUBLE\x1b[m\x1b[K\xe2\x80\x99\n'}
[1.527049] (eigen_checks) StderrLine: {'line': b'   68 |       \x1b[01;36m\x1b[KCHECK_EIGEN_MATRIX_EQUAL_DOUBLE\x1b[m\x1b[K(this->ground_truth_vector_5,\n'}
[1.527132] (eigen_checks) StderrLine: {'line': b'      |       \x1b[01;36m\x1b[K^~~~~~~~~~~~~~~~~~~~~~~~~~~~~~~\x1b[m\x1b[K\n'}
[1.527214] (eigen_checks) StderrLine: {'line': b'\x1b[01m\x1b[K/home/carbs/hdvio2.0/eigen_checks/include/eigen-checks/glog.h:42:7:\x1b[m\x1b[K \x1b[01;31m\x1b[Kerror: \x1b[m\x1b[Kexpected \xe2\x80\x98\x1b[01m\x1b[K)\x1b[m\x1b[K\xe2\x80\x99 before \xe2\x80\x98\x1b[01m\x1b[Kresult_68\x1b[m\x1b[K\xe2\x80\x99\n'}
[1.527297] (eigen_checks) StderrLine: {'line': b'   42 |       \x1b[01;31m\x1b[Kresult_\x1b[m\x1b[K, __LINE__) = (X);                                              \\\n'}
[1.527381] (eigen_checks) StderrLine: {'line': b'      |       \x1b[01;31m\x1b[K^~~~~~~\x1b[m\x1b[K\n'}
[1.527474] (eigen_checks) StderrLine: {'line': b'\x1b[01m\x1b[K/home/carbs/hdvio2.0/eigen_checks/test/test_glog-equal-double.cc:67:3:\x1b[m\x1b[K \x1b[01;36m\x1b[Knote: \x1b[m\x1b[Kin expansion of macro \xe2\x80\x98\x1b[01m\x1b[KGLOG_TEST_EXPECT_DEATH_DIFFERENT_DATA\x1b[m\x1b[K\xe2\x80\x99\n'}
[1.527568] (eigen_checks) StderrLine: {'line': b'   67 |   \x1b[01;36m\x1b[KGLOG_TEST_EXPECT_DEATH_DIFFERENT_DATA\x1b[m\x1b[K(\n'}
[1.527661] (eigen_checks) StderrLine: {'line': b'      |   \x1b[01;36m\x1b[K^~~~~~~~~~~~~~~~~~~~~~~~~~~~~~~~~~~~~\x1b[m\x1b[K\n'}
[1.527754] (eigen_checks) StderrLine: {'line': b'\x1b[01m\x1b[K/home/carbs/hdvio2.0/eigen_checks/include/eigen-checks/glog.h:38:3:\x1b[m\x1b[K \x1b[01;36m\x1b[Knote: \x1b[m\x1b[Kin expansion of macro \xe2\x80\x98\x1b[01m\x1b[KINTERNAL_EIGEN_CHECKS_LOCAL_UNIQUE_VAR\x1b[m\x1b[K\xe2\x80\x99\n'}
[1.527844] (eigen_checks) StderrLine: {'line': b'   38 |   \x1b[01;36m\x1b[KINTERNAL_EIGEN_CHECKS_LOCAL_UNIQUE_VAR\x1b[m\x1b[K(var, line)\n'}
[1.527925] (eigen_checks) StderrLine: {'line': b'      |   \x1b[01;36m\x1b[K^~~~~~~~~~~~~~~~~~~~~~~~~~~~~~~~~~~~~~\x1b[m\x1b[K\n'}
[1.528009] (eigen_checks) StderrLine: {'line': b'\x1b[01m\x1b[K/home/carbs/hdvio2.0/eigen_checks/include/eigen-checks/glog.h:41:30:\x1b[m\x1b[K \x1b[01;36m\x1b[Knote: \x1b[m\x1b[Kin expansion of macro \xe2\x80\x98\x1b[01m\x1b[KINTERNAL_EIGEN_CHECKS_MAKE_VAR\x1b[m\x1b[K\xe2\x80\x99\n'}
[1.528091] (eigen_checks) StderrLine: {'line': b'   41 |   ::testing::AssertionResult \x1b[01;36m\x1b[KINTERNAL_EIGEN_CHECKS_MAKE_VAR\x1b[m\x1b[K(                 \\\n'}
[1.528170] (eigen_checks) StderrLine: {'line': b'      |                              \x1b[01;36m\x1b[K^~~~~~~~~~~~~~~~~~~~~~~~~~~~~~\x1b[m\x1b[K\n'}
[1.528250] (eigen_checks) StderrLine: {'line': b'\x1b[01m\x1b[K/home/carbs/hdvio2.0/eigen_checks/include/eigen-checks/glog.h:54:3:\x1b[m\x1b[K \x1b[01;36m\x1b[Knote: \x1b[m\x1b[Kin expansion of macro \xe2\x80\x98\x1b[01m\x1b[KINTERNAL_EIGEN_CHECKS_MAKE_GLOG_CHECK\x1b[m\x1b[K\xe2\x80\x99\n'}
[1.528334] (eigen_checks) StderrLine: {'line': b'   54 |   \x1b[01;36m\x1b[KINTERNAL_EIGEN_CHECKS_MAKE_GLOG_CHECK\x1b[m\x1b[K(                                     \\\n'}
[1.528419] (eigen_checks) StderrLine: {'line': b'      |   \x1b[01;36m\x1b[K^~~~~~~~~~~~~~~~~~~~~~~~~~~~~~~~~~~~~\x1b[m\x1b[K\n'}
[1.528506] (eigen_checks) StderrLine: {'line': b'\x1b[01m\x1b[K/home/carbs/hdvio2.0/eigen_checks/test/test_glog-equal-double.cc:68:7:\x1b[m\x1b[K \x1b[01;36m\x1b[Knote: \x1b[m\x1b[Kin expansion of macro \xe2\x80\x98\x1b[01m\x1b[KCHECK_EIGEN_MATRIX_EQUAL_DOUBLE\x1b[m\x1b[K\xe2\x80\x99\n'}
[1.528591] (eigen_checks) StderrLine: {'line': b'   68 |       \x1b[01;36m\x1b[KCHECK_EIGEN_MATRIX_EQUAL_DOUBLE\x1b[m\x1b[K(this->ground_truth_vector_5,\n'}
[1.528691] (eigen_checks) StderrLine: {'line': b'      |       \x1b[01;36m\x1b[K^~~~~~~~~~~~~~~~~~~~~~~~~~~~~~~\x1b[m\x1b[K\n'}
[1.528784] (eigen_checks) StderrLine: {'line': b'\x1b[01m\x1b[K/home/carbs/hdvio2.0/eigen_checks/test/test_helper.h:136:16:\x1b[m\x1b[K \x1b[01;36m\x1b[Knote: \x1b[m\x1b[Kto match this \xe2\x80\x98\x1b[01m\x1b[K(\x1b[m\x1b[K\xe2\x80\x99\n'}
[1.528868] (eigen_checks) StderrLine: {'line': b'  136 |   EXPECT_DEATH(\x1b[01;36m\x1b[K(\x1b[m\x1b[KX), "^")  // ^The matrices are different$\n'}
[1.528945] (eigen_checks) StderrLine: {'line': b'      |                \x1b[01;36m\x1b[K^\x1b[m\x1b[K\n'}
[1.529026] (eigen_checks) StderrLine: {'line': b'\x1b[01m\x1b[K/home/carbs/hdvio2.0/eigen_checks/test/test_glog-equal-double.cc:67:3:\x1b[m\x1b[K \x1b[01;36m\x1b[Knote: \x1b[m\x1b[Kin expansion of macro \xe2\x80\x98\x1b[01m\x1b[KGLOG_TEST_EXPECT_DEATH_DIFFERENT_DATA\x1b[m\x1b[K\xe2\x80\x99\n'}
[1.529110] (eigen_checks) StderrLine: {'line': b'   67 |   \x1b[01;36m\x1b[KGLOG_TEST_EXPECT_DEATH_DIFFERENT_DATA\x1b[m\x1b[K(\n'}
[1.529191] (eigen_checks) StderrLine: {'line': b'      |   \x1b[01;36m\x1b[K^~~~~~~~~~~~~~~~~~~~~~~~~~~~~~~~~~~~~\x1b[m\x1b[K\n'}
[1.529272] (eigen_checks) StderrLine: {'line': b'\x1b[01m\x1b[K/home/carbs/hdvio2.0/eigen_checks/include/eigen-checks/glog.h:43:58:\x1b[m\x1b[K \x1b[01;31m\x1b[Kerror: \x1b[m\x1b[K\xe2\x80\x98\x1b[01m\x1b[Kresult_41\x1b[m\x1b[K\xe2\x80\x99 was not declared in this scope\n'}
[1.529367] (eigen_checks) StderrLine: {'line': b'   43 |   CHECK(static_cast<bool>(INTERNAL_EIGEN_CHECKS_MAKE_VAR(\x1b[01;31m\x1b[Kresult_\x1b[m\x1b[K, __LINE__)))\\\n'}
[1.529450] (eigen_checks) StderrLine: {'line': b'      |                                                          \x1b[01;31m\x1b[K^~~~~~~\x1b[m\x1b[K\n'}
[1.529533] (eigen_checks) StderrLine: {'line': b'\x1b[01m\x1b[K/home/carbs/hdvio2.0/eigen_checks/test/test_glog-zero-sized-types.cc:41:3:\x1b[m\x1b[K \x1b[01;36m\x1b[Knote: \x1b[m\x1b[Kin expansion of macro \xe2\x80\x98\x1b[01m\x1b[KGLOG_TEST_EXPECT_DEATH_DIFFERENT_DATA\x1b[m\x1b[K\xe2\x80\x99\n'}
[1.529620] (eigen_checks) StderrLine: {'line': b'   41 |   \x1b[01;36m\x1b[KGLOG_TEST_EXPECT_DEATH_DIFFERENT_DATA\x1b[m\x1b[K(CHECK_EIGEN_MATRIX_NEAR(A, B, 0.01));\n'}
[1.529723] (eigen_checks) StderrLine: {'line': b'      |   \x1b[01;36m\x1b[K^~~~~~~~~~~~~~~~~~~~~~~~~~~~~~~~~~~~~\x1b[m\x1b[K\n'}
[1.529804] (eigen_checks) StderrLine: {'line': b'\x1b[01m\x1b[K/home/carbs/hdvio2.0/eigen_checks/include/eigen-checks/glog.h:38:3:\x1b[m\x1b[K \x1b[01;36m\x1b[Knote: \x1b[m\x1b[Kin expansion of macro \xe2\x80\x98\x1b[01m\x1b[KINTERNAL_EIGEN_CHECKS_LOCAL_UNIQUE_VAR\x1b[m\x1b[K\xe2\x80\x99\n'}
[1.529884] (eigen_checks) StderrLine: {'line': b'   38 |   \x1b[01;36m\x1b[KINTERNAL_EIGEN_CHECKS_LOCAL_UNIQUE_VAR\x1b[m\x1b[K(var, line)\n'}
[1.529965] (eigen_checks) StderrLine: {'line': b'      |   \x1b[01;36m\x1b[K^~~~~~~~~~~~~~~~~~~~~~~~~~~~~~~~~~~~~~\x1b[m\x1b[K\n'}
[1.530048] (eigen_checks) StderrLine: {'line': b'\x1b[01m\x1b[K/home/carbs/hdvio2.0/eigen_checks/include/eigen-checks/glog.h:43:27:\x1b[m\x1b[K \x1b[01;36m\x1b[Knote: \x1b[m\x1b[Kin expansion of macro \xe2\x80\x98\x1b[01m\x1b[KINTERNAL_EIGEN_CHECKS_MAKE_VAR\x1b[m\x1b[K\xe2\x80\x99\n'}
[1.530132] (eigen_checks) StderrLine: {'line': b'   43 |   CHECK(static_cast<bool>(\x1b[01;36m\x1b[KINTERNAL_EIGEN_CHECKS_MAKE_VAR\x1b[m\x1b[K(result_, __LINE__)))\\\n'}
[1.530216] (eigen_checks) StderrLine: {'line': b'      |                           \x1b[01;36m\x1b[K^~~~~~~~~~~~~~~~~~~~~~~~~~~~~~\x1b[m\x1b[K\n'}
[1.530297] (eigen_checks) StderrLine: {'line': b'\x1b[01m\x1b[K/home/carbs/hdvio2.0/eigen_checks/include/eigen-checks/glog.h:63:3:\x1b[m\x1b[K \x1b[01;36m\x1b[Knote: \x1b[m\x1b[Kin expansion of macro \xe2\x80\x98\x1b[01m\x1b[KINTERNAL_EIGEN_CHECKS_MAKE_GLOG_CHECK\x1b[m\x1b[K\xe2\x80\x99\n'}
[1.530393] (eigen_checks) StderrLine: {'line': b'   63 |   \x1b[01;36m\x1b[KINTERNAL_EIGEN_CHECKS_MAKE_GLOG_CHECK\x1b[m\x1b[K(                                     \\\n'}
[1.530479] (eigen_checks) StderrLine: {'line': b'      |   \x1b[01;36m\x1b[K^~~~~~~~~~~~~~~~~~~~~~~~~~~~~~~~~~~~~\x1b[m\x1b[K\n'}
[1.530556] (eigen_checks) StderrLine: {'line': b'\x1b[01m\x1b[K/home/carbs/hdvio2.0/eigen_checks/test/test_glog-zero-sized-types.cc:41:41:\x1b[m\x1b[K \x1b[01;36m\x1b[Knote: \x1b[m\x1b[Kin expansion of macro \xe2\x80\x98\x1b[01m\x1b[KCHECK_EIGEN_MATRIX_NEAR\x1b[m\x1b[K\xe2\x80\x99\n'}
[1.530631] (eigen_checks) StderrLine: {'line': b'   41 |   GLOG_TEST_EXPECT_DEATH_DIFFERENT_DATA(\x1b[01;36m\x1b[KCHECK_EIGEN_MATRIX_NEAR\x1b[m\x1b[K(A, B, 0.01));\n'}
[1.530733] (eigen_checks) StderrLine: {'line': b'      |                                         \x1b[01;36m\x1b[K^~~~~~~~~~~~~~~~~~~~~~~\x1b[m\x1b[K\n'}
[1.530823] (eigen_checks) StderrLine: {'line': b'\x1b[01m\x1b[K/home/carbs/hdvio2.0/eigen_checks/include/eigen-checks/glog.h:43:58:\x1b[m\x1b[K \x1b[01;31m\x1b[Kerror: \x1b[m\x1b[K\xe2\x80\x98\x1b[01m\x1b[Kresult_68\x1b[m\x1b[K\xe2\x80\x99 was not declared in this scope\n'}
[1.530916] (eigen_checks) StderrLine: {'line': b'   43 |   CHECK(static_cast<bool>(INTERNAL_EIGEN_CHECKS_MAKE_VAR(\x1b[01;31m\x1b[Kresult_\x1b[m\x1b[K, __LINE__)))\\\n'}
[1.531002] (eigen_checks) StderrLine: {'line': b'      |                                                          \x1b[01;31m\x1b[K^~~~~~~\x1b[m\x1b[K\n'}
[1.531089] (eigen_checks) StderrLine: {'line': b'\x1b[01m\x1b[K/home/carbs/hdvio2.0/eigen_checks/test/test_glog-equal-double.cc:67:3:\x1b[m\x1b[K \x1b[01;36m\x1b[Knote: \x1b[m\x1b[Kin expansion of macro \xe2\x80\x98\x1b[01m\x1b[KGLOG_TEST_EXPECT_DEATH_DIFFERENT_DATA\x1b[m\x1b[K\xe2\x80\x99\n'}
[1.531183] (eigen_checks) StderrLine: {'line': b'   67 |   \x1b[01;36m\x1b[KGLOG_TEST_EXPECT_DEATH_DIFFERENT_DATA\x1b[m\x1b[K(\n'}
[1.531279] (eigen_checks) StderrLine: {'line': b'      |   \x1b[01;36m\x1b[K^~~~~~~~~~~~~~~~~~~~~~~~~~~~~~~~~~~~~\x1b[m\x1b[K\n'}
[1.531364] (eigen_checks) StderrLine: {'line': b'\x1b[01m\x1b[K/home/carbs/hdvio2.0/eigen_checks/include/eigen-checks/glog.h:38:3:\x1b[m\x1b[K \x1b[01;36m\x1b[Knote: \x1b[m\x1b[Kin expansion of macro \xe2\x80\x98\x1b[01m\x1b[KINTERNAL_EIGEN_CHECKS_LOCAL_UNIQUE_VAR\x1b[m\x1b[K\xe2\x80\x99\n'}
[1.531448] (eigen_checks) StderrLine: {'line': b'   38 |   \x1b[01;36m\x1b[KINTERNAL_EIGEN_CHECKS_LOCAL_UNIQUE_VAR\x1b[m\x1b[K(var, line)\n'}
[1.531536] (eigen_checks) StderrLine: {'line': b'      |   \x1b[01;36m\x1b[K^~~~~~~~~~~~~~~~~~~~~~~~~~~~~~~~~~~~~~\x1b[m\x1b[K\n'}
[1.531618] (eigen_checks) StderrLine: {'line': b'\x1b[01m\x1b[K/home/carbs/hdvio2.0/eigen_checks/include/eigen-checks/glog.h:43:27:\x1b[m\x1b[K \x1b[01;36m\x1b[Knote: \x1b[m\x1b[Kin expansion of macro \xe2\x80\x98\x1b[01m\x1b[KINTERNAL_EIGEN_CHECKS_MAKE_VAR\x1b[m\x1b[K\xe2\x80\x99\n'}
[1.531725] (eigen_checks) StderrLine: {'line': b'   43 |   CHECK(static_cast<bool>(\x1b[01;36m\x1b[KINTERNAL_EIGEN_CHECKS_MAKE_VAR\x1b[m\x1b[K(result_, __LINE__)))\\\n'}
[1.531804] (eigen_checks) StderrLine: {'line': b'      |                           \x1b[01;36m\x1b[K^~~~~~~~~~~~~~~~~~~~~~~~~~~~~~\x1b[m\x1b[K\n'}
[1.531880] (eigen_checks) StderrLine: {'line': b'\x1b[01m\x1b[K/home/carbs/hdvio2.0/eigen_checks/include/eigen-checks/glog.h:54:3:\x1b[m\x1b[K \x1b[01;36m\x1b[Knote: \x1b[m\x1b[Kin expansion of macro \xe2\x80\x98\x1b[01m\x1b[KINTERNAL_EIGEN_CHECKS_MAKE_GLOG_CHECK\x1b[m\x1b[K\xe2\x80\x99\n'}
[1.531956] (eigen_checks) StderrLine: {'line': b'   54 |   \x1b[01;36m\x1b[KINTERNAL_EIGEN_CHECKS_MAKE_GLOG_CHECK\x1b[m\x1b[K(                                     \\\n'}
[1.532038] (eigen_checks) StderrLine: {'line': b'      |   \x1b[01;36m\x1b[K^~~~~~~~~~~~~~~~~~~~~~~~~~~~~~~~~~~~~\x1b[m\x1b[K\n'}
[1.532119] (eigen_checks) StderrLine: {'line': b'\x1b[01m\x1b[K/home/carbs/hdvio2.0/eigen_checks/test/test_glog-equal-double.cc:68:7:\x1b[m\x1b[K \x1b[01;36m\x1b[Knote: \x1b[m\x1b[Kin expansion of macro \xe2\x80\x98\x1b[01m\x1b[KCHECK_EIGEN_MATRIX_EQUAL_DOUBLE\x1b[m\x1b[K\xe2\x80\x99\n'}
[1.532204] (eigen_checks) StderrLine: {'line': b'   68 |       \x1b[01;36m\x1b[KCHECK_EIGEN_MATRIX_EQUAL_DOUBLE\x1b[m\x1b[K(this->ground_truth_vector_5,\n'}
[1.532286] (eigen_checks) StderrLine: {'line': b'      |       \x1b[01;36m\x1b[K^~~~~~~~~~~~~~~~~~~~~~~~~~~~~~~\x1b[m\x1b[K\n'}
[1.532374] (eigen_checks) StderrLine: {'line': b'\x1b[01m\x1b[K/home/carbs/hdvio2.0/eigen_checks/test/test_glog-equal-double.cc:\x1b[m\x1b[K In member function \xe2\x80\x98\x1b[01m\x1b[Kvirtual void EigenChecks_EigenMatrixEqualDoubleGLog_Vector_Near5_Test<gtest_TypeParam_>::TestBody()\x1b[m\x1b[K\xe2\x80\x99:\n'}
[1.532473] (eigen_checks) StderrLine: {'line': b'\x1b[01m\x1b[K/home/carbs/hdvio2.0/eigen_checks/include/eigen-checks/glog.h:42:7:\x1b[m\x1b[K \x1b[01;31m\x1b[Kerror: \x1b[m\x1b[Kexpected primary-expression before \xe2\x80\x98\x1b[01m\x1b[Kresult_74\x1b[m\x1b[K\xe2\x80\x99\n'}
[1.532558] (eigen_checks) StderrLine: {'line': b'   42 |       \x1b[01;31m\x1b[Kresult_\x1b[m\x1b[K, __LINE__) = (X);                                              \\\n'}
[1.532648] (eigen_checks) StderrLine: {'line': b'      |       \x1b[01;31m\x1b[K^~~~~~~\x1b[m\x1b[K\n'}
[1.532743] (eigen_checks) StderrLine: {'line': b'\x1b[01m\x1b[K/home/carbs/hdvio2.0/eigen_checks/test/test_glog-equal-double.cc:73:3:\x1b[m\x1b[K \x1b[01;36m\x1b[Knote: \x1b[m\x1b[Kin expansion of macro \xe2\x80\x98\x1b[01m\x1b[KGLOG_TEST_EXPECT_DEATH_DIFFERENT_DATA\x1b[m\x1b[K\xe2\x80\x99\n'}
[1.532828] (eigen_checks) StderrLine: {'line': b'   73 |   \x1b[01;36m\x1b[KGLOG_TEST_EXPECT_DEATH_DIFFERENT_DATA\x1b[m\x1b[K(\n'}
[1.532919] (eigen_checks) StderrLine: {'line': b'      |   \x1b[01;36m\x1b[K^~~~~~~~~~~~~~~~~~~~~~~~~~~~~~~~~~~~~\x1b[m\x1b[K\n'}
[1.533003] (eigen_checks) StderrLine: {'line': b'\x1b[01m\x1b[K/home/carbs/hdvio2.0/eigen_checks/include/eigen-checks/glog.h:38:3:\x1b[m\x1b[K \x1b[01;36m\x1b[Knote: \x1b[m\x1b[Kin expansion of macro \xe2\x80\x98\x1b[01m\x1b[KINTERNAL_EIGEN_CHECKS_LOCAL_UNIQUE_VAR\x1b[m\x1b[K\xe2\x80\x99\n'}
[1.533090] (eigen_checks) StderrLine: {'line': b'   38 |   \x1b[01;36m\x1b[KINTERNAL_EIGEN_CHECKS_LOCAL_UNIQUE_VAR\x1b[m\x1b[K(var, line)\n'}
[1.533177] (eigen_checks) StderrLine: {'line': b'      |   \x1b[01;36m\x1b[K^~~~~~~~~~~~~~~~~~~~~~~~~~~~~~~~~~~~~~\x1b[m\x1b[K\n'}
[1.533270] (eigen_checks) StderrLine: {'line': b'\x1b[01m\x1b[K/home/carbs/hdvio2.0/eigen_checks/include/eigen-checks/glog.h:41:30:\x1b[m\x1b[K \x1b[01;36m\x1b[Knote: \x1b[m\x1b[Kin expansion of macro \xe2\x80\x98\x1b[01m\x1b[KINTERNAL_EIGEN_CHECKS_MAKE_VAR\x1b[m\x1b[K\xe2\x80\x99\n'}
[1.533359] (eigen_checks) StderrLine: {'line': b'   41 |   ::testing::AssertionResult \x1b[01;36m\x1b[KINTERNAL_EIGEN_CHECKS_MAKE_VAR\x1b[m\x1b[K(                 \\\n'}
[1.533439] (eigen_checks) StderrLine: {'line': b'      |                              \x1b[01;36m\x1b[K^~~~~~~~~~~~~~~~~~~~~~~~~~~~~~\x1b[m\x1b[K\n'}
[1.533520] (eigen_checks) StderrLine: {'line': b'\x1b[01m\x1b[K/home/carbs/hdvio2.0/eigen_checks/include/eigen-checks/glog.h:54:3:\x1b[m\x1b[K \x1b[01;36m\x1b[Knote: \x1b[m\x1b[Kin expansion of macro \xe2\x80\x98\x1b[01m\x1b[KINTERNAL_EIGEN_CHECKS_MAKE_GLOG_CHECK\x1b[m\x1b[K\xe2\x80\x99\n'}
[1.533604] (eigen_checks) StderrLine: {'line': b'   54 |   \x1b[01;36m\x1b[KINTERNAL_EIGEN_CHECKS_MAKE_GLOG_CHECK\x1b[m\x1b[K(                                     \\\n'}
[1.533704] (eigen_checks) StderrLine: {'line': b'      |   \x1b[01;36m\x1b[K^~~~~~~~~~~~~~~~~~~~~~~~~~~~~~~~~~~~~\x1b[m\x1b[K\n'}
[1.533791] (eigen_checks) StderrLine: {'line': b'\x1b[01m\x1b[K/home/carbs/hdvio2.0/eigen_checks/test/test_glog-equal-double.cc:74:7:\x1b[m\x1b[K \x1b[01;36m\x1b[Knote: \x1b[m\x1b[Kin expansion of macro \xe2\x80\x98\x1b[01m\x1b[KCHECK_EIGEN_MATRIX_EQUAL_DOUBLE\x1b[m\x1b[K\xe2\x80\x99\n'}
[1.533876] (eigen_checks) StderrLine: {'line': b'   74 |       \x1b[01;36m\x1b[KCHECK_EIGEN_MATRIX_EQUAL_DOUBLE\x1b[m\x1b[K(this->ground_truth_vector_5,\n'}
[1.533964] (eigen_checks) StderrLine: {'line': b'      |       \x1b[01;36m\x1b[K^~~~~~~~~~~~~~~~~~~~~~~~~~~~~~~\x1b[m\x1b[K\n'}
[1.534047] (eigen_checks) StderrLine: {'line': b'\x1b[01m\x1b[K/home/carbs/hdvio2.0/eigen_checks/include/eigen-checks/glog.h:42:7:\x1b[m\x1b[K \x1b[01;31m\x1b[Kerror: \x1b[m\x1b[Kexpected \xe2\x80\x98\x1b[01m\x1b[K)\x1b[m\x1b[K\xe2\x80\x99 before \xe2\x80\x98\x1b[01m\x1b[Kresult_74\x1b[m\x1b[K\xe2\x80\x99\n'}
[1.534128] (eigen_checks) StderrLine: {'line': b'   42 |       \x1b[01;31m\x1b[Kresult_\x1b[m\x1b[K, __LINE__) = (X);                                              \\\n'}
[1.534210] (eigen_checks) StderrLine: {'line': b'      |       \x1b[01;31m\x1b[K^~~~~~~\x1b[m\x1b[K\n'}
[1.534291] (eigen_checks) StderrLine: {'line': b'\x1b[01m\x1b[K/home/carbs/hdvio2.0/eigen_checks/test/test_glog-equal-double.cc:73:3:\x1b[m\x1b[K \x1b[01;36m\x1b[Knote: \x1b[m\x1b[Kin expansion of macro \xe2\x80\x98\x1b[01m\x1b[KGLOG_TEST_EXPECT_DEATH_DIFFERENT_DATA\x1b[m\x1b[K\xe2\x80\x99\n'}
[1.534374] (eigen_checks) StderrLine: {'line': b'   73 |   \x1b[01;36m\x1b[KGLOG_TEST_EXPECT_DEATH_DIFFERENT_DATA\x1b[m\x1b[K(\n'}
[1.534459] (eigen_checks) StderrLine: {'line': b'      |   \x1b[01;36m\x1b[K^~~~~~~~~~~~~~~~~~~~~~~~~~~~~~~~~~~~~\x1b[m\x1b[K\n'}
[1.534537] (eigen_checks) StderrLine: {'line': b'\x1b[01m\x1b[K/home/carbs/hdvio2.0/eigen_checks/include/eigen-checks/glog.h:38:3:\x1b[m\x1b[K \x1b[01;36m\x1b[Knote: \x1b[m\x1b[Kin expansion of macro \xe2\x80\x98\x1b[01m\x1b[KINTERNAL_EIGEN_CHECKS_LOCAL_UNIQUE_VAR\x1b[m\x1b[K\xe2\x80\x99\n'}
[1.534613] (eigen_checks) StderrLine: {'line': b'   38 |   \x1b[01;36m\x1b[KINTERNAL_EIGEN_CHECKS_LOCAL_UNIQUE_VAR\x1b[m\x1b[K(var, line)\n'}
[1.534714] (eigen_checks) StderrLine: {'line': b'      |   \x1b[01;36m\x1b[K^~~~~~~~~~~~~~~~~~~~~~~~~~~~~~~~~~~~~~\x1b[m\x1b[K\n'}
[1.534791] (eigen_checks) StderrLine: {'line': b'\x1b[01m\x1b[K/home/carbs/hdvio2.0/eigen_checks/include/eigen-checks/glog.h:41:30:\x1b[m\x1b[K \x1b[01;36m\x1b[Knote: \x1b[m\x1b[Kin expansion of macro \xe2\x80\x98\x1b[01m\x1b[KINTERNAL_EIGEN_CHECKS_MAKE_VAR\x1b[m\x1b[K\xe2\x80\x99\n'}
[1.534865] (eigen_checks) StderrLine: {'line': b'   41 |   ::testing::AssertionResult \x1b[01;36m\x1b[KINTERNAL_EIGEN_CHECKS_MAKE_VAR\x1b[m\x1b[K(                 \\\n'}
[1.534939] (eigen_checks) StderrLine: {'line': b'      |                              \x1b[01;36m\x1b[K^~~~~~~~~~~~~~~~~~~~~~~~~~~~~~\x1b[m\x1b[K\n'}
[1.535015] (eigen_checks) StderrLine: {'line': b'\x1b[01m\x1b[K/home/carbs/hdvio2.0/eigen_checks/include/eigen-checks/glog.h:54:3:\x1b[m\x1b[K \x1b[01;36m\x1b[Knote: \x1b[m\x1b[Kin expansion of macro \xe2\x80\x98\x1b[01m\x1b[KINTERNAL_EIGEN_CHECKS_MAKE_GLOG_CHECK\x1b[m\x1b[K\xe2\x80\x99\n'}
[1.535101] (eigen_checks) StderrLine: {'line': b'   54 |   \x1b[01;36m\x1b[KINTERNAL_EIGEN_CHECKS_MAKE_GLOG_CHECK\x1b[m\x1b[K(                                     \\\n'}
[1.535184] (eigen_checks) StderrLine: {'line': b'      |   \x1b[01;36m\x1b[K^~~~~~~~~~~~~~~~~~~~~~~~~~~~~~~~~~~~~\x1b[m\x1b[K\n'}
[1.535263] (eigen_checks) StderrLine: {'line': b'\x1b[01m\x1b[K/home/carbs/hdvio2.0/eigen_checks/test/test_glog-equal-double.cc:74:7:\x1b[m\x1b[K \x1b[01;36m\x1b[Knote: \x1b[m\x1b[Kin expansion of macro \xe2\x80\x98\x1b[01m\x1b[KCHECK_EIGEN_MATRIX_EQUAL_DOUBLE\x1b[m\x1b[K\xe2\x80\x99\n'}
[1.535347] (eigen_checks) StderrLine: {'line': b'   74 |       \x1b[01;36m\x1b[KCHECK_EIGEN_MATRIX_EQUAL_DOUBLE\x1b[m\x1b[K(this->ground_truth_vector_5,\n'}
[1.535437] (eigen_checks) StderrLine: {'line': b'      |       \x1b[01;36m\x1b[K^~~~~~~~~~~~~~~~~~~~~~~~~~~~~~~\x1b[m\x1b[K\n'}
[1.535515] (eigen_checks) StderrLine: {'line': b'\x1b[01m\x1b[K/home/carbs/hdvio2.0/eigen_checks/test/test_helper.h:136:16:\x1b[m\x1b[K \x1b[01;36m\x1b[Knote: \x1b[m\x1b[Kto match this \xe2\x80\x98\x1b[01m\x1b[K(\x1b[m\x1b[K\xe2\x80\x99\n'}
[1.535597] (eigen_checks) StderrLine: {'line': b'  136 |   EXPECT_DEATH(\x1b[01;36m\x1b[K(\x1b[m\x1b[KX), "^")  // ^The matrices are different$\n'}
[1.535694] (eigen_checks) StderrLine: {'line': b'      |                \x1b[01;36m\x1b[K^\x1b[m\x1b[K\n'}
[1.535779] (eigen_checks) StderrLine: {'line': b'\x1b[01m\x1b[K/home/carbs/hdvio2.0/eigen_checks/test/test_glog-equal-double.cc:73:3:\x1b[m\x1b[K \x1b[01;36m\x1b[Knote: \x1b[m\x1b[Kin expansion of macro \xe2\x80\x98\x1b[01m\x1b[KGLOG_TEST_EXPECT_DEATH_DIFFERENT_DATA\x1b[m\x1b[K\xe2\x80\x99\n'}
[1.535853] (eigen_checks) StderrLine: {'line': b'   73 |   \x1b[01;36m\x1b[KGLOG_TEST_EXPECT_DEATH_DIFFERENT_DATA\x1b[m\x1b[K(\n'}
[1.535936] (eigen_checks) StderrLine: {'line': b'      |   \x1b[01;36m\x1b[K^~~~~~~~~~~~~~~~~~~~~~~~~~~~~~~~~~~~~\x1b[m\x1b[K\n'}
[1.536020] (eigen_checks) StderrLine: {'line': b'\x1b[01m\x1b[K/home/carbs/hdvio2.0/eigen_checks/include/eigen-checks/glog.h:43:58:\x1b[m\x1b[K \x1b[01;31m\x1b[Kerror: \x1b[m\x1b[K\xe2\x80\x98\x1b[01m\x1b[Kresult_74\x1b[m\x1b[K\xe2\x80\x99 was not declared in this scope\n'}
[1.536116] (eigen_checks) StderrLine: {'line': b'   43 |   CHECK(static_cast<bool>(INTERNAL_EIGEN_CHECKS_MAKE_VAR(\x1b[01;31m\x1b[Kresult_\x1b[m\x1b[K, __LINE__)))\\\n'}
[1.536201] (eigen_checks) StderrLine: {'line': b'      |                                                          \x1b[01;31m\x1b[K^~~~~~~\x1b[m\x1b[K\n'}
[1.536286] (eigen_checks) StderrLine: {'line': b'\x1b[01m\x1b[K/home/carbs/hdvio2.0/eigen_checks/test/test_glog-equal-double.cc:73:3:\x1b[m\x1b[K \x1b[01;36m\x1b[Knote: \x1b[m\x1b[Kin expansion of macro \xe2\x80\x98\x1b[01m\x1b[KGLOG_TEST_EXPECT_DEATH_DIFFERENT_DATA\x1b[m\x1b[K\xe2\x80\x99\n'}
[1.536371] (eigen_checks) StderrLine: {'line': b'   73 |   \x1b[01;36m\x1b[KGLOG_TEST_EXPECT_DEATH_DIFFERENT_DATA\x1b[m\x1b[K(\n'}
[1.536459] (eigen_checks) StderrLine: {'line': b'      |   \x1b[01;36m\x1b[K^~~~~~~~~~~~~~~~~~~~~~~~~~~~~~~~~~~~~\x1b[m\x1b[K\n'}
[1.536552] (eigen_checks) StderrLine: {'line': b'\x1b[01m\x1b[K/home/carbs/hdvio2.0/eigen_checks/include/eigen-checks/glog.h:38:3:\x1b[m\x1b[K \x1b[01;36m\x1b[Knote: \x1b[m\x1b[Kin expansion of macro \xe2\x80\x98\x1b[01m\x1b[KINTERNAL_EIGEN_CHECKS_LOCAL_UNIQUE_VAR\x1b[m\x1b[K\xe2\x80\x99\n'}
[1.536638] (eigen_checks) StderrLine: {'line': b'   38 |   \x1b[01;36m\x1b[KINTERNAL_EIGEN_CHECKS_LOCAL_UNIQUE_VAR\x1b[m\x1b[K(var, line)\n'}
[1.536744] (eigen_checks) StderrLine: {'line': b'      |   \x1b[01;36m\x1b[K^~~~~~~~~~~~~~~~~~~~~~~~~~~~~~~~~~~~~~\x1b[m\x1b[K\n'}
[1.536829] (eigen_checks) StderrLine: {'line': b'\x1b[01m\x1b[K/home/carbs/hdvio2.0/eigen_checks/include/eigen-checks/glog.h:43:27:\x1b[m\x1b[K \x1b[01;36m\x1b[Knote: \x1b[m\x1b[Kin expansion of macro \xe2\x80\x98\x1b[01m\x1b[KINTERNAL_EIGEN_CHECKS_MAKE_VAR\x1b[m\x1b[K\xe2\x80\x99\n'}
[1.536911] (eigen_checks) StderrLine: {'line': b'   43 |   CHECK(static_cast<bool>(\x1b[01;36m\x1b[KINTERNAL_EIGEN_CHECKS_MAKE_VAR\x1b[m\x1b[K(result_, __LINE__)))\\\n'}
[1.536990] (eigen_checks) StderrLine: {'line': b'      |                           \x1b[01;36m\x1b[K^~~~~~~~~~~~~~~~~~~~~~~~~~~~~~\x1b[m\x1b[K\n'}
[1.537058] (eigen_checks) StderrLine: {'line': b'\x1b[01m\x1b[K/home/carbs/hdvio2.0/eigen_checks/include/eigen-checks/glog.h:54:3:\x1b[m\x1b[K \x1b[01;36m\x1b[Knote: \x1b[m\x1b[Kin expansion of macro \xe2\x80\x98\x1b[01m\x1b[KINTERNAL_EIGEN_CHECKS_MAKE_GLOG_CHECK\x1b[m\x1b[K\xe2\x80\x99\n'}
[1.537153] (eigen_checks) StderrLine: {'line': b'   54 |   \x1b[01;36m\x1b[KINTERNAL_EIGEN_CHECKS_MAKE_GLOG_CHECK\x1b[m\x1b[K(                                     \\\n'}
[1.537238] (eigen_checks) StderrLine: {'line': b'      |   \x1b[01;36m\x1b[K^~~~~~~~~~~~~~~~~~~~~~~~~~~~~~~~~~~~~\x1b[m\x1b[K\n'}
[1.537326] (eigen_checks) StderrLine: {'line': b'\x1b[01m\x1b[K/home/carbs/hdvio2.0/eigen_checks/test/test_glog-equal-double.cc:74:7:\x1b[m\x1b[K \x1b[01;36m\x1b[Knote: \x1b[m\x1b[Kin expansion of macro \xe2\x80\x98\x1b[01m\x1b[KCHECK_EIGEN_MATRIX_EQUAL_DOUBLE\x1b[m\x1b[K\xe2\x80\x99\n'}
[1.537415] (eigen_checks) StderrLine: {'line': b'   74 |       \x1b[01;36m\x1b[KCHECK_EIGEN_MATRIX_EQUAL_DOUBLE\x1b[m\x1b[K(this->ground_truth_vector_5,\n'}
[1.537501] (eigen_checks) StderrLine: {'line': b'      |       \x1b[01;36m\x1b[K^~~~~~~~~~~~~~~~~~~~~~~~~~~~~~~\x1b[m\x1b[K\n'}
[1.603946] (-) TimerEvent: {}
[1.704307] (-) TimerEvent: {}
[1.721875] (eigen_checks) StderrLine: {'line': b'gmake[2]: *** [CMakeFiles/test_glog_zero_sized_types.dir/build.make:76: CMakeFiles/test_glog_zero_sized_types.dir/test/test_glog-zero-sized-types.cc.o] Error 1\n'}
[1.722197] (eigen_checks) StderrLine: {'line': b'gmake[1]: *** [CMakeFiles/Makefile2:427: CMakeFiles/test_glog_zero_sized_types.dir/all] Error 2\n'}
[1.722300] (eigen_checks) StderrLine: {'line': b'gmake[1]: *** Waiting for unfinished jobs....\n'}
[1.804424] (-) TimerEvent: {}
[1.871789] (eigen_checks) StdoutLine: {'line': b'[ 65%] \x1b[32m\x1b[1mLinking CXX executable test_gtest_zero_sized_types\x1b[0m\n'}
[1.904533] (-) TimerEvent: {}
[2.004905] (-) TimerEvent: {}
[2.035539] (eigen_checks) StdoutLine: {'line': b'[ 65%] Built target test_gtest_zero_sized_types\n'}
[2.105025] (-) TimerEvent: {}
[2.205386] (-) TimerEvent: {}
[2.305723] (-) TimerEvent: {}
[2.310238] (eigen_checks) StderrLine: {'line': b'gmake[2]: *** [CMakeFiles/test_glog_equal.dir/build.make:76: CMakeFiles/test_glog_equal.dir/test/test_glog-equal.cc.o] Error 1\n'}
[2.310622] (eigen_checks) StderrLine: {'line': b'gmake[1]: *** [CMakeFiles/Makefile2:343: CMakeFiles/test_glog_equal.dir/all] Error 2\n'}
[2.374716] (eigen_checks) StderrLine: {'line': b'gmake[2]: *** [CMakeFiles/test_glog_near.dir/build.make:76: CMakeFiles/test_glog_near.dir/test/test_glog-near.cc.o] Error 1\n'}
[2.374997] (eigen_checks) StderrLine: {'line': b'gmake[1]: *** [CMakeFiles/Makefile2:315: CMakeFiles/test_glog_near.dir/all] Error 2\n'}
[2.393955] (eigen_checks) StderrLine: {'line': b'gmake[2]: *** [CMakeFiles/test_glog_equal_double.dir/build.make:76: CMakeFiles/test_glog_equal_double.dir/test/test_glog-equal-double.cc.o] Error 1\n'}
[2.394295] (eigen_checks) StderrLine: {'line': b'gmake[1]: *** [CMakeFiles/Makefile2:399: CMakeFiles/test_glog_equal_double.dir/all] Error 2\n'}
[2.405827] (-) TimerEvent: {}
[2.416776] (eigen_checks) StderrLine: {'line': b'gmake[2]: *** [CMakeFiles/test_glog_zero.dir/build.make:76: CMakeFiles/test_glog_zero.dir/test/test_glog-zero.cc.o] Error 1\n'}
[2.417004] (eigen_checks) StderrLine: {'line': b'gmake[1]: *** [CMakeFiles/Makefile2:371: CMakeFiles/test_glog_zero.dir/all] Error 2\n'}
[2.505944] (-) TimerEvent: {}
[2.606258] (-) TimerEvent: {}
[2.706551] (-) TimerEvent: {}
[2.806841] (-) TimerEvent: {}
[2.907127] (-) TimerEvent: {}
[2.914451] (eigen_checks) StdoutLine: {'line': b'[ 69%] \x1b[32m\x1b[1mLinking CXX executable test_gtest_equal\x1b[0m\n'}
[2.923319] (eigen_checks) StdoutLine: {'line': b'[ 73%] \x1b[32m\x1b[1mLinking CXX executable test_gtest_equal_double\x1b[0m\n'}
[3.007437] (-) TimerEvent: {}
[3.086973] (eigen_checks) StdoutLine: {'line': b'[ 73%] Built target test_gtest_equal\n'}
[3.088280] (eigen_checks) StdoutLine: {'line': b'[ 73%] Built target test_gtest_equal_double\n'}
[3.107532] (-) TimerEvent: {}
[3.207929] (-) TimerEvent: {}
[3.308242] (-) TimerEvent: {}
[3.408531] (-) TimerEvent: {}
[3.508852] (-) TimerEvent: {}
[3.509765] (eigen_checks) StdoutLine: {'line': b'[ 76%] \x1b[32m\x1b[1mLinking CXX executable test_gtest_near\x1b[0m\n'}
[3.608917] (-) TimerEvent: {}
[3.662139] (eigen_checks) StdoutLine: {'line': b'[ 80%] \x1b[32m\x1b[1mLinking CXX executable test_gtest_zero\x1b[0m\n'}
[3.696050] (eigen_checks) StdoutLine: {'line': b'[ 80%] Built target test_gtest_near\n'}
[3.708995] (-) TimerEvent: {}
[3.809210] (-) TimerEvent: {}
[3.853279] (eigen_checks) StdoutLine: {'line': b'[ 80%] Built target test_gtest_zero\n'}
[3.855379] (eigen_checks) StderrLine: {'line': b'gmake: *** [Makefile:146: all] Error 2\n'}
[3.858225] (eigen_checks) CommandEnded: {'returncode': 2}
[3.869779] (eigen_checks) JobEnded: {'identifier': 'eigen_checks', 'rc': 2}
[3.966959] (-) TimerEvent: {}
[3.967077] (-) EventReactorShutdown: {}
